user_id,cant_mensajes,cant_llamadas,cant_minutos_llamada,first_name,last_name,age,city,reg_date,plan,churn_date,grupo_uso,grupo_edad
10000,7,3,23.700000000000003,Carlos,Garcia,38,Medellín,2022-01-01 00:00:00.000000000,Basico,,Uso medio,Adulto
10001,5,10,33.18,Mateo,Torres,53,,2022-01-01 06:34:17.914478619,Basico,,Alto uso,Adulto
10002,5,2,10.74,Sofia,Ramirez,57,CDMX,2022-01-01 13:08:35.828957239,Basico,,Uso medio,Adulto
10003,11,3,8.99,Mateo,Ramirez,69,Bogotá,2022-01-01 19:42:53.743435858,Premium,,Alto uso,Adulto Mayor
10004,4,3,8.01,Mateo,Torres,63,GDL,2022-01-02 02:17:11.657914478,Basico,,Bajo uso,Adulto Mayor
10005,5,7,44.97,Luis,Garcia,61,MTY,2022-01-02 08:51:29.572393098,Basico,,Uso medio,Adulto Mayor
10006,3,5,28.39,Sofia,Lopez,39,Bogotá,2022-01-02 15:25:47.486871717,Basico,,Uso medio,Adulto
10007,3,5,30.23,Sofia,Gomez,70,Medellín,2022-01-02 22:00:05.401350337,Premium,,Uso medio,Adulto Mayor
10008,5,5,28.85,Sofia,Garcia,76,CDMX,2022-01-03 04:34:23.315828957,Basico,,Uso medio,Adulto Mayor
10009,5,3,5.99,Mateo,Torres,47,Bogotá,2022-01-03 11:08:41.230307576,Basico,,Uso medio,Adulto
10010,7,7,24.12,Carlos,Gomez,67,Bogotá,2022-01-03 17:42:59.144786196,Basico,,Uso medio,Adulto Mayor
10011,10,3,6.51,Sofia,Ramirez,60,Bogotá,2022-01-04 00:17:17.059264816,Premium,,Alto uso,Adulto Mayor
10012,6,1,3.33,Mariana,Lopez,47,Medellín,2022-01-04 06:51:34.973743435,Premium,,Uso medio,Adulto
10013,9,5,23.93,Mateo,Ramirez,78,MTY,2022-01-04 13:25:52.888222055,Premium,,Uso medio,Adulto Mayor
10014,8,6,14.37,Luis,Torres,77,,2022-01-04 20:00:10.802700675,Basico,,Uso medio,Adulto Mayor
10015,4,5,27.27,Carlos,Gomez,47,Bogotá,2022-01-05 02:34:28.717179294,Basico,,Uso medio,Adulto
10016,3,2,18.310000000000002,Mariana,Torres,25,Bogotá,2022-01-05 09:08:46.631657914,Basico,,Bajo uso,Joven
10017,4,4,10.739999999999998,Mariana,Gomez,51,Cali,2022-01-05 15:43:04.546136534,Basico,,Bajo uso,Adulto
10018,6,4,12.97,Luis,Garcia,74,GDL,2022-01-05 22:17:22.460615153,Basico,,Uso medio,Adulto Mayor
10019,5,5,28.41,Carlos,Lopez,64,CDMX,2022-01-06 04:51:40.375093773,Basico,,Uso medio,Adulto Mayor
10020,6,4,9.12,Mateo,Garcia,26,Medellín,2022-01-06 11:25:58.289572393,Premium,,Uso medio,Joven
10021,7,7,46.46,Ana,Garcia,68,Bogotá,2022-01-06 18:00:16.204051012,Basico,,Uso medio,Adulto Mayor
10022,6,6,24.47,Carlos,Torres,37,,2022-01-07 00:34:34.118529632,Basico,,Uso medio,Adulto
10023,6,2,3.37,Luis,Lopez,57,,2022-01-07 07:08:52.033008252,Basico,,Uso medio,Adulto
10024,5,7,30.93,Mariana,Gomez,42,MTY,2022-01-07 13:43:09.947486871,Basico,,Uso medio,Adulto
10025,3,5,25.46,Mateo,Gomez,36,Bogotá,2022-01-07 20:17:27.861965491,Premium,,Uso medio,Adulto
10026,3,3,6.47,Carlos,Ramirez,22,Bogotá,2022-01-08 02:51:45.776444111,Premium,,Bajo uso,Joven
10027,8,7,84.77,Ana,Gomez,28,MTY,2022-01-08 09:26:03.690922730,Premium,,Uso medio,Joven
10028,5,1,2.94,Ana,Torres,32,Cali,2022-01-08 16:00:21.605401350,Basico,,Uso medio,Adulto
10029,8,2,5.7299999999999995,Sofia,Garcia,25,Cali,2022-01-08 22:34:39.519879970,Basico,,Uso medio,Joven
10030,7,4,16.03,Sofia,Garcia,36,Bogotá,2022-01-09 05:08:57.434358589,Basico,,Uso medio,Adulto
10031,8,2,6.45,Luis,Garcia,40,CDMX,2022-01-09 11:43:15.348837209,Premium,,Uso medio,Adulto
10032,8,2,19.119999999999997,Carlos,Lopez,44,MTY,2022-01-09 18:17:33.263315829,Premium,"1,71832E+18",Uso medio,Adulto
10033,2,5,42.5,Carlos,Gomez,57,GDL,2022-01-10 00:51:51.177794448,Premium,,Uso medio,Adulto
10034,11,5,17.57,Mariana,Torres,49,Cali,2022-01-10 07:26:09.092273068,Basico,,Alto uso,Adulto
10035,2,2,3.8299999999999996,Mariana,Lopez,43,CDMX,2022-01-10 14:00:27.006751688,Basico,,Bajo uso,Adulto
10036,10,2,2.99,Mariana,Ramirez,44,Cali,2022-01-10 20:34:44.921230307,Basico,,Alto uso,Adulto
10037,5,2,4.12,Sofia,Torres,79,Medellín,2022-01-11 03:09:02.835708927,Premium,,Uso medio,Adulto Mayor
10038,4,4,11.75,Carlos,Torres,36,Medellín,2022-01-11 09:43:20.750187547,Premium,"1,7261E+18",Bajo uso,Adulto
10039,9,5,27.21,Carlos,Torres,67,Bogotá,2022-01-11 16:17:38.664666166,Premium,,Uso medio,Adulto Mayor
10040,3,4,32.34,Ana,Garcia,59,Medellín,,Basico,,Bajo uso,Adulto
10041,4,3,14.4,Sofia,Torres,46,Medellín,2022-01-12 05:26:14.493623405,Basico,,Bajo uso,Adulto
10042,4,4,32.25,Mateo,Gomez,56,Cali,2022-01-12 12:00:32.408102025,Basico,"1,72169E+18",Bajo uso,Adulto
10043,2,5,34.93,Sofia,Torres,77,Bogotá,2022-01-12 18:34:50.322580645,Basico,,Uso medio,Adulto Mayor
10044,8,1,6.3,Mateo,Garcia,58,Bogotá,2022-01-13 01:09:08.237059264,Basico,"1,7312E+18",Uso medio,Adulto
10045,7,5,26.43,Ana,Torres,50,Medellín,2022-01-13 07:43:26.151537884,Basico,,Uso medio,Adulto
10046,6,6,32.39,Luis,Ramirez,36,CDMX,2022-01-13 14:17:44.066016504,Premium,,Uso medio,Adulto
10047,4,2,7.3,Carlos,Ramirez,54,Bogotá,2022-01-13 20:52:01.980495123,Premium,"1,72843E+18",Bajo uso,Adulto
10048,3,1,6.58,Ana,Garcia,36,,2022-01-14 03:26:19.894973743,Basico,,Bajo uso,Adulto
10049,7,4,20.18,Carlos,Gomez,50,CDMX,2022-01-14 10:00:37.809452363,Basico,,Uso medio,Adulto
10050,4,1,14.52,Mariana,Gomez,64,MTY,2022-01-14 16:34:55.723930982,Basico,,Bajo uso,Adulto Mayor
10051,6,2,9.35,Luis,Lopez,33,MTY,2022-01-14 23:09:13.638409602,Premium,,Uso medio,Adulto
10052,4,3,27.990000000000002,Luis,Garcia,40,Medellín,2022-01-15 05:43:31.552888222,Basico,,Bajo uso,Adulto
10053,4,7,32.2,Ana,Torres,24,CDMX,2022-01-15 12:17:49.467366841,Basico,,Uso medio,Joven
10054,6,2,1.19,Luis,Garcia,43,Medellín,2022-01-15 18:52:07.381845461,Premium,"1,72351E+18",Uso medio,Adulto
10055,8,5,30.38,Mateo,Lopez,49,CDMX,2022-01-16 01:26:25.296324081,Basico,,Uso medio,Adulto
10056,6,3,27.34,Luis,Garcia,29,CDMX,,Basico,"1,72187E+18",Uso medio,Joven
10057,5,5,13.73,Carlos,Garcia,25,Medellín,2022-01-16 14:35:01.125281320,Premium,,Uso medio,Joven
10058,2,9,37.73,Carlos,Lopez,22,MTY,2022-01-16 21:09:19.039759940,Premium,,Uso medio,Joven
10059,6,3,38.790000000000006,Carlos,Gomez,59,,2022-01-17 03:43:36.954238559,Premium,,Uso medio,Adulto
10060,6,7,39.2,Carlos,Torres,45,CDMX,,Basico,,Uso medio,Adulto
10061,9,7,26.009999999999998,Mateo,Lopez,70,Bogotá,2022-01-17 16:52:12.783195799,Basico,,Uso medio,Adulto Mayor
10062,6,2,3.62,Sofia,Ramirez,22,CDMX,2022-01-17 23:26:30.697674418,Premium,,Uso medio,Joven
10063,8,4,11.700000000000001,Mariana,Gomez,66,MTY,2022-01-18 06:00:48.612153038,Basico,,Uso medio,Adulto Mayor
10064,9,2,8.559999999999999,Ana,Ramirez,43,,2022-01-18 12:35:06.526631658,Premium,,Uso medio,Adulto
10065,5,3,34.48,Carlos,Gomez,22,,2022-01-18 19:09:24.441110277,Premium,,Uso medio,Joven
10066,6,3,14.350000000000001,Luis,Torres,39,CDMX,2022-01-19 01:43:42.355588897,Premium,,Uso medio,Adulto
10067,5,5,19.48,Carlos,Torres,32,Bogotá,2022-01-19 08:18:00.270067517,Basico,,Uso medio,Adulto
10068,4,3,13.96,Luis,Garcia,30,Medellín,2022-01-19 14:52:18.184546136,Basico,,Bajo uso,Adulto
10069,3,7,38.12,Mariana,Ramirez,45,GDL,2022-01-19 21:26:36.099024756,Basico,"1,72264E+18",Uso medio,Adulto
10070,6,3,17.41,Mariana,Gomez,50,CDMX,,Premium,,Uso medio,Adulto
10071,11,4,12.68,Mariana,Torres,60,,2022-01-20 10:35:11.927981995,Basico,,Alto uso,Adulto Mayor
10072,6,5,29.389999999999997,Luis,Lopez,40,,2022-01-20 17:09:29.842460615,Basico,,Uso medio,Adulto
10073,6,10,53.199999999999996,Carlos,Torres,50,,2022-01-20 23:43:47.756939235,Basico,"1,72817E+18",Alto uso,Adulto
10074,3,6,28.779999999999998,Mariana,Lopez,60,Cali,2022-01-21 06:18:05.671417854,Basico,,Uso medio,Adulto Mayor
10075,5,6,17.369999999999997,Mateo,Gomez,35,Medellín,2022-01-21 12:52:23.585896474,Basico,,Uso medio,Adulto
10076,9,0,0.0,Luis,Torres,67,MTY,2022-01-21 19:26:41.500375094,Basico,"1,73405E+18",Uso medio,Adulto Mayor
10077,5,4,15.540000000000001,Luis,Torres,70,CDMX,2022-01-22 02:00:59.414853713,Premium,,Uso medio,Adulto Mayor
10078,7,4,8.99,Carlos,Gomez,47,CDMX,2022-01-22 08:35:17.329332333,Basico,,Uso medio,Adulto
10079,5,5,36.25,Luis,Torres,43,Medellín,2022-01-22 15:09:35.243810952,Basico,,Uso medio,Adulto
10080,5,5,50.739999999999995,Luis,Lopez,33,Cali,2022-01-22 21:43:53.158289572,Premium,,Uso medio,Adulto
10081,5,5,28.88,Mariana,Torres,30,Cali,2022-01-23 04:18:11.072768192,Premium,,Uso medio,Adulto
10082,4,5,38.85,Carlos,Ramirez,56,,2022-01-23 10:52:28.987246811,Basico,"1,72463E+18",Uso medio,Adulto
10083,4,7,35.77,Mariana,Garcia,50,,2022-01-23 17:26:46.901725431,Basico,,Uso medio,Adulto
10084,5,2,5.05,Mariana,Lopez,43,,2022-01-24 00:01:04.816204051,Premium,"1,73534E+18",Uso medio,Adulto
10085,6,5,152.35999999999999,Carlos,Ramirez,65,GDL,2022-01-24 06:35:22.730682670,Basico,,Uso medio,Adulto Mayor
10086,7,5,17.52,Ana,Gomez,18,Cali,2022-01-24 13:09:40.645161290,Basico,,Uso medio,Joven
10087,4,4,18.49,Mariana,Lopez,66,Bogotá,2022-01-24 19:43:58.559639910,Basico,,Bajo uso,Adulto Mayor
10088,6,3,9.7,Mateo,Garcia,55,GDL,2022-01-25 02:18:16.474118529,Basico,,Uso medio,Adulto
10089,5,3,14.260000000000002,Mateo,Garcia,19,,2022-01-25 08:52:34.388597149,Basico,,Uso medio,Joven
10090,7,8,32.629999999999995,Luis,Gomez,66,,2022-01-25 15:26:52.303075769,Premium,,Uso medio,Adulto Mayor
10091,3,3,17.3,Mateo,Gomez,23,CDMX,2022-01-25 22:01:10.217554388,Premium,,Bajo uso,Joven
10092,7,1,11.26,Luis,Lopez,63,CDMX,2022-01-26 04:35:28.132033008,Basico,,Uso medio,Adulto Mayor
10093,2,7,71.57,Ana,Torres,67,Medellín,2022-01-26 11:09:46.046511628,Basico,,Uso medio,Adulto Mayor
10094,4,2,15.84,Carlos,Gomez,55,Medellín,2022-01-26 17:44:03.960990247,Basico,,Bajo uso,Adulto
10095,9,9,28.240000000000002,Carlos,Torres,59,,2022-01-27 00:18:21.875468867,Basico,,Uso medio,Adulto
10096,9,4,29.81,Carlos,Ramirez,41,GDL,2022-01-27 06:52:39.789947487,Basico,,Uso medio,Adulto
10097,5,5,11.200000000000001,Mateo,Garcia,35,CDMX,2022-01-27 13:26:57.704426106,Premium,,Uso medio,Adulto
10098,5,3,17.869999999999997,Ana,Torres,44,GDL,2022-01-27 20:01:15.618904726,Premium,,Uso medio,Adulto
10099,3,4,22.78,Mateo,Garcia,58,CDMX,2022-01-28 02:35:33.533383346,Basico,"1,71763E+18",Bajo uso,Adulto
10100,9,2,12.34,Mateo,Torres,25,CDMX,2022-01-28 09:09:51.447861965,Premium,,Uso medio,Joven
10101,7,5,17.08,Ana,Ramirez,45,,2022-01-28 15:44:09.362340585,Basico,,Uso medio,Adulto
10102,5,6,36.51,Ana,Gomez,27,MTY,2022-01-28 22:18:27.276819205,Basico,,Uso medio,Joven
10103,7,3,15.03,Ana,Ramirez,34,Bogotá,2022-01-29 04:52:45.191297824,Basico,,Uso medio,Adulto
10104,5,4,11.09,Ana,Gomez,72,CDMX,2022-01-29 11:27:03.105776444,Premium,"1,72109E+18",Uso medio,Adulto Mayor
10105,5,3,9.15,Carlos,Gomez,79,GDL,2022-01-29 18:01:21.020255064,Premium,,Uso medio,Adulto Mayor
10106,11,5,19.07,Sofia,Garcia,46,Cali,2022-01-30 00:35:38.934733683,Premium,,Alto uso,Adulto
10107,6,4,14.08,Sofia,Ramirez,75,Medellín,2022-01-30 07:09:56.849212303,Basico,,Uso medio,Adulto Mayor
10108,6,6,30.22,Ana,Torres,23,Cali,2022-01-30 13:44:14.763690923,Basico,,Uso medio,Joven
10109,7,4,15.440000000000001,Sofia,Ramirez,31,Bogotá,2022-01-30 20:18:32.678169542,Basico,,Uso medio,Adulto
10110,7,3,14.81,Sofia,Garcia,39,MTY,2022-01-31 02:52:50.592648162,Basico,,Uso medio,Adulto
10111,6,2,11.68,Ana,Gomez,71,Bogotá,2022-01-31 09:27:08.507126782,Basico,,Uso medio,Adulto Mayor
10112,2,8,25.580000000000002,Sofia,Garcia,23,MTY,2022-01-31 16:01:26.421605401,Premium,,Uso medio,Joven
10113,4,3,16.240000000000002,Mateo,Lopez,43,Cali,2022-01-31 22:35:44.336084021,Premium,,Bajo uso,Adulto
10114,3,5,27.91,Luis,Lopez,56,GDL,2022-02-01 05:10:02.250562641,Basico,,Uso medio,Adulto
10115,7,2,12.78,Luis,Torres,29,Medellín,2022-02-01 11:44:20.165041260,Basico,,Uso medio,Joven
10116,3,11,44.32,Ana,Garcia,52,CDMX,2022-02-01 18:18:38.079519880,Basico,,Alto uso,Adulto
10117,5,3,7.68,Carlos,Torres,31,Medellín,2022-02-02 00:52:55.993998500,Premium,"1,73405E+18",Uso medio,Adulto
10118,4,4,7.44,Ana,Torres,39,,2022-02-02 07:27:13.908477119,Premium,,Bajo uso,Adulto
10119,4,4,18.78,Carlos,Lopez,68,Medellín,2022-02-02 14:01:31.822955739,Premium,,Bajo uso,Adulto Mayor
10120,7,3,24.380000000000003,Luis,Torres,40,Bogotá,2022-02-02 20:35:49.737434359,Basico,,Uso medio,Adulto
10121,2,6,28.11,Ana,Lopez,65,,2022-02-03 03:10:07.651912978,Basico,"1,72299E+18",Uso medio,Adulto Mayor
10122,2,9,34.84,Mariana,Gomez,24,Medellín,2022-02-03 09:44:25.566391598,Premium,,Uso medio,Joven
10123,10,2,9.4,Mateo,Garcia,57,GDL,2022-02-03 16:18:43.480870217,Premium,,Alto uso,Adulto
10124,8,7,27.310000000000002,Sofia,Torres,67,GDL,2022-02-03 22:53:01.395348837,Basico,,Uso medio,Adulto Mayor
10125,5,6,28.41,Carlos,Lopez,42,Medellín,2022-02-04 05:27:19.309827457,Basico,,Uso medio,Adulto
10126,6,6,25.02,Mariana,Ramirez,30,Medellín,2022-02-04 12:01:37.224306076,Basico,,Uso medio,Adulto
10127,2,1,3.97,Sofia,Torres,38,MTY,2022-02-04 18:35:55.138784696,Premium,,Bajo uso,Adulto
10128,3,3,3.0100000000000002,Sofia,Gomez,58,MTY,2022-02-05 01:10:13.053263316,Premium,,Bajo uso,Adulto
10129,8,4,11.34,Ana,Gomez,27,,2022-02-05 07:44:30.967741935,Premium,,Uso medio,Joven
10130,6,5,13.16,Sofia,Ramirez,70,CDMX,2022-02-05 14:18:48.882220555,Basico,,Uso medio,Adulto Mayor
10131,1,4,13.77,Mateo,Lopez,72,Bogotá,2022-02-05 20:53:06.796699175,Basico,,Bajo uso,Adulto Mayor
10132,10,3,17.080000000000002,Mariana,Torres,76,CDMX,2022-02-06 03:27:24.711177794,Basico,,Alto uso,Adulto Mayor
10133,6,0,0.0,Sofia,Lopez,26,Cali,2022-02-06 10:01:42.625656414,Premium,"1,7331E+18",Uso medio,Joven
10134,7,1,0.6,Ana,Gomez,32,CDMX,2022-02-06 16:36:00.540135034,Basico,,Uso medio,Adulto
10135,6,6,21.91,Mateo,Lopez,69,Medellín,2022-02-06 23:10:18.454613653,Premium,,Uso medio,Adulto Mayor
10136,3,1,3.44,Luis,Gomez,19,CDMX,2022-02-07 05:44:36.369092273,Basico,,Bajo uso,Joven
10137,5,8,34.52,Mariana,Lopez,42,Medellín,2022-02-07 12:18:54.283570893,Premium,,Uso medio,Adulto
10138,4,4,19.42,Sofia,Ramirez,30,Cali,2022-02-07 18:53:12.198049512,Premium,,Bajo uso,Adulto
10139,6,1,7.93,Ana,Garcia,51,MTY,2022-02-08 01:27:30.112528132,Basico,,Uso medio,Adulto
10140,9,1,4.37,Luis,Ramirez,68,Bogotá,2022-02-08 08:01:48.027006752,Premium,,Uso medio,Adulto Mayor
10141,4,4,3.92,Luis,Ramirez,75,Bogotá,2022-02-08 14:36:05.941485371,Basico,,Bajo uso,Adulto Mayor
10142,7,1,2.08,Carlos,Garcia,51,MTY,2022-02-08 21:10:23.855963991,Basico,,Uso medio,Adulto
10143,3,2,6.67,Mateo,Garcia,52,Cali,2022-02-09 03:44:41.770442611,Basico,,Bajo uso,Adulto
10144,10,4,4.789999999999999,Sofia,Torres,55,GDL,2022-02-09 10:18:59.684921230,Premium,,Alto uso,Adulto
10145,4,3,8.3,Ana,Torres,20,Medellín,2022-02-09 16:53:17.599399850,Premium,"1,7299E+18",Bajo uso,Joven
10146,8,9,28.21,Carlos,Ramirez,47,GDL,2022-02-09 23:27:35.513878470,Basico,,Uso medio,Adulto
10147,2,5,26.63,Mateo,Ramirez,59,GDL,2022-02-10 06:01:53.428357089,Premium,"1,71798E+18",Uso medio,Adulto
10148,3,4,23.6,Carlos,Gomez,73,MTY,2022-02-10 12:36:11.342835709,Premium,,Bajo uso,Adulto Mayor
10149,3,4,22.66,Mariana,Gomez,76,Bogotá,2022-02-10 19:10:29.257314329,Premium,,Bajo uso,Adulto Mayor
10150,7,2,14.57,Mateo,Torres,23,Bogotá,2022-02-11 01:44:47.171792948,Basico,"1,71936E+18",Uso medio,Joven
10151,10,1,4.62,Mateo,Torres,72,Medellín,2022-02-11 08:19:05.086271568,Basico,,Alto uso,Adulto Mayor
10152,6,8,50.010000000000005,Sofia,Gomez,65,GDL,2022-02-11 14:53:23.000750188,Premium,,Uso medio,Adulto Mayor
10153,3,7,21.89,Mateo,Gomez,66,CDMX,2022-02-11 21:27:40.915228807,Basico,,Uso medio,Adulto Mayor
10154,6,1,0.34,Carlos,Lopez,36,Cali,2022-02-12 04:01:58.829707427,Basico,,Uso medio,Adulto
10155,8,3,9.67,Mateo,Lopez,20,Cali,2022-02-12 10:36:16.744186046,Premium,,Uso medio,Joven
10156,4,3,3.19,Sofia,Gomez,35,CDMX,2022-02-12 17:10:34.658664666,Basico,,Bajo uso,Adulto
10157,6,4,6.9399999999999995,Sofia,Lopez,56,Medellín,2022-02-12 23:44:52.573143286,Premium,,Uso medio,Adulto
10158,8,7,32.81,Mariana,Garcia,26,MTY,2022-02-13 06:19:10.487621905,Basico,"1,72506E+18",Uso medio,Joven
10159,11,3,19.729999999999997,Carlos,Torres,69,Cali,2022-02-13 12:53:28.402100525,Premium,,Alto uso,Adulto Mayor
10160,8,2,9.3,Luis,Torres,29,,2022-02-13 19:27:46.316579145,Basico,,Uso medio,Joven
10161,4,6,15.86,Luis,Gomez,22,,2022-02-14 02:02:04.231057764,Basico,,Uso medio,Joven
10162,7,6,19.17,Mateo,Ramirez,20,Cali,2022-02-14 08:36:22.145536384,Basico,,Uso medio,Joven
10163,7,6,42.56,Mariana,Gomez,28,GDL,2022-02-14 15:10:40.060015004,Premium,,Uso medio,Joven
10164,4,5,23.59,Ana,Lopez,74,Cali,2022-02-14 21:44:57.974493623,Premium,,Uso medio,Adulto Mayor
10165,6,4,9.43,Mateo,Ramirez,47,Bogotá,2022-02-15 04:19:15.888972243,Basico,,Uso medio,Adulto
10166,9,4,15.12,Mariana,Lopez,21,CDMX,2022-02-15 10:53:33.803450863,Basico,"1,71936E+18",Uso medio,Joven
10167,5,4,23.53,Carlos,Garcia,22,Bogotá,2022-02-15 17:27:51.717929482,Basico,,Uso medio,Joven
10168,7,4,8.03,Carlos,Lopez,18,,2022-02-16 00:02:09.632408102,Basico,,Uso medio,Joven
10169,4,4,8.07,Carlos,Garcia,44,,2022-02-16 06:36:27.546886722,Premium,,Bajo uso,Adulto
10170,4,5,19.17,Carlos,Garcia,45,CDMX,2022-02-16 13:10:45.461365341,Basico,,Uso medio,Adulto
10171,3,8,38.72,Carlos,Lopez,47,Medellín,2022-02-16 19:45:03.375843961,Basico,"1,72368E+18",Uso medio,Adulto
10172,8,7,42.15,Mariana,Lopez,46,Cali,2022-02-17 02:19:21.290322581,Premium,,Uso medio,Adulto
10173,4,8,41.67,Mariana,Garcia,35,GDL,2022-02-17 08:53:39.204801200,Premium,,Uso medio,Adulto
10174,5,0,0.0,Sofia,Ramirez,29,Bogotá,2022-02-17 15:27:57.119279820,Premium,,Uso medio,Joven
10175,2,5,30.94,Luis,Garcia,30,Medellín,2022-02-17 22:02:15.033758440,Basico,,Uso medio,Adulto
10176,8,2,7.75,Carlos,Torres,58,Bogotá,2022-02-18 04:36:32.948237059,Basico,,Uso medio,Adulto
10177,6,2,6.119999999999999,Ana,Garcia,19,CDMX,2022-02-18 11:10:50.862715679,Basico,,Uso medio,Joven
10178,7,6,30.57,Mariana,Ramirez,54,Medellín,2022-02-18 17:45:08.777194299,Basico,,Uso medio,Adulto
10179,4,6,31.93,Ana,Torres,62,,2022-02-19 00:19:26.691672918,Premium,,Uso medio,Adulto Mayor
10180,7,4,12.21,Ana,Gomez,33,Medellín,2022-02-19 06:53:44.606151538,Premium,"1,72895E+18",Uso medio,Adulto
10181,2,2,26.08,Ana,Gomez,65,Cali,2022-02-19 13:28:02.520630158,Basico,,Bajo uso,Adulto Mayor
10182,5,5,20.16,Sofia,Ramirez,41,MTY,2022-02-19 20:02:20.435108777,Basico,"1,72022E+18",Uso medio,Adulto
10183,5,5,11.74,Mariana,Garcia,52,GDL,2022-02-20 02:36:38.349587397,Basico,,Uso medio,Adulto
10184,6,6,57.31,Ana,Lopez,39,Medellín,2022-02-20 09:10:56.264066017,Basico,,Uso medio,Adulto
10185,5,7,40.739999999999995,Carlos,Ramirez,53,MTY,2022-02-20 15:45:14.178544636,Basico,,Uso medio,Adulto
10186,2,3,22.2,Mateo,Torres,28,,2022-02-20 22:19:32.093023256,Basico,,Bajo uso,Joven
10187,7,2,10.620000000000001,Ana,Torres,72,CDMX,2022-02-21 04:53:50.007501875,Basico,,Uso medio,Adulto Mayor
10188,2,9,49.86,Sofia,Gomez,75,Bogotá,2022-02-21 11:28:07.921980495,Basico,,Uso medio,Adulto Mayor
10189,9,4,155.42,Mariana,Torres,63,MTY,2022-02-21 18:02:25.836459115,Basico,,Uso medio,Adulto Mayor
10190,2,6,22.810000000000002,Sofia,Ramirez,46,,2022-02-22 00:36:43.750937734,Basico,,Uso medio,Adulto
10191,5,5,34.89,Ana,Torres,52,CDMX,2022-02-22 07:11:01.665416354,Basico,,Uso medio,Adulto
10192,11,5,40.24,Mariana,Ramirez,65,CDMX,2022-02-22 13:45:19.579894974,Premium,,Alto uso,Adulto Mayor
10193,3,7,26.88,Mateo,Lopez,71,GDL,2022-02-22 20:19:37.494373594,Basico,,Uso medio,Adulto Mayor
10194,5,5,6.66,Ana,Gomez,32,Cali,2022-02-23 02:53:55.408852213,Basico,,Uso medio,Adulto
10195,6,2,11.35,Sofia,Torres,77,GDL,2022-02-23 09:28:13.323330833,Basico,,Uso medio,Adulto Mayor
10196,8,7,28.45,Luis,Ramirez,48,GDL,2022-02-23 16:02:31.237809453,Premium,,Uso medio,Adulto
10197,3,2,3.56,Carlos,Garcia,59,CDMX,2022-02-23 22:36:49.152288072,Basico,,Bajo uso,Adulto
10198,8,9,78.77,Sofia,Gomez,58,Medellín,2022-02-24 05:11:07.066766692,Basico,"1,73033E+18",Uso medio,Adulto
10199,8,7,37.82,Mariana,Lopez,60,CDMX,2022-02-24 11:45:24.981245312,Basico,,Uso medio,Adulto Mayor
10200,7,6,38.39,Ana,Ramirez,33,MTY,2022-02-24 18:19:42.895723931,Basico,,Uso medio,Adulto
10201,5,5,11.08,Carlos,Lopez,27,GDL,2022-02-25 00:54:00.810202551,Premium,,Uso medio,Joven
10202,5,2,8.02,Ana,Lopez,66,Bogotá,2022-02-25 07:28:18.724681171,Premium,,Uso medio,Adulto Mayor
10203,6,1,3.49,Mariana,Torres,49,Medellín,2022-02-25 14:02:36.639159790,Premium,,Uso medio,Adulto
10204,7,2,2.05,Ana,Torres,68,Bogotá,2022-02-25 20:36:54.553638410,Basico,,Uso medio,Adulto Mayor
10205,4,10,52.47,Luis,Ramirez,19,,2022-02-26 03:11:12.468117030,Premium,,Alto uso,Joven
10206,1,2,8.67,Carlos,Garcia,41,,2022-02-26 09:45:30.382595649,Basico,,Bajo uso,Adulto
10207,4,4,22.69,Carlos,Ramirez,40,MTY,2022-02-26 16:19:48.297074269,Basico,,Bajo uso,Adulto
10208,5,4,19.06,Mariana,Garcia,19,Cali,2022-02-26 22:54:06.211552888,Basico,,Uso medio,Joven
10209,2,3,13.19,Luis,Lopez,55,Medellín,2022-02-27 05:28:24.126031508,Basico,,Bajo uso,Adulto
10210,2,4,27.880000000000003,Sofia,Gomez,48,,2022-02-27 12:02:42.040510128,Basico,,Bajo uso,Adulto
10211,5,4,21.8,Ana,Ramirez,68,Bogotá,2022-02-27 18:36:59.954988747,Premium,,Uso medio,Adulto Mayor
10212,3,7,20.03,Mateo,Ramirez,57,Bogotá,2022-02-28 01:11:17.869467367,Basico,,Uso medio,Adulto
10213,9,3,16.15,Ana,Garcia,43,Bogotá,2022-02-28 07:45:35.783945987,Basico,,Uso medio,Adulto
10214,9,4,7.47,Ana,Lopez,46,,2022-02-28 14:19:53.698424606,Basico,,Uso medio,Adulto
10215,11,6,20.700000000000003,Sofia,Lopez,20,GDL,2022-02-28 20:54:11.612903226,Basico,,Alto uso,Joven
10216,4,6,148.76,Ana,Garcia,75,GDL,2022-03-01 03:28:29.527381846,Premium,,Uso medio,Adulto Mayor
10217,6,4,16.509999999999998,Luis,Lopez,31,MTY,2022-03-01 10:02:47.441860465,Basico,,Uso medio,Adulto
10218,5,3,2.29,Luis,Torres,42,GDL,2022-03-01 16:37:05.356339085,Premium,,Uso medio,Adulto
10219,8,1,2.44,Carlos,Gomez,65,Bogotá,2022-03-01 23:11:23.270817705,Basico,,Uso medio,Adulto Mayor
10220,5,7,22.75,Mariana,Ramirez,18,CDMX,2022-03-02 05:45:41.185296324,Premium,,Uso medio,Joven
10221,6,3,12.01,Mateo,Gomez,70,MTY,2022-03-02 12:19:59.099774944,Premium,,Uso medio,Adulto Mayor
10222,7,8,49.37,Ana,Ramirez,20,,2022-03-02 18:54:17.014253564,Basico,,Uso medio,Joven
10223,3,1,3.13,Ana,Torres,71,Bogotá,2022-03-03 01:28:34.928732183,Basico,,Bajo uso,Adulto Mayor
10224,5,6,36.93,Sofia,Lopez,43,Medellín,2022-03-03 08:02:52.843210803,Premium,,Uso medio,Adulto
10225,2,3,19.650000000000002,Mariana,Garcia,35,CDMX,2022-03-03 14:37:10.757689423,Basico,,Bajo uso,Adulto
10226,1,1,120.0,Luis,Torres,26,GDL,2022-03-03 21:11:28.672168042,Basico,,Bajo uso,Joven
10227,4,1,24.7,Mateo,Gomez,55,Cali,2022-03-04 03:45:46.586646662,Basico,,Bajo uso,Adulto
10228,5,5,24.189999999999998,Carlos,Garcia,40,Cali,2022-03-04 10:20:04.501125282,Basico,"1,73301E+18",Uso medio,Adulto
10229,6,3,6.11,Luis,Lopez,38,MTY,2022-03-04 16:54:22.415603901,Basico,,Uso medio,Adulto
10230,3,7,34.92,Mariana,Torres,74,,2022-03-04 23:28:40.330082521,Basico,,Uso medio,Adulto Mayor
10231,2,2,3.77,Carlos,Garcia,18,,2022-03-05 06:02:58.244561141,Premium,,Bajo uso,Joven
10232,9,8,35.81,Sofia,Torres,38,,2022-03-05 12:37:16.159039760,Basico,,Uso medio,Adulto
10233,5,2,12.649999999999999,Sofia,Torres,44,Bogotá,2022-03-05 19:11:34.073518380,Premium,,Uso medio,Adulto
10234,5,5,19.34,Ana,Lopez,59,GDL,2022-03-06 01:45:51.987997000,Basico,,Uso medio,Adulto
10235,7,3,12.6,Mariana,Ramirez,76,Medellín,2022-03-06 08:20:09.902475619,Premium,,Uso medio,Adulto Mayor
10236,6,5,31.56,Mateo,Garcia,23,Medellín,2022-03-06 14:54:27.816954239,Premium,,Uso medio,Joven
10237,5,5,9.34,Carlos,Lopez,72,CDMX,2022-03-06 21:28:45.731432859,Premium,,Uso medio,Adulto Mayor
10238,6,4,3.76,Luis,Torres,61,Cali,2022-03-07 04:03:03.645911478,Premium,"1,72264E+18",Uso medio,Adulto Mayor
10239,6,5,15.74,Mariana,Lopez,53,CDMX,2022-03-07 10:37:21.560390098,Premium,,Uso medio,Adulto
10240,6,5,28.49,Mariana,Ramirez,45,Bogotá,2022-03-07 17:11:39.474868718,Premium,,Uso medio,Adulto
10241,6,5,33.379999999999995,Sofia,Garcia,62,MTY,2022-03-07 23:45:57.389347337,Basico,,Uso medio,Adulto Mayor
10242,6,2,4.07,Ana,Ramirez,34,Medellín,2022-03-08 06:20:15.303825957,Basico,,Uso medio,Adulto
10243,2,5,20.75,Ana,Gomez,47,MTY,2022-03-08 12:54:33.218304576,Premium,,Uso medio,Adulto
10244,7,4,45.38,Carlos,Garcia,76,Cali,2022-03-08 19:28:51.132783196,Basico,,Uso medio,Adulto Mayor
10245,10,1,3.04,Sofia,Ramirez,57,Bogotá,2022-03-09 02:03:09.047261816,Premium,,Alto uso,Adulto
10246,2,5,19.97,Mariana,Torres,75,Cali,2022-03-09 08:37:26.961740435,Premium,,Uso medio,Adulto Mayor
10247,7,7,39.92,Mateo,Garcia,69,,2022-03-09 15:11:44.876219055,Basico,,Uso medio,Adulto Mayor
10248,1,1,4.74,Sofia,Garcia,20,Medellín,,Premium,"1,72506E+18",Bajo uso,Joven
10249,6,3,27.24,Carlos,Lopez,29,,2022-03-10 04:20:20.705176294,Basico,,Uso medio,Joven
10250,0,7,28.27,Carlos,Torres,56,CDMX,2022-03-10 10:54:38.619654914,Basico,,Uso medio,Adulto
10251,3,5,21.28,Sofia,Gomez,29,MTY,2022-03-10 17:28:56.534133534,Basico,,Uso medio,Joven
10252,4,3,10.34,Carlos,Ramirez,19,CDMX,2022-03-11 00:03:14.448612153,Basico,,Bajo uso,Joven
10253,6,4,21.54,Sofia,Lopez,73,GDL,2022-03-11 06:37:32.363090773,Basico,,Uso medio,Adulto Mayor
10254,6,1,0.86,Luis,Ramirez,63,Cali,2022-03-11 13:11:50.277569393,Basico,,Uso medio,Adulto Mayor
10255,9,5,41.65,Sofia,Gomez,39,CDMX,2022-03-11 19:46:08.192048012,Basico,,Uso medio,Adulto
10256,10,4,19.770000000000003,Sofia,Gomez,40,Bogotá,2022-03-12 02:20:26.106526632,Premium,,Alto uso,Adulto
10257,3,5,25.38,Carlos,Garcia,47,Bogotá,2022-03-12 08:54:44.021005252,Basico,,Uso medio,Adulto
10258,10,5,21.85,Carlos,Gomez,22,Bogotá,2022-03-12 15:29:01.935483871,Basico,,Alto uso,Joven
10259,5,5,35.79,Ana,Ramirez,26,Bogotá,2022-03-12 22:03:19.849962491,Basico,,Uso medio,Joven
10260,2,5,24.5,Ana,Torres,38,Cali,2022-03-13 04:37:37.764441111,Premium,,Uso medio,Adulto
10261,6,7,33.04,Luis,Torres,28,CDMX,2022-03-13 11:11:55.678919730,Premium,"1,72619E+18",Uso medio,Joven
10262,6,8,66.81,Ana,Garcia,22,MTY,2022-03-13 17:46:13.593398350,Basico,,Uso medio,Joven
10263,4,3,34.99,Sofia,Ramirez,52,Medellín,2022-03-14 00:20:31.507876970,Basico,,Bajo uso,Adulto
10264,2,2,24.46,Carlos,Ramirez,44,Medellín,2022-03-14 06:54:49.422355589,Premium,,Bajo uso,Adulto
10265,5,7,30.830000000000002,Ana,Gomez,66,Bogotá,2022-03-14 13:29:07.336834209,Basico,,Uso medio,Adulto Mayor
10266,5,4,16.14,Ana,Ramirez,19,,2022-03-14 20:03:25.251312829,Basico,,Uso medio,Joven
10267,6,5,26.86,Luis,Lopez,41,Bogotá,2022-03-15 02:37:43.165791448,Basico,,Uso medio,Adulto
10268,5,4,20.509999999999998,Mariana,Gomez,48,Bogotá,2022-03-15 09:12:01.080270068,Basico,,Uso medio,Adulto
10269,6,3,31.85,Luis,Lopez,50,CDMX,2022-03-15 15:46:18.994748688,Premium,,Uso medio,Adulto
10270,3,2,7.01,Sofia,Garcia,56,Bogotá,2022-03-15 22:20:36.909227307,Basico,"1,72938E+18",Bajo uso,Adulto
10271,3,6,26.740000000000002,Carlos,Torres,47,Medellín,2022-03-16 04:54:54.823705927,Basico,,Uso medio,Adulto
10272,3,2,4.15,Luis,Garcia,63,CDMX,2022-03-16 11:29:12.738184546,Basico,,Bajo uso,Adulto Mayor
10273,4,8,32.379999999999995,Ana,Torres,54,MTY,2022-03-16 18:03:30.652663166,Premium,,Uso medio,Adulto
10274,2,7,56.02,Carlos,Garcia,68,Cali,2022-03-17 00:37:48.567141786,Premium,,Uso medio,Adulto Mayor
10275,5,5,40.1,Carlos,Ramirez,45,MTY,2022-03-17 07:12:06.481620405,Premium,,Uso medio,Adulto
10276,8,3,16.439999999999998,Ana,Lopez,77,GDL,2022-03-17 13:46:24.396099025,Premium,,Uso medio,Adulto Mayor
10277,5,2,21.58,Luis,Torres,48,Medellín,2022-03-17 20:20:42.310577645,Basico,,Uso medio,Adulto
10278,2,2,4.55,Ana,Gomez,28,GDL,2022-03-18 02:55:00.225056264,Premium,,Bajo uso,Joven
10279,8,1,4.13,Mariana,Lopez,40,,2022-03-18 09:29:18.139534884,Basico,,Uso medio,Adulto
10280,10,5,22.39,Carlos,Gomez,74,CDMX,2022-03-18 16:03:36.054013504,Premium,,Alto uso,Adulto Mayor
10281,4,6,20.24,Mateo,Lopez,19,Medellín,2022-03-18 22:37:53.968492123,Basico,,Uso medio,Joven
10282,9,5,23.61,Mateo,Lopez,57,Bogotá,2022-03-19 05:12:11.882970743,Basico,,Uso medio,Adulto
10283,6,1,7.35,Sofia,Garcia,58,,2022-03-19 11:46:29.797449363,Basico,"1,71901E+18",Uso medio,Adulto
10284,4,8,65.56,Ana,Torres,44,CDMX,2022-03-19 18:20:47.711927982,Premium,,Uso medio,Adulto
10285,6,4,16.77,Ana,Torres,52,Medellín,2022-03-20 00:55:05.626406602,Premium,,Uso medio,Adulto
10286,6,4,15.15,Sofia,Lopez,19,Bogotá,2022-03-20 07:29:23.540885222,Basico,,Uso medio,Joven
10287,4,2,8.29,Sofia,Ramirez,56,Bogotá,2022-03-20 14:03:41.455363841,Basico,,Bajo uso,Adulto
10288,7,6,68.16,Sofia,Ramirez,54,Bogotá,2022-03-20 20:37:59.369842461,Premium,,Uso medio,Adulto
10289,5,5,20.98,Carlos,Gomez,38,Medellín,2022-03-21 03:12:17.284321081,Basico,,Uso medio,Adulto
10290,5,3,9.08,Mariana,Gomez,75,,2022-03-21 09:46:35.198799700,Premium,"1,71772E+18",Uso medio,Adulto Mayor
10291,6,2,7.890000000000001,Ana,Garcia,22,CDMX,2022-03-21 16:20:53.113278320,Basico,,Uso medio,Joven
10292,7,7,31.919999999999998,Carlos,Lopez,69,CDMX,2022-03-21 22:55:11.027756940,Basico,,Uso medio,Adulto Mayor
10293,3,1,4.14,Sofia,Gomez,62,Cali,2022-03-22 05:29:28.942235559,Basico,,Bajo uso,Adulto Mayor
10294,9,2,7.3,Ana,Gomez,38,CDMX,2022-03-22 12:03:46.856714179,Basico,,Uso medio,Adulto
10295,0,4,23.43,Carlos,Lopez,46,,2022-03-22 18:38:04.771192799,Basico,,Bajo uso,Adulto
10296,4,7,43.09,Mariana,Garcia,37,Medellín,2022-03-23 01:12:22.685671418,Basico,,Uso medio,Adulto
10297,4,4,13.27,Carlos,Gomez,47,Medellín,2022-03-23 07:46:40.600150038,Basico,,Bajo uso,Adulto
10298,5,4,24.61,Mariana,Garcia,78,GDL,2022-03-23 14:20:58.514628658,Basico,,Uso medio,Adulto Mayor
10299,7,7,32.3,Sofia,Torres,55,GDL,2022-03-23 20:55:16.429107277,Basico,,Uso medio,Adulto
10300,6,7,26.439999999999998,Mariana,Garcia,37,Medellín,2022-03-24 03:29:34.343585897,Premium,,Uso medio,Adulto
10301,8,4,9.59,Ana,Ramirez,67,,2022-03-24 10:03:52.258064517,Basico,,Uso medio,Adulto Mayor
10302,5,4,18.189999999999998,Sofia,Ramirez,42,,2022-03-24 16:38:10.172543136,Basico,,Uso medio,Adulto
10303,2,6,20.740000000000002,Ana,Garcia,19,GDL,2022-03-24 23:12:28.087021756,Basico,,Uso medio,Joven
10304,2,4,12.69,Mateo,Ramirez,74,CDMX,2022-03-25 05:46:46.001500376,Basico,,Bajo uso,Adulto Mayor
10305,2,4,23.55,Luis,Torres,49,CDMX,2022-03-25 12:21:03.915978995,Premium,,Bajo uso,Adulto
10306,3,4,15.95,Mariana,Lopez,43,,2022-03-25 18:55:21.830457615,Basico,,Bajo uso,Adulto
10307,4,4,25.73,Luis,Ramirez,23,GDL,2022-03-26 01:29:39.744936234,Premium,,Bajo uso,Joven
10308,2,7,42.77,Luis,Ramirez,58,CDMX,2022-03-26 08:03:57.659414854,Basico,"1,7185E+18",Uso medio,Adulto
10309,6,7,31.82,Mariana,Garcia,74,GDL,2022-03-26 14:38:15.573893474,Basico,,Uso medio,Adulto Mayor
10310,8,3,11.55,Sofia,Torres,20,MTY,2022-03-26 21:12:33.488372093,Basico,,Uso medio,Joven
10311,0,8,36.79,Mateo,Lopez,50,,2022-03-27 03:46:51.402850713,Premium,,Uso medio,Adulto
10312,7,8,38.36,Ana,Garcia,18,Bogotá,2022-03-27 10:21:09.317329333,Premium,,Uso medio,Joven
10313,3,6,17.63,Carlos,Garcia,68,GDL,2022-03-27 16:55:27.231807952,Basico,,Uso medio,Adulto Mayor
10314,3,7,27.11,Ana,Torres,22,MTY,2022-03-27 23:29:45.146286572,Premium,,Uso medio,Joven
10315,13,3,12.36,Carlos,Lopez,30,MTY,2022-03-28 06:04:03.060765192,Basico,,Alto uso,Adulto
10316,9,4,9.440000000000001,Ana,Torres,36,CDMX,2022-03-28 12:38:20.975243811,Premium,,Uso medio,Adulto
10317,8,5,18.830000000000002,Mariana,Lopez,29,CDMX,2022-03-28 19:12:38.889722431,Basico,"1,73301E+18",Uso medio,Joven
10318,2,6,32.15,Mateo,Torres,65,Medellín,2022-03-29 01:46:56.804201051,Basico,,Uso medio,Adulto Mayor
10319,7,5,11.27,Carlos,Garcia,42,CDMX,2022-03-29 08:21:14.718679670,Basico,,Uso medio,Adulto
10320,3,4,13.6,Sofia,Garcia,74,GDL,,Premium,,Bajo uso,Adulto Mayor
10321,6,5,13.129999999999999,Ana,Gomez,68,MTY,2022-03-29 21:29:50.547636910,Premium,,Uso medio,Adulto Mayor
10322,8,6,15.919999999999998,Ana,Ramirez,52,Cali,2022-03-30 04:04:08.462115529,Premium,,Uso medio,Adulto
10323,7,3,26.25,Carlos,Torres,29,Bogotá,2022-03-30 10:38:26.376594149,Premium,,Uso medio,Joven
10324,8,3,24.16,Sofia,Gomez,47,Medellín,2022-03-30 17:12:44.291072769,Basico,,Uso medio,Adulto
10325,3,2,1.19,Sofia,Ramirez,22,Bogotá,2022-03-30 23:47:02.205551388,Premium,,Bajo uso,Joven
10326,5,5,38.41,Mariana,Torres,51,Medellín,,Premium,,Uso medio,Adulto
10327,4,6,28.009999999999998,Mariana,Lopez,39,CDMX,2022-03-31 12:55:38.034508628,Basico,,Uso medio,Adulto
10328,4,3,23.72,Mariana,Ramirez,56,,2022-03-31 19:29:55.948987247,Basico,,Bajo uso,Adulto
10329,4,3,12.21,Mariana,Garcia,30,CDMX,2022-04-01 02:04:13.863465867,Premium,,Bajo uso,Adulto
10330,3,4,15.93,Mariana,Gomez,74,Bogotá,2022-04-01 08:38:31.777944487,Premium,,Bajo uso,Adulto Mayor
10331,4,4,29.450000000000003,Mariana,Ramirez,64,Cali,2022-04-01 15:12:49.692423106,Premium,,Bajo uso,Adulto Mayor
10332,4,8,31.46,Mateo,Ramirez,71,Bogotá,2022-04-01 21:47:07.606901726,Premium,,Uso medio,Adulto Mayor
10333,4,3,15.68,Sofia,Garcia,20,,2022-04-02 04:21:25.521380346,Premium,,Bajo uso,Joven
10334,5,4,6.15,Mariana,Torres,77,Bogotá,2022-04-02 10:55:43.435858965,Premium,,Uso medio,Adulto Mayor
10335,7,3,30.189999999999998,Sofia,Lopez,70,,2022-04-02 17:30:01.350337585,Premium,,Uso medio,Adulto Mayor
10336,4,9,40.07,Sofia,Garcia,37,Cali,2022-04-03 00:04:19.264816204,Premium,,Uso medio,Adulto
10337,10,6,21.05,Luis,Lopez,48,,2022-04-03 06:38:37.179294824,Basico,,Alto uso,Adulto
10338,3,7,36.33,Mateo,Torres,22,,2022-04-03 13:12:55.093773444,Basico,,Uso medio,Joven
10339,11,5,32.42,Mariana,Ramirez,41,,2022-04-03 19:47:13.008252063,Basico,,Alto uso,Adulto
10340,5,7,25.44,Ana,Lopez,57,Medellín,2022-04-04 02:21:30.922730683,Premium,"1,73483E+18",Uso medio,Adulto
10341,6,1,6.29,Carlos,Gomez,71,MTY,2022-04-04 08:55:48.837209303,Basico,"1,72221E+18",Uso medio,Adulto Mayor
10342,4,6,47.07,Ana,Gomez,50,CDMX,2022-04-04 15:30:06.751687922,Basico,,Uso medio,Adulto
10343,4,4,13.379999999999999,Mateo,Garcia,25,Medellín,2022-04-04 22:04:24.666166542,Basico,,Bajo uso,Joven
10344,11,6,24.05,Carlos,Torres,41,,2022-04-05 04:38:42.580645162,Premium,,Alto uso,Adulto
10345,8,7,37.4,Mateo,Garcia,67,Medellín,2022-04-05 11:13:00.495123781,Basico,,Uso medio,Adulto Mayor
10346,6,8,71.9,Sofia,Garcia,37,,2022-04-05 17:47:18.409602401,Basico,,Uso medio,Adulto
10347,13,3,21.4,Carlos,Garcia,77,Cali,2022-04-06 00:21:36.324081021,Basico,,Alto uso,Adulto Mayor
10348,4,2,1.12,Sofia,Gomez,33,CDMX,2022-04-06 06:55:54.238559640,Basico,,Bajo uso,Adulto
10349,6,7,150.92000000000002,Ana,Gomez,67,GDL,2022-04-06 13:30:12.153038260,Basico,,Uso medio,Adulto Mayor
10350,5,4,18.89,Ana,Garcia,69,MTY,2022-04-06 20:04:30.067516880,Basico,,Uso medio,Adulto Mayor
10351,8,3,15.81,Carlos,Gomez,29,CDMX,2022-04-07 02:38:47.981995499,Basico,,Uso medio,Joven
10352,6,7,41.1,Carlos,Torres,30,Bogotá,2022-04-07 09:13:05.896474119,Basico,,Uso medio,Adulto
10353,4,4,12.530000000000001,Mariana,Garcia,62,,2022-04-07 15:47:23.810952739,Basico,,Bajo uso,Adulto Mayor
10354,6,5,11.28,Mateo,Gomez,59,Cali,2022-04-07 22:21:41.725431358,Basico,,Uso medio,Adulto
10355,7,4,18.57,Mariana,Lopez,56,Bogotá,2022-04-08 04:55:59.639909978,Premium,,Uso medio,Adulto
10356,12,5,59.480000000000004,Mateo,Garcia,42,CDMX,2022-04-08 11:30:17.554388598,Basico,,Alto uso,Adulto
10357,8,7,27.52,Mariana,Garcia,63,MTY,2022-04-08 18:04:35.468867217,Basico,,Uso medio,Adulto Mayor
10358,4,6,84.1,Sofia,Torres,49,Bogotá,2022-04-09 00:38:53.383345837,Basico,,Uso medio,Adulto
10359,7,4,18.14,Carlos,Ramirez,79,MTY,2022-04-09 07:13:11.297824457,Basico,,Uso medio,Adulto Mayor
10360,6,2,19.6,Ana,Ramirez,41,CDMX,2022-04-09 13:47:29.212303076,Basico,,Uso medio,Adulto
10361,7,3,4.66,Mateo,Torres,65,Bogotá,2022-04-09 20:21:47.126781696,Basico,,Uso medio,Adulto Mayor
10362,3,4,11.52,Mateo,Torres,64,GDL,2022-04-10 02:56:05.041260316,Basico,,Bajo uso,Adulto Mayor
10363,8,8,49.739999999999995,Ana,Torres,61,,2022-04-10 09:30:22.955738935,Basico,,Uso medio,Adulto Mayor
10364,8,2,21.92,Mariana,Ramirez,26,CDMX,2022-04-10 16:04:40.870217555,Basico,,Uso medio,Joven
10365,8,5,36.730000000000004,Mateo,Torres,57,CDMX,2022-04-10 22:38:58.784696175,Premium,,Uso medio,Adulto
10366,4,1,11.61,Sofia,Gomez,67,CDMX,2022-04-11 05:13:16.699174794,Basico,,Bajo uso,Adulto Mayor
10367,5,7,34.58,Carlos,Garcia,40,MTY,2022-04-11 11:47:34.613653414,Premium,,Uso medio,Adulto
10368,4,2,22.85,Ana,Garcia,67,Medellín,2022-04-11 18:21:52.528132034,Basico,"1,72938E+18",Bajo uso,Adulto Mayor
10369,6,3,21.55,Carlos,Lopez,30,Medellín,2022-04-12 00:56:10.442610653,Premium,,Uso medio,Adulto
10370,6,7,27.99,Mateo,Lopez,77,Bogotá,2022-04-12 07:30:28.357089273,Basico,,Uso medio,Adulto Mayor
10371,3,4,48.260000000000005,Mateo,Garcia,76,Medellín,2022-04-12 14:04:46.271567892,Premium,,Bajo uso,Adulto Mayor
10372,7,7,143.63,Ana,Gomez,49,MTY,2022-04-12 20:39:04.186046512,Basico,,Uso medio,Adulto
10373,2,8,31.4,Sofia,Ramirez,67,Medellín,2022-04-13 03:13:22.100525132,Basico,,Uso medio,Adulto Mayor
10374,2,8,44.9,Luis,Ramirez,32,CDMX,2022-04-13 09:47:40.015003751,Basico,,Uso medio,Adulto
10375,4,3,35.66,Ana,Gomez,53,MTY,2022-04-13 16:21:57.929482371,Basico,,Bajo uso,Adulto
10376,0,5,13.85,Luis,Ramirez,66,Cali,2022-04-13 22:56:15.843960991,Premium,,Uso medio,Adulto Mayor
10377,3,1,13.5,Mariana,Torres,47,Cali,2022-04-14 05:30:33.758439610,Premium,,Bajo uso,Adulto
10378,8,4,29.730000000000004,Luis,Garcia,22,Medellín,2022-04-14 12:04:51.672918230,Basico,,Uso medio,Joven
10379,5,7,36.53,Sofia,Garcia,39,GDL,2022-04-14 18:39:09.587396850,Basico,,Uso medio,Adulto
10380,7,5,19.049999999999997,Mariana,Gomez,33,GDL,2022-04-15 01:13:27.501875469,Basico,,Uso medio,Adulto
10381,9,4,15.45,Luis,Ramirez,58,,2022-04-15 07:47:45.416354090,Premium,,Uso medio,Adulto
10382,7,3,6.04,Mariana,Lopez,27,CDMX,2022-04-15 14:22:03.330832708,Basico,"1,71936E+18",Uso medio,Joven
10383,6,2,12.84,Luis,Lopez,41,GDL,2022-04-15 20:56:21.245311328,Basico,,Uso medio,Adulto
10384,12,3,13.05,Sofia,Ramirez,35,CDMX,2022-04-16 03:30:39.159789948,Premium,,Alto uso,Adulto
10385,6,7,14.34,Luis,Lopez,66,MTY,2022-04-16 10:04:57.074268568,Basico,,Uso medio,Adulto Mayor
10386,7,2,4.890000000000001,Luis,Gomez,35,GDL,2022-04-16 16:39:14.988747188,Premium,,Uso medio,Adulto
10387,7,2,6.12,Luis,Gomez,24,Bogotá,2022-04-16 23:13:32.903225806,Basico,,Uso medio,Joven
10388,5,2,14.809999999999999,Ana,Ramirez,21,Bogotá,2022-04-17 05:47:50.817704426,Basico,,Uso medio,Joven
10389,5,4,8.469999999999999,Ana,Lopez,43,,2022-04-17 12:22:08.732183046,Basico,,Uso medio,Adulto
10390,5,4,15.74,Ana,Gomez,22,CDMX,2022-04-17 18:56:26.646661666,Premium,,Uso medio,Joven
10391,4,2,1.79,Sofia,Gomez,77,MTY,2022-04-18 01:30:44.561140286,Basico,,Bajo uso,Adulto Mayor
10392,5,6,14.459999999999999,Mariana,Torres,72,Bogotá,2022-04-18 08:05:02.475618906,Basico,,Uso medio,Adulto Mayor
10393,3,3,14.939999999999998,Mateo,Torres,33,Medellín,2022-04-18 14:39:20.390097524,Basico,,Bajo uso,Adulto
10394,3,9,38.2,Luis,Gomez,52,Bogotá,2022-04-18 21:13:38.304576144,Premium,"1,72912E+18",Uso medio,Adulto
10395,8,7,36.72,Luis,Ramirez,43,Cali,2022-04-19 03:47:56.219054764,Basico,,Uso medio,Adulto
10396,7,2,14.57,Sofia,Garcia,35,CDMX,2022-04-19 10:22:14.133533384,Basico,,Uso medio,Adulto
10397,3,10,55.269999999999996,Luis,Garcia,46,Cali,2022-04-19 16:56:32.048012004,Basico,,Alto uso,Adulto
10398,5,8,26.46,Ana,Gomez,40,Bogotá,2022-04-19 23:30:49.962490624,Premium,,Uso medio,Adulto
10399,5,4,136.24,Mateo,Gomez,70,CDMX,2022-04-20 06:05:07.876969242,Premium,,Uso medio,Adulto Mayor
10400,5,4,7.68,Carlos,Gomez,31,,2022-04-20 12:39:25.791447862,Basico,,Uso medio,Adulto
10401,4,7,40.65,Luis,Ramirez,32,Medellín,2022-04-20 19:13:43.705926482,Basico,,Uso medio,Adulto
10402,6,8,53.02,Ana,Torres,66,CDMX,2022-04-21 01:48:01.620405102,Premium,"1,71841E+18",Uso medio,Adulto Mayor
10403,5,4,6.55,Carlos,Gomez,50,CDMX,2022-04-21 08:22:19.534883722,Premium,,Uso medio,Adulto
10404,4,1,19.35,Mateo,Gomez,42,CDMX,2022-04-21 14:56:37.449362342,Basico,,Bajo uso,Adulto
10405,7,6,31.419999999999998,Carlos,Lopez,38,Medellín,2022-04-21 21:30:55.363840960,Premium,,Uso medio,Adulto
10406,11,6,41.769999999999996,Ana,Ramirez,34,CDMX,2022-04-22 04:05:13.278319580,Basico,,Alto uso,Adulto
10407,5,5,17.59,Mariana,Gomez,40,GDL,2022-04-22 10:39:31.192798200,Basico,,Uso medio,Adulto
10408,3,7,31.18,Mariana,Lopez,74,CDMX,2022-04-22 17:13:49.107276820,Premium,,Uso medio,Adulto Mayor
10409,8,6,14.02,Carlos,Garcia,60,Medellín,2022-04-22 23:48:07.021755440,Basico,,Uso medio,Adulto Mayor
10410,7,5,23.6,Sofia,Gomez,34,Cali,2022-04-23 06:22:24.936234060,Premium,,Uso medio,Adulto
10411,2,3,5.92,Carlos,Gomez,75,Cali,2022-04-23 12:56:42.850712678,Basico,,Bajo uso,Adulto Mayor
10412,7,4,15.01,Luis,Lopez,31,CDMX,2022-04-23 19:31:00.765191298,Basico,,Uso medio,Adulto
10413,6,5,27.67,Luis,Ramirez,46,,2022-04-24 02:05:18.679669918,Premium,,Uso medio,Adulto
10414,4,5,27.58,Mariana,Gomez,37,Medellín,2022-04-24 08:39:36.594148538,Basico,,Uso medio,Adulto
10415,10,2,3.2199999999999998,Sofia,Garcia,47,,2022-04-24 15:13:54.508627158,Basico,,Alto uso,Adulto
10416,10,7,23.69,Ana,Gomez,36,Bogotá,2022-04-24 21:48:12.423105776,Premium,,Alto uso,Adulto
10417,4,12,26.419999999999998,Luis,Garcia,70,Bogotá,2022-04-25 04:22:30.337584396,Basico,,Alto uso,Adulto Mayor
10418,7,3,15.49,Mariana,Torres,56,Cali,2022-04-25 10:56:48.252063016,Basico,,Uso medio,Adulto
10419,6,8,42.800000000000004,Mateo,Torres,73,CDMX,2022-04-25 17:31:06.166541636,Premium,,Uso medio,Adulto Mayor
10420,8,5,18.94,Mariana,Garcia,30,Bogotá,2022-04-26 00:05:24.081020256,Basico,,Uso medio,Adulto
10421,6,9,44.76,Luis,Ramirez,35,Cali,2022-04-26 06:39:41.995498876,Premium,,Uso medio,Adulto
10422,6,3,14.39,Luis,Gomez,40,Cali,2022-04-26 13:13:59.909977494,Premium,"1,735E+18",Uso medio,Adulto
10423,8,7,30.92,Mariana,Gomez,79,,2022-04-26 19:48:17.824456114,Basico,,Uso medio,Adulto Mayor
10424,4,6,25.32,Ana,Torres,63,Medellín,2022-04-27 02:22:35.738934734,Basico,,Uso medio,Adulto Mayor
10425,5,2,6.02,Carlos,Garcia,50,GDL,2022-04-27 08:56:53.653413354,Premium,,Uso medio,Adulto
10426,5,7,34.019999999999996,Luis,Gomez,56,CDMX,2022-04-27 15:31:11.567891974,Basico,,Uso medio,Adulto
10427,9,2,4.2700000000000005,Mariana,Gomez,57,Bogotá,2022-04-27 22:05:29.482370594,Basico,,Uso medio,Adulto
10428,11,4,24.14,Mariana,Ramirez,35,Bogotá,2022-04-28 04:39:47.396849212,Basico,,Alto uso,Adulto
10429,7,7,30.51,Sofia,Lopez,26,GDL,2022-04-28 11:14:05.311327832,Basico,"1,71876E+18",Uso medio,Joven
10430,6,2,3.5500000000000003,Carlos,Torres,50,CDMX,2022-04-28 17:48:23.225806452,Basico,,Uso medio,Adulto
10431,5,6,35.64,Mateo,Torres,49,Bogotá,2022-04-29 00:22:41.140285072,Premium,,Uso medio,Adulto
10432,6,2,9.25,Ana,Lopez,78,Cali,2022-04-29 06:56:59.054763692,Premium,,Uso medio,Adulto Mayor
10433,11,5,9.6,Mateo,Gomez,71,,2022-04-29 13:31:16.969242312,Basico,"1,72904E+18",Alto uso,Adulto Mayor
10434,8,2,16.57,Carlos,Ramirez,34,Cali,2022-04-29 20:05:34.883720930,Basico,,Uso medio,Adulto
10435,5,4,40.2,Carlos,Ramirez,36,Cali,2022-04-30 02:39:52.798199550,Premium,,Uso medio,Adulto
10436,2,1,1.08,Carlos,Torres,44,Medellín,2022-04-30 09:14:10.712678170,Basico,,Bajo uso,Adulto
10437,7,8,57.49,Mateo,Ramirez,23,,2022-04-30 15:48:28.627156790,Premium,,Uso medio,Joven
10438,3,3,6.3100000000000005,Carlos,Lopez,52,Medellín,2022-04-30 22:22:46.541635410,Premium,,Bajo uso,Adulto
10439,0,9,59.42,Mariana,Gomez,73,,2022-05-01 04:57:04.456114030,Premium,,Uso medio,Adulto Mayor
10440,7,5,10.95,Mateo,Lopez,54,,2022-05-01 11:31:22.370592648,Basico,,Uso medio,Adulto
10441,9,3,6.9,Carlos,Garcia,51,,2022-05-01 18:05:40.285071268,Basico,,Uso medio,Adulto
10442,4,2,11.65,Mariana,Torres,37,MTY,2022-05-02 00:39:58.199549888,Basico,,Bajo uso,Adulto
10443,5,6,21.59,Sofia,Ramirez,42,CDMX,2022-05-02 07:14:16.114028508,Basico,"1,72333E+18",Uso medio,Adulto
10444,6,2,14.69,Carlos,Garcia,21,CDMX,2022-05-02 13:48:34.028507128,Basico,,Uso medio,Joven
10445,7,6,37.78,Mateo,Ramirez,27,CDMX,2022-05-02 20:22:51.942985748,Premium,"1,72826E+18",Uso medio,Joven
10446,4,5,21.25,Luis,Gomez,27,CDMX,2022-05-03 02:57:09.857464366,Premium,,Uso medio,Joven
10447,6,6,47.08,Carlos,Gomez,41,GDL,2022-05-03 09:31:27.771942986,Premium,,Uso medio,Adulto
10448,4,3,7.15,Luis,Gomez,38,MTY,2022-05-03 16:05:45.686421606,Premium,,Bajo uso,Adulto
10449,4,7,41.99,Mariana,Ramirez,28,Bogotá,2022-05-03 22:40:03.600900226,Basico,,Uso medio,Joven
10450,3,3,9.15,Sofia,Garcia,44,Medellín,2022-05-04 05:14:21.515378846,Basico,,Bajo uso,Adulto
10451,7,3,13.92,Ana,Gomez,33,GDL,2022-05-04 11:48:39.429857464,Basico,,Uso medio,Adulto
10452,1,6,19.98,Sofia,Garcia,43,Medellín,2022-05-04 18:22:57.344336084,Basico,,Uso medio,Adulto
10453,7,4,18.2,Carlos,Ramirez,78,Medellín,2022-05-05 00:57:15.258814704,Basico,,Uso medio,Adulto Mayor
10454,5,6,26.130000000000003,Luis,Garcia,78,Bogotá,2022-05-05 07:31:33.173293324,Premium,,Uso medio,Adulto Mayor
10455,8,1,0.6,Luis,Ramirez,47,,2022-05-05 14:05:51.087771944,Premium,,Uso medio,Adulto
10456,12,1,2.24,Mateo,Ramirez,47,CDMX,2022-05-05 20:40:09.002250564,Basico,"1,72653E+18",Alto uso,Adulto
10457,4,8,49.07,Luis,Torres,66,CDMX,2022-05-06 03:14:26.916729182,Basico,,Uso medio,Adulto Mayor
10458,4,7,77.75999999999999,Mateo,Ramirez,33,Bogotá,2022-05-06 09:48:44.831207802,Basico,,Uso medio,Adulto
10459,6,3,2.5500000000000003,Mariana,Ramirez,24,CDMX,2022-05-06 16:23:02.745686422,Basico,,Uso medio,Joven
10460,1,5,26.79,Ana,Lopez,33,Bogotá,2022-05-06 22:57:20.660165042,Basico,"1,72014E+18",Uso medio,Adulto
10461,5,8,51.38,Carlos,Gomez,52,MTY,2022-05-07 05:31:38.574643662,Premium,,Uso medio,Adulto
10462,10,4,8.39,Mateo,Torres,75,GDL,2022-05-07 12:05:56.489122282,Premium,,Alto uso,Adulto Mayor
10463,4,2,6.300000000000001,Ana,Torres,33,CDMX,2022-05-07 18:40:14.403600900,Basico,,Bajo uso,Adulto
10464,4,4,26.64,Luis,Torres,57,MTY,2022-05-08 01:14:32.318079520,Premium,,Bajo uso,Adulto
10465,5,6,19.07,Luis,Lopez,79,Medellín,2022-05-08 07:48:50.232558140,Basico,,Uso medio,Adulto Mayor
10466,5,3,14.899999999999999,Ana,Ramirez,29,Bogotá,2022-05-08 14:23:08.147036760,Premium,,Uso medio,Joven
10467,4,3,18.77,Luis,Gomez,52,CDMX,2022-05-08 20:57:26.061515380,Basico,"1,72912E+18",Bajo uso,Adulto
10468,3,5,26.64,Mariana,Garcia,66,CDMX,2022-05-09 03:31:43.975994000,Premium,,Uso medio,Adulto Mayor
10469,6,5,9.31,Mariana,Ramirez,38,CDMX,2022-05-09 10:06:01.890472618,Premium,,Uso medio,Adulto
10470,8,3,20.21,Ana,Lopez,67,CDMX,2022-05-09 16:40:19.804951238,Premium,,Uso medio,Adulto Mayor
10471,3,8,27.75,Mateo,Ramirez,60,,2022-05-09 23:14:37.719429858,Basico,,Uso medio,Adulto Mayor
10472,3,0,0.0,Mateo,Ramirez,53,CDMX,2022-05-10 05:48:55.633908478,Premium,,Bajo uso,Adulto
10473,9,5,12.36,Ana,Lopez,65,Medellín,2022-05-10 12:23:13.548387098,Basico,,Uso medio,Adulto Mayor
10474,5,8,36.55,Mateo,Torres,34,,2022-05-10 18:57:31.462865718,Basico,,Uso medio,Adulto
10475,4,1,8.84,Mateo,Torres,49,CDMX,2022-05-11 01:31:49.377344336,Basico,"1,72256E+18",Bajo uso,Adulto
10476,8,2,2.4699999999999998,Mariana,Gomez,58,Bogotá,2022-05-11 08:06:07.291822956,Premium,,Uso medio,Adulto
10477,4,3,6.48,Mateo,Gomez,23,,2022-05-11 14:40:25.206301576,Premium,,Bajo uso,Joven
10478,6,3,21.72,Sofia,Torres,41,Cali,2022-05-11 21:14:43.120780196,Basico,,Uso medio,Adulto
10479,7,2,12.47,Carlos,Garcia,44,Bogotá,2022-05-12 03:49:01.035258816,Basico,,Uso medio,Adulto
10480,5,4,11.77,Luis,Ramirez,37,Cali,2022-05-12 10:23:18.949737436,Premium,,Uso medio,Adulto
10481,3,3,7.68,Sofia,Garcia,42,Cali,2022-05-12 16:57:36.864216054,Basico,,Bajo uso,Adulto
10482,11,7,55.1,Mateo,Ramirez,19,MTY,2022-05-12 23:31:54.778694674,Basico,,Alto uso,Joven
10483,5,2,4.640000000000001,Mariana,Torres,26,,2022-05-13 06:06:12.693173294,Basico,,Uso medio,Joven
10484,7,6,137.07,Ana,Gomez,45,Bogotá,2022-05-13 12:40:30.607651914,Premium,,Uso medio,Adulto
10485,7,5,29.58,Mateo,Gomez,70,Bogotá,2022-05-13 19:14:48.522130534,Basico,"1,72204E+18",Uso medio,Adulto Mayor
10486,6,4,24.5,Mariana,Garcia,78,,2022-05-14 01:49:06.436609152,Premium,,Uso medio,Adulto Mayor
10487,5,9,74.14,Carlos,Gomez,55,Cali,2022-05-14 08:23:24.351087772,Basico,,Uso medio,Adulto
10488,6,4,31.82,Mateo,Torres,20,MTY,2022-05-14 14:57:42.265566392,Basico,"1,71979E+18",Uso medio,Joven
10489,8,4,23.740000000000002,Ana,Garcia,37,CDMX,2022-05-14 21:32:00.180045012,Basico,,Uso medio,Adulto
10490,5,5,24.64,Mariana,Ramirez,23,Medellín,2022-05-15 04:06:18.094523632,Basico,,Uso medio,Joven
10491,3,7,33.42,Mariana,Gomez,56,Medellín,2022-05-15 10:40:36.009002252,Basico,,Uso medio,Adulto
10492,6,3,21.49,Mariana,Lopez,50,Medellín,2022-05-15 17:14:53.923480870,Basico,,Uso medio,Adulto
10493,6,3,6.24,Carlos,Gomez,72,,2022-05-15 23:49:11.837959490,Premium,,Uso medio,Adulto Mayor
10494,4,7,34.29,Mateo,Ramirez,18,,2022-05-16 06:23:29.752438110,Basico,,Uso medio,Joven
10495,6,5,35.34,Carlos,Garcia,54,Bogotá,2022-05-16 12:57:47.666916730,Premium,,Uso medio,Adulto
10496,6,6,24.049999999999997,Luis,Ramirez,23,CDMX,2022-05-16 19:32:05.581395350,Premium,"1,71867E+18",Uso medio,Joven
10497,5,3,19.18,Luis,Lopez,62,Bogotá,2022-05-17 02:06:23.495873970,Premium,,Uso medio,Adulto Mayor
10498,2,8,57.410000000000004,Mateo,Torres,51,Medellín,2022-05-17 08:40:41.410352588,Premium,,Uso medio,Adulto
10499,9,8,27.759999999999998,Carlos,Gomez,64,Medellín,2022-05-17 15:14:59.324831208,Basico,,Uso medio,Adulto Mayor
10500,6,2,5.47,Ana,Garcia,32,Bogotá,2022-05-17 21:49:17.239309828,Basico,,Uso medio,Adulto
10501,6,2,4.35,Mariana,Torres,62,Bogotá,2022-05-18 04:23:35.153788448,Premium,,Uso medio,Adulto Mayor
10502,4,4,38.89,Mariana,Ramirez,43,GDL,2022-05-18 10:57:53.068267068,Premium,"1,73284E+18",Bajo uso,Adulto
10503,9,2,13.35,Mateo,Garcia,74,GDL,2022-05-18 17:32:10.982745688,Premium,,Uso medio,Adulto Mayor
10504,5,5,30.209999999999997,Luis,Torres,31,Bogotá,2022-05-19 00:06:28.897224306,Premium,,Uso medio,Adulto
10505,5,2,9.92,Luis,Garcia,75,CDMX,,Basico,,Uso medio,Adulto Mayor
10506,4,3,31.85,Mariana,Lopez,71,MTY,2022-05-19 13:15:04.726181546,Basico,,Bajo uso,Adulto Mayor
10507,6,2,16.39,Mateo,Lopez,24,MTY,2022-05-19 19:49:22.640660166,Premium,,Uso medio,Joven
10508,4,4,7.3999999999999995,Carlos,Gomez,63,Bogotá,2022-05-20 02:23:40.555138786,Basico,,Bajo uso,Adulto Mayor
10509,8,2,32.02,Luis,Gomez,47,CDMX,2022-05-20 08:57:58.469617406,Basico,,Uso medio,Adulto
10510,4,3,2.9,Carlos,Lopez,75,Cali,2022-05-20 15:32:16.384096024,Basico,,Bajo uso,Adulto Mayor
10511,6,2,10.54,Luis,Garcia,48,Bogotá,2022-05-20 22:06:34.298574644,Basico,,Uso medio,Adulto
10512,6,3,14.399999999999999,Luis,Lopez,41,Medellín,2022-05-21 04:40:52.213053264,Basico,,Uso medio,Adulto
10513,6,7,16.94,Sofia,Gomez,76,Medellín,2022-05-21 11:15:10.127531884,Premium,,Uso medio,Adulto Mayor
10514,5,6,30.7,Luis,Lopez,48,GDL,2022-05-21 17:49:28.042010504,Premium,,Uso medio,Adulto
10515,3,3,19.36,Ana,Lopez,46,Bogotá,2022-05-22 00:23:45.956489122,Premium,,Bajo uso,Adulto
10516,10,0,0.0,Mateo,Garcia,59,,2022-05-22 06:58:03.870967742,Basico,,Alto uso,Adulto
10517,7,2,13.0,Mateo,Torres,49,Cali,2022-05-22 13:32:21.785446362,Premium,,Uso medio,Adulto
10518,5,6,36.13,Carlos,Gomez,34,,2022-05-22 20:06:39.699924982,Basico,,Uso medio,Adulto
10519,6,5,35.5,Luis,Garcia,31,Medellín,2022-05-23 02:40:57.614403602,Premium,,Uso medio,Adulto
10520,5,2,9.82,Ana,Lopez,57,CDMX,2022-05-23 09:15:15.528882222,Basico,,Uso medio,Adulto
10521,8,6,18.18,Carlos,Lopez,53,CDMX,2022-05-23 15:49:33.443360840,Basico,,Uso medio,Adulto
10522,7,9,23.2,Sofia,Torres,75,Bogotá,2022-05-23 22:23:51.357839460,Basico,,Uso medio,Adulto Mayor
10523,11,5,41.14,Carlos,Gomez,65,MTY,2022-05-24 04:58:09.272318080,Premium,,Alto uso,Adulto Mayor
10524,6,3,7.38,Carlos,Gomez,41,GDL,2022-05-24 11:32:27.186796700,Basico,,Uso medio,Adulto
10525,4,3,8.36,Luis,Ramirez,62,Cali,2022-05-24 18:06:45.101275320,Basico,,Bajo uso,Adulto Mayor
10526,4,3,19.900000000000002,Sofia,Gomez,47,MTY,2022-05-25 00:41:03.015753940,Basico,,Bajo uso,Adulto
10527,9,4,10.45,Carlos,Torres,71,MTY,,Basico,,Uso medio,Adulto Mayor
10528,7,3,25.75,Ana,Ramirez,44,Cali,2022-05-25 13:49:38.844711178,Basico,"1,72117E+18",Uso medio,Adulto
10529,7,8,16.84,Ana,Ramirez,42,Cali,2022-05-25 20:23:56.759189798,Basico,,Uso medio,Adulto
10530,5,1,2.53,Mateo,Lopez,76,MTY,2022-05-26 02:58:14.673668418,Basico,,Uso medio,Adulto Mayor
10531,3,5,16.67,Sofia,Lopez,49,Cali,2022-05-26 09:32:32.588147038,Basico,,Uso medio,Adulto
10532,6,5,27.68,Sofia,Gomez,69,,2022-05-26 16:06:50.502625658,Basico,,Uso medio,Adulto Mayor
10533,5,7,32.2,Mateo,Ramirez,35,Bogotá,2022-05-26 22:41:08.417104276,Basico,,Uso medio,Adulto
10534,3,4,153.06,Carlos,Lopez,63,CDMX,2022-05-27 05:15:26.331582896,Premium,,Bajo uso,Adulto Mayor
10535,8,7,54.08,Sofia,Torres,35,CDMX,2022-05-27 11:49:44.246061516,Basico,,Uso medio,Adulto
10536,3,5,6.92,Ana,Lopez,54,Bogotá,2022-05-27 18:24:02.160540136,Basico,,Uso medio,Adulto
10537,5,5,26.810000000000002,Ana,Lopez,43,MTY,2022-05-28 00:58:20.075018756,Basico,,Uso medio,Adulto
10538,6,4,8.95,Luis,Ramirez,26,,2022-05-28 07:32:37.989497376,Basico,,Uso medio,Joven
10539,14,5,8.66,Sofia,Ramirez,77,Cali,2022-05-28 14:06:55.903975994,Basico,,Alto uso,Adulto Mayor
10540,7,5,36.36,Carlos,Garcia,52,Cali,2022-05-28 20:41:13.818454614,Basico,,Uso medio,Adulto
10541,4,3,39.64,Mateo,Torres,25,,2022-05-29 03:15:31.732933234,Basico,,Bajo uso,Joven
10542,3,0,0.0,Mateo,Ramirez,37,,2022-05-29 09:49:49.647411854,Basico,,Bajo uso,Adulto
10543,5,5,48.47,Carlos,Gomez,71,MTY,2022-05-29 16:24:07.561890474,Premium,,Uso medio,Adulto Mayor
10544,5,4,16.93,Mariana,Torres,59,CDMX,2022-05-29 22:58:25.476369092,Premium,,Uso medio,Adulto
10545,5,4,20.299999999999997,Luis,Torres,39,Medellín,2022-05-30 05:32:43.390847712,Premium,,Uso medio,Adulto
10546,7,6,30.22,Mateo,Ramirez,36,MTY,2022-05-30 12:07:01.305326332,Basico,,Uso medio,Adulto
10547,3,3,9.43,Sofia,Torres,47,Bogotá,2022-05-30 18:41:19.219804952,Premium,,Bajo uso,Adulto
10548,9,4,14.57,Luis,Ramirez,70,Medellín,2022-05-31 01:15:37.134283572,Premium,,Uso medio,Adulto Mayor
10549,2,7,42.63,Sofia,Lopez,45,,2022-05-31 07:49:55.048762192,Premium,,Uso medio,Adulto
10550,3,6,23.83,Ana,Garcia,52,Bogotá,2022-05-31 14:24:12.963240810,Basico,"1,71841E+18",Uso medio,Adulto
10551,6,4,26.35,Luis,Lopez,60,Cali,2022-05-31 20:58:30.877719430,Basico,,Uso medio,Adulto Mayor
10552,5,3,12.69,Mateo,Ramirez,47,GDL,2022-06-01 03:32:48.792198050,Basico,,Uso medio,Adulto
10553,5,4,18.0,Luis,Ramirez,28,Medellín,2022-06-01 10:07:06.706676670,Basico,"1,72428E+18",Uso medio,Joven
10554,6,7,39.24,Luis,Lopez,48,CDMX,2022-06-01 16:41:24.621155290,Basico,,Uso medio,Adulto
10555,5,7,43.55,Luis,Gomez,66,,2022-06-01 23:15:42.535633910,Premium,,Uso medio,Adulto Mayor
10556,5,6,14.89,Mariana,Gomez,65,CDMX,2022-06-02 05:50:00.450112528,Premium,,Uso medio,Adulto Mayor
10557,4,5,23.61,Luis,Gomez,56,Medellín,2022-06-02 12:24:18.364591148,Basico,,Uso medio,Adulto
10558,4,7,27.1,Sofia,Ramirez,53,CDMX,2022-06-02 18:58:36.279069768,Basico,,Uso medio,Adulto
10559,7,4,17.64,Ana,Torres,47,GDL,2022-06-03 01:32:54.193548388,Basico,,Uso medio,Adulto
10560,5,5,17.75,Carlos,Ramirez,40,Bogotá,2022-06-03 08:07:12.108027008,Basico,,Uso medio,Adulto
10561,5,6,31.41,Luis,Torres,36,Bogotá,2022-06-03 14:41:30.022505628,Basico,,Uso medio,Adulto
10562,3,4,17.68,Mateo,Lopez,29,GDL,2022-06-03 21:15:47.936984246,Basico,,Bajo uso,Joven
10563,6,5,13.65,Luis,Garcia,32,MTY,2022-06-04 03:50:05.851462866,Basico,,Uso medio,Adulto
10564,2,3,27.15,Mateo,Torres,48,Medellín,2022-06-04 10:24:23.765941486,Premium,,Bajo uso,Adulto
10565,4,4,17.94,Sofia,Gomez,60,Medellín,2022-06-04 16:58:41.680420106,Basico,,Bajo uso,Adulto Mayor
10566,5,3,9.57,Mateo,Ramirez,54,CDMX,2022-06-04 23:32:59.594898726,Basico,,Uso medio,Adulto
10567,1,5,17.79,Carlos,Lopez,54,Medellín,2022-06-05 06:07:17.509377346,Basico,"1,72593E+18",Uso medio,Adulto
10568,8,4,2.35,Ana,Gomez,32,CDMX,2022-06-05 12:41:35.423855964,Basico,,Uso medio,Adulto
10569,6,5,9.21,Mateo,Lopez,46,Bogotá,2022-06-05 19:15:53.338334584,Basico,,Uso medio,Adulto
10570,6,4,10.95,Mateo,Garcia,67,GDL,2022-06-06 01:50:11.252813204,Basico,,Uso medio,Adulto Mayor
10571,4,1,2.17,Ana,Ramirez,60,Bogotá,2022-06-06 08:24:29.167291824,Basico,,Bajo uso,Adulto Mayor
10572,8,2,10.14,Carlos,Ramirez,43,GDL,2022-06-06 14:58:47.081770444,Basico,"1,73336E+18",Uso medio,Adulto
10573,6,3,6.68,Luis,Garcia,61,,2022-06-06 21:33:04.996249064,Premium,,Uso medio,Adulto Mayor
10574,9,8,31.02,Mateo,Ramirez,19,MTY,2022-06-07 04:07:22.910727682,Basico,,Uso medio,Joven
10575,2,4,10.05,Ana,Torres,37,GDL,2022-06-07 10:41:40.825206302,Basico,,Bajo uso,Adulto
10576,7,5,60.2,Sofia,Lopez,32,GDL,2022-06-07 17:15:58.739684922,Basico,,Uso medio,Adulto
10577,6,6,22.18,Ana,Gomez,69,,2022-06-07 23:50:16.654163542,Premium,,Uso medio,Adulto Mayor
10578,4,5,21.290000000000003,Sofia,Garcia,21,Medellín,2022-06-08 06:24:34.568642162,Basico,,Uso medio,Joven
10579,3,3,18.830000000000002,Carlos,Torres,39,Medellín,2022-06-08 12:58:52.483120780,Basico,,Bajo uso,Adulto
10580,7,4,19.77,Luis,Gomez,67,,2022-06-08 19:33:10.397599400,Premium,,Uso medio,Adulto Mayor
10581,6,5,16.91,Ana,Gomez,55,,2022-06-09 02:07:28.312078020,Basico,,Uso medio,Adulto
10582,6,5,12.51,Mariana,Garcia,40,Medellín,2022-06-09 08:41:46.226556640,Basico,,Uso medio,Adulto
10583,5,5,16.95,Mateo,Torres,76,GDL,2022-06-09 15:16:04.141035260,Basico,,Uso medio,Adulto Mayor
10584,7,7,29.599999999999998,Carlos,Gomez,43,Cali,2022-06-09 21:50:22.055513880,Premium,,Uso medio,Adulto
10585,5,5,153.01999999999998,Ana,Gomez,68,GDL,2022-06-10 04:24:39.969992498,Premium,,Uso medio,Adulto Mayor
10586,5,4,19.77,Mateo,Torres,28,Medellín,2022-06-10 10:58:57.884471118,Premium,,Uso medio,Joven
10587,8,2,28.060000000000002,Ana,Ramirez,45,Medellín,2022-06-10 17:33:15.798949738,Premium,,Uso medio,Adulto
10588,9,5,19.09,Sofia,Gomez,73,Cali,2022-06-11 00:07:33.713428358,Premium,,Uso medio,Adulto Mayor
10589,11,1,2.9,Ana,Lopez,19,Bogotá,2022-06-11 06:41:51.627906978,Basico,,Alto uso,Joven
10590,7,4,26.73,Mariana,Torres,76,Medellín,2022-06-11 13:16:09.542385598,Premium,,Uso medio,Adulto Mayor
10591,12,2,16.52,Ana,Gomez,25,,2022-06-11 19:50:27.456864216,Basico,,Alto uso,Joven
10592,7,2,6.34,Ana,Garcia,46,CDMX,2022-06-12 02:24:45.371342836,Basico,,Uso medio,Adulto
10593,2,5,20.55,Mariana,Lopez,28,MTY,2022-06-12 08:59:03.285821456,Basico,,Uso medio,Joven
10594,8,3,24.669999999999998,Carlos,Gomez,54,Medellín,2022-06-12 15:33:21.200300076,Basico,,Uso medio,Adulto
10595,3,8,30.6,Ana,Lopez,35,,2022-06-12 22:07:39.114778696,Premium,,Uso medio,Adulto
10596,7,6,42.43,Mariana,Lopez,72,CDMX,2022-06-13 04:41:57.029257316,Basico,,Uso medio,Adulto Mayor
10597,5,6,29.3,Mateo,Ramirez,79,CDMX,2022-06-13 11:16:14.943735934,Basico,,Uso medio,Adulto Mayor
10598,7,3,4.62,Sofia,Lopez,67,CDMX,2022-06-13 17:50:32.858214554,Basico,"1,72817E+18",Uso medio,Adulto Mayor
10599,4,8,37.95,Sofia,Ramirez,31,CDMX,2022-06-14 00:24:50.772693174,Premium,,Uso medio,Adulto
10600,2,6,46.71,Ana,Torres,71,,2022-06-14 06:59:08.687171794,Premium,,Uso medio,Adulto Mayor
10601,8,3,21.48,Carlos,Ramirez,27,Medellín,2022-06-14 13:33:26.601650414,Basico,"1,72731E+18",Uso medio,Joven
10602,4,5,22.91,Carlos,Garcia,52,Medellín,2022-06-14 20:07:44.516129034,Basico,,Uso medio,Adulto
10603,9,4,18.189999999999998,Mateo,Gomez,26,Bogotá,2022-06-15 02:42:02.430607652,Basico,,Uso medio,Joven
10604,5,7,38.29,Ana,Torres,52,Cali,2022-06-15 09:16:20.345086272,Basico,,Uso medio,Adulto
10605,7,5,23.99,Sofia,Torres,28,CDMX,2022-06-15 15:50:38.259564892,Basico,,Uso medio,Joven
10606,9,4,7.36,Carlos,Garcia,47,MTY,2022-06-15 22:24:56.174043512,Premium,,Uso medio,Adulto
10607,8,7,57.629999999999995,Ana,Ramirez,61,Bogotá,2022-06-16 04:59:14.088522132,Basico,,Uso medio,Adulto Mayor
10608,4,4,11.809999999999999,Carlos,Gomez,29,CDMX,2022-06-16 11:33:32.003000752,Basico,,Bajo uso,Joven
10609,6,4,7.7,Mariana,Ramirez,20,Bogotá,2022-06-16 18:07:49.917479370,Basico,,Uso medio,Joven
10610,6,7,49.019999999999996,Carlos,Lopez,70,MTY,2022-06-17 00:42:07.831957990,Basico,"1,71901E+18",Uso medio,Adulto Mayor
10611,10,7,52.120000000000005,Sofia,Ramirez,56,CDMX,2022-06-17 07:16:25.746436610,Basico,,Alto uso,Adulto
10612,4,7,38.19,Luis,Torres,31,CDMX,2022-06-17 13:50:43.660915230,Basico,,Uso medio,Adulto
10613,7,4,8.2,Mateo,Gomez,73,Cali,2022-06-17 20:25:01.575393850,Basico,,Uso medio,Adulto Mayor
10614,6,4,27.83,Mateo,Ramirez,45,CDMX,2022-06-18 02:59:19.489872468,Premium,,Uso medio,Adulto
10615,5,1,4.3,Sofia,Gomez,28,,2022-06-18 09:33:37.404351088,Basico,,Uso medio,Joven
10616,6,4,16.21,Carlos,Gomez,56,CDMX,2022-06-18 16:07:55.318829708,Basico,"1,73344E+18",Uso medio,Adulto
10617,5,4,12.809999999999999,Ana,Lopez,42,Cali,2022-06-18 22:42:13.233308328,Basico,,Uso medio,Adulto
10618,2,4,12.040000000000001,Carlos,Lopez,38,,2022-06-19 05:16:31.147786948,Premium,,Bajo uso,Adulto
10619,10,7,24.8,Sofia,Torres,27,,2022-06-19 11:50:49.062265568,Basico,,Alto uso,Joven
10620,7,3,18.05,Mateo,Garcia,60,,2022-06-19 18:25:06.976744186,Basico,,Uso medio,Adulto Mayor
10621,4,6,17.78,Carlos,Gomez,32,GDL,2022-06-20 00:59:24.891222806,Premium,,Uso medio,Adulto
10622,7,1,3.44,Mateo,Garcia,36,MTY,2022-06-20 07:33:42.805701426,Basico,,Uso medio,Adulto
10623,8,8,33.69,Ana,Torres,65,Bogotá,2022-06-20 14:08:00.720180046,Basico,,Uso medio,Adulto Mayor
10624,5,6,23.04,Mateo,Gomez,39,CDMX,2022-06-20 20:42:18.634658666,Premium,,Uso medio,Adulto
10625,8,2,2.02,Mateo,Gomez,38,CDMX,2022-06-21 03:16:36.549137286,Basico,,Uso medio,Adulto
10626,6,6,19.89,Luis,Garcia,77,,2022-06-21 09:50:54.463615904,Premium,,Uso medio,Adulto Mayor
10627,8,7,13.66,Luis,Ramirez,69,Bogotá,2022-06-21 16:25:12.378094524,Basico,,Uso medio,Adulto Mayor
10628,7,3,8.58,Mariana,Lopez,61,Medellín,2022-06-21 22:59:30.292573144,Basico,,Uso medio,Adulto Mayor
10629,7,2,7.5,Luis,Ramirez,49,,2022-06-22 05:33:48.207051764,Premium,,Uso medio,Adulto
10630,4,4,34.06,Mateo,Garcia,67,Medellín,2022-06-22 12:08:06.121530384,Premium,"1,72714E+18",Bajo uso,Adulto Mayor
10631,8,6,19.73,Sofia,Lopez,40,Medellín,2022-06-22 18:42:24.036009004,Premium,,Uso medio,Adulto
10632,4,4,11.95,Mateo,Ramirez,30,Cali,2022-06-23 01:16:41.950487622,Basico,,Bajo uso,Adulto
10633,3,8,85.8,Sofia,Lopez,22,CDMX,2022-06-23 07:50:59.864966242,Basico,,Uso medio,Joven
10634,2,5,39.379999999999995,Sofia,Gomez,21,MTY,2022-06-23 14:25:17.779444862,Basico,,Uso medio,Joven
10635,6,2,3.1799999999999997,Luis,Ramirez,45,,2022-06-23 20:59:35.693923482,Basico,"1,73146E+18",Uso medio,Adulto
10636,7,3,16.79,Carlos,Lopez,31,,2022-06-24 03:33:53.608402102,Basico,,Uso medio,Adulto
10637,1,5,24.98,Ana,Lopez,25,,2022-06-24 10:08:11.522880722,Basico,,Uso medio,Joven
10638,7,3,8.71,Luis,Lopez,26,Bogotá,2022-06-24 16:42:29.437359340,Basico,,Uso medio,Joven
10639,5,8,40.79,Luis,Ramirez,74,,2022-06-24 23:16:47.351837960,Basico,,Uso medio,Adulto Mayor
10640,6,5,44.6,Carlos,Torres,68,CDMX,2022-06-25 05:51:05.266316580,Basico,,Uso medio,Adulto Mayor
10641,7,3,21.47,Ana,Ramirez,52,CDMX,2022-06-25 12:25:23.180795200,Premium,,Uso medio,Adulto
10642,5,4,25.77,Mateo,Garcia,54,Bogotá,2022-06-25 18:59:41.095273820,Premium,,Uso medio,Adulto
10643,4,6,27.21,Mariana,Ramirez,38,Bogotá,2022-06-26 01:33:59.009752438,Basico,,Uso medio,Adulto
10644,4,2,2.59,Mariana,Lopez,75,GDL,2022-06-26 08:08:16.924231058,Premium,,Bajo uso,Adulto Mayor
10645,6,1,12.8,Mateo,Gomez,35,MTY,2022-06-26 14:42:34.838709678,Basico,,Uso medio,Adulto
10646,6,4,41.53,Luis,Ramirez,50,CDMX,,Premium,,Uso medio,Adulto
10647,3,4,22.87,Ana,Ramirez,25,Bogotá,2022-06-27 03:51:10.667666918,Basico,"1,72532E+18",Bajo uso,Joven
10648,4,2,13.19,Luis,Lopez,68,Cali,2022-06-27 10:25:28.582145538,Basico,,Bajo uso,Adulto Mayor
10649,3,5,36.72,Sofia,Gomez,66,Medellín,2022-06-27 16:59:46.496624156,Premium,,Uso medio,Adulto Mayor
10650,5,5,13.39,Luis,Gomez,34,CDMX,2022-06-27 23:34:04.411102776,Basico,,Uso medio,Adulto
10651,3,4,23.58,Luis,Garcia,60,Bogotá,2022-06-28 06:08:22.325581396,Premium,,Bajo uso,Adulto Mayor
10652,8,7,22.5,Mateo,Ramirez,48,Medellín,2022-06-28 12:42:40.240060016,Premium,,Uso medio,Adulto
10653,9,4,21.27,Mateo,Gomez,51,Bogotá,2022-06-28 19:16:58.154538636,Premium,,Uso medio,Adulto
10654,7,5,12.809999999999999,Mateo,Gomez,23,MTY,2022-06-29 01:51:16.069017256,Basico,,Uso medio,Joven
10655,7,4,18.98,Mariana,Torres,39,Medellín,2022-06-29 08:25:33.983495874,Basico,,Uso medio,Adulto
10656,8,5,23.58,Sofia,Torres,31,,2022-06-29 14:59:51.897974494,Basico,,Uso medio,Adulto
10657,7,3,20.759999999999998,Mateo,Gomez,20,CDMX,2022-06-29 21:34:09.812453114,Premium,"1,72308E+18",Uso medio,Joven
10658,4,3,7.2,Ana,Garcia,29,MTY,2022-06-30 04:08:27.726931734,Basico,,Bajo uso,Joven
10659,4,4,19.56,Mariana,Gomez,53,Bogotá,2022-06-30 10:42:45.641410354,Basico,,Bajo uso,Adulto
10660,1,1,8.88,Carlos,Lopez,29,Bogotá,2022-06-30 17:17:03.555888974,Basico,,Bajo uso,Joven
10661,6,4,10.72,Ana,Ramirez,62,CDMX,2022-06-30 23:51:21.470367592,Basico,,Uso medio,Adulto Mayor
10662,3,4,30.07,Ana,Garcia,19,CDMX,2022-07-01 06:25:39.384846212,Basico,"1,72809E+18",Bajo uso,Joven
10663,2,4,12.66,Mateo,Lopez,19,GDL,2022-07-01 12:59:57.299324832,Basico,,Bajo uso,Joven
10664,9,4,13.05,Carlos,Garcia,32,,2022-07-01 19:34:15.213803452,Premium,,Uso medio,Adulto
10665,5,8,43.82,Carlos,Lopez,40,Medellín,2022-07-02 02:08:33.128282072,Basico,,Uso medio,Adulto
10666,3,8,50.02,Mariana,Ramirez,46,Medellín,2022-07-02 08:42:51.042760692,Premium,,Uso medio,Adulto
10667,5,4,30.04,Carlos,Ramirez,34,Cali,2022-07-02 15:17:08.957239310,Premium,,Uso medio,Adulto
10668,5,5,9.08,Sofia,Torres,49,CDMX,2022-07-02 21:51:26.871717930,Basico,,Uso medio,Adulto
10669,5,2,12.7,Mateo,Lopez,24,,2022-07-03 04:25:44.786196550,Basico,,Uso medio,Joven
10670,12,3,19.13,Carlos,Torres,47,Bogotá,2022-07-03 11:00:02.700675170,Basico,,Alto uso,Adulto
10671,6,7,27.19,Mariana,Lopez,45,MTY,2022-07-03 17:34:20.615153790,Basico,,Uso medio,Adulto
10672,6,5,18.71,Sofia,Torres,31,Cali,2022-07-04 00:08:38.529632408,Premium,,Uso medio,Adulto
10673,7,5,11.14,Luis,Ramirez,61,Cali,2022-07-04 06:42:56.444111028,Basico,,Uso medio,Adulto Mayor
10674,6,3,10.36,Luis,Garcia,47,Cali,2022-07-04 13:17:14.358589648,Basico,,Uso medio,Adulto
10675,6,8,70.58,Sofia,Torres,34,CDMX,2022-07-04 19:51:32.273068268,Basico,,Uso medio,Adulto
10676,5,4,10.58,Mariana,Lopez,49,,2022-07-05 02:25:50.187546888,Premium,,Uso medio,Adulto
10677,5,6,26.59,Sofia,Lopez,63,,2022-07-05 09:00:08.102025508,Basico,"1,73413E+18",Uso medio,Adulto Mayor
10678,3,9,28.91,Mateo,Ramirez,23,MTY,2022-07-05 15:34:26.016504126,Basico,,Uso medio,Joven
10679,3,4,10.469999999999999,Mateo,Lopez,68,CDMX,2022-07-05 22:08:43.930982746,Basico,,Bajo uso,Adulto Mayor
10680,11,7,33.39,Luis,Gomez,41,CDMX,2022-07-06 04:43:01.845461366,Premium,,Alto uso,Adulto
10681,9,4,33.81,Carlos,Garcia,23,,2022-07-06 11:17:19.759939986,Basico,,Uso medio,Joven
10682,4,4,14.12,Mariana,Torres,44,Bogotá,2022-07-06 17:51:37.674418606,Basico,"1,72826E+18",Bajo uso,Adulto
10683,4,2,4.95,Luis,Garcia,35,MTY,2022-07-07 00:25:55.588897226,Basico,,Bajo uso,Adulto
10684,7,3,13.35,Carlos,Ramirez,41,GDL,2022-07-07 07:00:13.503375844,Premium,"1,71945E+18",Uso medio,Adulto
10685,4,6,63.260000000000005,Carlos,Torres,54,GDL,2022-07-07 13:34:31.417854464,Basico,,Uso medio,Adulto
10686,6,4,41.29,Mateo,Torres,73,Medellín,2022-07-07 20:08:49.332333084,Premium,,Uso medio,Adulto Mayor
10687,7,4,13.0,Ana,Gomez,41,Bogotá,2022-07-08 02:43:07.246811704,Basico,,Uso medio,Adulto
10688,8,6,19.53,Ana,Ramirez,55,,2022-07-08 09:17:25.161290324,Basico,"1,72999E+18",Uso medio,Adulto
10689,6,3,6.27,Sofia,Lopez,51,Medellín,2022-07-08 15:51:43.075768944,Premium,"1,71832E+18",Uso medio,Adulto
10690,4,6,28.130000000000003,Mateo,Gomez,57,Cali,2022-07-08 22:26:00.990247562,Premium,,Uso medio,Adulto
10691,4,4,14.9,Carlos,Gomez,64,GDL,2022-07-09 05:00:18.904726182,Premium,,Bajo uso,Adulto Mayor
10692,5,7,25.97,Mariana,Garcia,32,CDMX,2022-07-09 11:34:36.819204802,Premium,,Uso medio,Adulto
10693,3,3,14.91,Ana,Garcia,28,Bogotá,2022-07-09 18:08:54.733683422,Basico,,Bajo uso,Joven
10694,1,3,21.99,Carlos,Garcia,39,MTY,2022-07-10 00:43:12.648162042,Premium,"1,72463E+18",Bajo uso,Adulto
10695,6,6,45.19,Ana,Gomez,71,GDL,2022-07-10 07:17:30.562640662,Basico,,Uso medio,Adulto Mayor
10696,6,3,12.81,Ana,Lopez,41,,2022-07-10 13:51:48.477119280,Premium,,Uso medio,Adulto
10697,4,8,48.33,Ana,Torres,18,Bogotá,2022-07-10 20:26:06.391597900,Basico,,Uso medio,Joven
10698,2,6,34.53,Mariana,Garcia,35,CDMX,2022-07-11 03:00:24.306076520,Basico,,Uso medio,Adulto
10699,3,1,9.7,Mateo,Lopez,61,GDL,2022-07-11 09:34:42.220555140,Basico,,Bajo uso,Adulto Mayor
10700,6,4,36.42,Mariana,Ramirez,29,GDL,2022-07-11 16:09:00.135033760,Basico,,Uso medio,Joven
10701,8,1,7.79,Luis,Garcia,74,,2022-07-11 22:43:18.049512380,Basico,,Uso medio,Adulto Mayor
10702,4,8,40.89,Carlos,Torres,60,GDL,2022-07-12 05:17:35.963990998,Basico,,Uso medio,Adulto Mayor
10703,6,4,18.81,Mateo,Ramirez,45,MTY,2022-07-12 11:51:53.878469618,Basico,,Uso medio,Adulto
10704,5,3,24.09,Mateo,Ramirez,57,Medellín,2022-07-12 18:26:11.792948238,Basico,,Uso medio,Adulto
10705,2,4,24.380000000000003,Mateo,Torres,77,GDL,2022-07-13 01:00:29.707426858,Basico,,Bajo uso,Adulto Mayor
10706,7,2,8.870000000000001,Mateo,Garcia,24,GDL,2022-07-13 07:34:47.621905478,Basico,,Uso medio,Joven
10707,3,3,8.97,Mariana,Gomez,40,CDMX,2022-07-13 14:09:05.536384096,Basico,,Bajo uso,Adulto
10708,6,6,19.95,Mateo,Torres,38,MTY,2022-07-13 20:43:23.450862716,Basico,"1,72532E+18",Uso medio,Adulto
10709,9,5,10.57,Sofia,Torres,51,CDMX,2022-07-14 03:17:41.365341336,Premium,,Uso medio,Adulto
10710,6,6,14.1,Carlos,Torres,28,CDMX,2022-07-14 09:51:59.279819956,Premium,,Uso medio,Joven
10711,8,3,14.63,Mateo,Ramirez,39,Cali,2022-07-14 16:26:17.194298576,Basico,"1,73275E+18",Uso medio,Adulto
10712,6,6,37.589999999999996,Carlos,Lopez,59,CDMX,2022-07-14 23:00:35.108777196,Basico,,Uso medio,Adulto
10713,9,2,7.199999999999999,Sofia,Gomez,52,Cali,2022-07-15 05:34:53.023255814,Premium,,Uso medio,Adulto
10714,8,4,13.100000000000001,Sofia,Garcia,69,Cali,2022-07-15 12:09:10.937734434,Basico,,Uso medio,Adulto Mayor
10715,8,6,41.76,Carlos,Garcia,46,Bogotá,2022-07-15 18:43:28.852213054,Premium,,Uso medio,Adulto
10716,8,4,21.27,Ana,Lopez,59,MTY,2022-07-16 01:17:46.766691674,Basico,,Uso medio,Adulto
10717,3,3,30.450000000000003,Luis,Torres,45,CDMX,2022-07-16 07:52:04.681170294,Basico,,Bajo uso,Adulto
10718,2,8,60.64999999999999,Ana,Gomez,76,Medellín,2022-07-16 14:26:22.595648914,Basico,,Uso medio,Adulto Mayor
10719,7,4,39.21,Ana,Garcia,35,Medellín,2022-07-16 21:00:40.510127532,Basico,,Uso medio,Adulto
10720,10,9,62.78,Mariana,Garcia,31,Medellín,2022-07-17 03:34:58.424606152,Basico,,Alto uso,Adulto
10721,6,5,40.879999999999995,Ana,Torres,35,CDMX,2022-07-17 10:09:16.339084772,Basico,,Uso medio,Adulto
10722,4,8,37.65,Mateo,Lopez,45,,2022-07-17 16:43:34.253563392,Basico,,Uso medio,Adulto
10723,3,5,35.01,Mariana,Gomez,41,CDMX,2022-07-17 23:17:52.168042012,Basico,,Uso medio,Adulto
10724,4,8,25.7,Mariana,Lopez,25,MTY,2022-07-18 05:52:10.082520632,Premium,,Uso medio,Joven
10725,0,5,31.860000000000003,Sofia,Lopez,59,Bogotá,2022-07-18 12:26:27.996999250,Premium,,Uso medio,Adulto
10726,9,5,21.49,Ana,Gomez,71,CDMX,2022-07-18 19:00:45.911477870,Basico,"1,7223E+18",Uso medio,Adulto Mayor
10727,6,3,7.52,Sofia,Gomez,62,Bogotá,2022-07-19 01:35:03.825956490,Basico,"1,7229E+18",Uso medio,Adulto Mayor
10728,1,3,14.120000000000001,Carlos,Garcia,70,Cali,2022-07-19 08:09:21.740435110,Basico,,Bajo uso,Adulto Mayor
10729,4,1,10.78,Luis,Garcia,25,Cali,2022-07-19 14:43:39.654913730,Basico,,Bajo uso,Joven
10730,4,7,12.32,Mariana,Gomez,21,,2022-07-19 21:17:57.569392350,Basico,,Uso medio,Joven
10731,5,10,44.26,Carlos,Ramirez,44,Bogotá,2022-07-20 03:52:15.483870968,Basico,,Alto uso,Adulto
10732,8,5,41.74,Carlos,Garcia,53,Medellín,2022-07-20 10:26:33.398349588,Basico,,Uso medio,Adulto
10733,6,4,18.82,Mateo,Ramirez,22,CDMX,2022-07-20 17:00:51.312828208,Basico,,Uso medio,Joven
10734,7,2,14.120000000000001,Luis,Gomez,50,Bogotá,2022-07-20 23:35:09.227306828,Premium,,Uso medio,Adulto
10735,4,6,24.02,Carlos,Garcia,66,CDMX,2022-07-21 06:09:27.141785448,Premium,,Uso medio,Adulto Mayor
10736,7,2,12.24,Carlos,Lopez,51,MTY,2022-07-21 12:43:45.056264068,Basico,,Uso medio,Adulto
10737,8,3,22.41,Luis,Gomez,47,MTY,2022-07-21 19:18:02.970742686,Basico,,Uso medio,Adulto
10738,5,3,21.330000000000002,Luis,Torres,25,Bogotá,2022-07-22 01:52:20.885221306,Basico,,Uso medio,Joven
10739,1,5,28.83,Carlos,Ramirez,56,Bogotá,2022-07-22 08:26:38.799699926,Premium,,Uso medio,Adulto
10740,3,4,20.990000000000002,Luis,Gomez,47,,2022-07-22 15:00:56.714178546,Premium,,Bajo uso,Adulto
10741,5,5,16.08,Carlos,Gomez,64,MTY,2022-07-22 21:35:14.628657166,Premium,,Uso medio,Adulto Mayor
10742,9,2,9.64,Carlos,Garcia,43,,2022-07-23 04:09:32.543135784,Basico,,Uso medio,Adulto
10743,5,9,76.76,Mateo,Garcia,74,Cali,2022-07-23 10:43:50.457614404,Premium,,Uso medio,Adulto Mayor
10744,9,2,8.3,Ana,Garcia,54,Bogotá,2022-07-23 17:18:08.372093024,Basico,,Uso medio,Adulto
10745,5,9,12.89,Carlos,Torres,51,Medellín,2022-07-23 23:52:26.286571644,Premium,,Uso medio,Adulto
10746,7,9,18.53,Sofia,Garcia,24,CDMX,2022-07-24 06:26:44.201050264,Premium,,Uso medio,Joven
10747,6,2,1.3,Mariana,Gomez,47,Cali,2022-07-24 13:01:02.115528884,Basico,,Uso medio,Adulto
10748,4,8,58.19,Ana,Garcia,57,Bogotá,2022-07-24 19:35:20.030007502,Basico,,Uso medio,Adulto
10749,3,10,43.55,Ana,Lopez,45,,2022-07-25 02:09:37.944486122,Premium,,Alto uso,Adulto
10750,4,7,29.880000000000003,Ana,Garcia,56,Medellín,2022-07-25 08:43:55.858964742,Basico,,Uso medio,Adulto
10751,4,7,57.93,Mateo,Torres,79,Cali,2022-07-25 15:18:13.773443362,Basico,,Uso medio,Adulto Mayor
10752,6,4,20.96,Carlos,Lopez,56,Cali,2022-07-25 21:52:31.687921982,Basico,,Uso medio,Adulto
10753,2,6,48.04,Mateo,Gomez,45,MTY,2022-07-26 04:26:49.602400602,Basico,,Uso medio,Adulto
10754,5,6,36.529999999999994,Carlos,Gomez,47,GDL,2022-07-26 11:01:07.516879220,Basico,,Uso medio,Adulto
10755,7,5,8.17,Mateo,Ramirez,31,Bogotá,2022-07-26 17:35:25.431357840,Basico,,Uso medio,Adulto
10756,5,3,15.86,Mateo,Lopez,70,Bogotá,2022-07-27 00:09:43.345836460,Basico,,Uso medio,Adulto Mayor
10757,8,3,6.21,Mariana,Ramirez,67,GDL,2022-07-27 06:44:01.260315080,Basico,,Uso medio,Adulto Mayor
10758,4,3,10.73,Sofia,Lopez,55,,2022-07-27 13:18:19.174793700,Basico,,Bajo uso,Adulto
10759,4,4,4.67,Mateo,Lopez,21,Bogotá,2022-07-27 19:52:37.089272320,Basico,"1,73292E+18",Bajo uso,Joven
10760,3,4,17.509999999999998,Mariana,Torres,59,,2022-07-28 02:26:55.003750938,Basico,,Bajo uso,Adulto
10761,3,2,21.72,Luis,Ramirez,35,Cali,2022-07-28 09:01:12.918229558,Basico,,Bajo uso,Adulto
10762,6,4,24.37,Sofia,Torres,61,Bogotá,2022-07-28 15:35:30.832708180,Basico,,Uso medio,Adulto Mayor
10763,5,3,16.41,Mateo,Lopez,65,,2022-07-28 22:09:48.747186796,Premium,,Uso medio,Adulto Mayor
10764,5,7,28.19,Ana,Gomez,42,Bogotá,2022-07-29 04:44:06.661665416,Basico,,Uso medio,Adulto
10765,7,3,14.870000000000001,Luis,Lopez,24,,2022-07-29 11:18:24.576144036,Premium,,Uso medio,Joven
10766,7,6,16.26,Luis,Torres,55,MTY,2022-07-29 17:52:42.490622656,Basico,,Uso medio,Adulto
10767,10,3,12.65,Mariana,Ramirez,45,MTY,2022-07-30 00:27:00.405101276,Premium,,Alto uso,Adulto
10768,2,2,2.2199999999999998,Luis,Ramirez,22,Bogotá,2022-07-30 07:01:18.319579896,Basico,,Bajo uso,Joven
10769,6,4,12.95,Sofia,Torres,20,Bogotá,2022-07-30 13:35:36.234058516,Basico,,Uso medio,Joven
10770,4,3,31.15,Mateo,Ramirez,61,Bogotá,2022-07-30 20:09:54.148537136,Basico,,Bajo uso,Adulto Mayor
10771,7,2,17.02,Mateo,Garcia,48,Bogotá,2022-07-31 02:44:12.063015756,Basico,,Uso medio,Adulto
10772,8,4,7.59,Ana,Gomez,64,MTY,2022-07-31 09:18:29.977494376,Premium,,Uso medio,Adulto Mayor
10773,10,2,4.37,Mariana,Gomez,59,,2022-07-31 15:52:47.891972996,Basico,,Alto uso,Adulto
10774,7,3,8.67,Ana,Gomez,75,Bogotá,2022-07-31 22:27:05.806451612,Basico,,Uso medio,Adulto Mayor
10775,4,8,41.3,Luis,Ramirez,37,Bogotá,2022-08-01 05:01:23.720930232,Premium,,Uso medio,Adulto
10776,2,5,15.35,Ana,Ramirez,36,Medellín,2022-08-01 11:35:41.635408852,Basico,,Uso medio,Adulto
10777,4,12,55.28,Sofia,Lopez,65,Cali,2022-08-01 18:09:59.549887472,Basico,,Alto uso,Adulto Mayor
10778,8,11,32.13,Mateo,Lopez,77,,2022-08-02 00:44:17.464366092,Basico,,Alto uso,Adulto Mayor
10779,10,5,42.64,Luis,Gomez,28,Bogotá,2022-08-02 07:18:35.378844712,Basico,,Alto uso,Joven
10780,10,6,15.0,Ana,Garcia,57,CDMX,2022-08-02 13:52:53.293323332,Premium,,Alto uso,Adulto
10781,1,5,27.02,Mariana,Lopez,20,Bogotá,2022-08-02 20:27:11.207801952,Premium,,Uso medio,Joven
10782,6,4,22.62,Sofia,Lopez,40,Bogotá,2022-08-03 03:01:29.122280572,Premium,,Uso medio,Adulto
10783,7,4,18.6,Sofia,Ramirez,24,,2022-08-03 09:35:47.036759192,Premium,,Uso medio,Joven
10784,3,6,44.32,Ana,Garcia,40,MTY,2022-08-03 16:10:04.951237812,Basico,,Uso medio,Adulto
10785,4,3,12.540000000000001,Mateo,Gomez,78,,2022-08-03 22:44:22.865716432,Basico,,Bajo uso,Adulto Mayor
10786,4,6,20.81,Ana,Lopez,24,Bogotá,2022-08-04 05:18:40.780195048,Basico,"1,7172E+18",Uso medio,Joven
10787,4,4,17.93,Luis,Garcia,63,,2022-08-04 11:52:58.694673668,Premium,,Bajo uso,Adulto Mayor
10788,5,4,19.740000000000002,Ana,Garcia,51,CDMX,2022-08-04 18:27:16.609152288,Premium,,Uso medio,Adulto
10789,6,6,15.73,Sofia,Gomez,59,,2022-08-05 01:01:34.523630908,Basico,,Uso medio,Adulto
10790,9,6,19.18,Ana,Garcia,36,,2022-08-05 07:35:52.438109528,Basico,,Uso medio,Adulto
10791,4,6,22.59,Mateo,Garcia,75,,2022-08-05 14:10:10.352588148,Premium,,Uso medio,Adulto Mayor
10792,9,6,30.46,Mariana,Garcia,26,CDMX,2022-08-05 20:44:28.267066768,Basico,,Uso medio,Joven
10793,5,5,24.58,Carlos,Lopez,65,CDMX,2022-08-06 03:18:46.181545388,Premium,,Uso medio,Adulto Mayor
10794,8,7,27.48,Ana,Gomez,68,Medellín,2022-08-06 09:53:04.096024008,Basico,,Uso medio,Adulto Mayor
10795,5,7,43.88,Mateo,Garcia,35,CDMX,2022-08-06 16:27:22.010502628,Basico,,Uso medio,Adulto
10796,7,4,12.71,Mateo,Garcia,58,CDMX,2022-08-06 23:01:39.924981248,Basico,,Uso medio,Adulto
10797,3,2,13.05,Mariana,Lopez,65,GDL,2022-08-07 05:35:57.839459868,Basico,,Bajo uso,Adulto Mayor
10798,1,4,7.2299999999999995,Sofia,Gomez,62,Bogotá,2022-08-07 12:10:15.753938484,Basico,,Bajo uso,Adulto Mayor
10799,3,5,22.43,Mateo,Ramirez,59,Bogotá,2022-08-07 18:44:33.668417104,Basico,,Uso medio,Adulto
10800,4,3,27.509999999999998,Mateo,Lopez,42,CDMX,2022-08-08 01:18:51.582895724,Premium,,Bajo uso,Adulto
10801,2,2,0.74,Mateo,Gomez,69,CDMX,2022-08-08 07:53:09.497374344,Premium,,Bajo uso,Adulto Mayor
10802,4,6,24.83,Mateo,Garcia,31,Bogotá,2022-08-08 14:27:27.411852964,Premium,,Uso medio,Adulto
10803,5,6,22.88,Luis,Gomez,61,Bogotá,2022-08-08 21:01:45.326331584,Basico,,Uso medio,Adulto Mayor
10804,2,0,0.0,Luis,Gomez,42,CDMX,2022-08-09 03:36:03.240810204,Premium,,Bajo uso,Adulto
10805,5,1,0.33,Sofia,Gomez,36,MTY,2022-08-09 10:10:21.155288824,Basico,,Uso medio,Adulto
10806,11,3,10.620000000000001,Ana,Ramirez,56,,2022-08-09 16:44:39.069767444,Basico,,Alto uso,Adulto
10807,6,2,11.57,Mateo,Gomez,72,,2022-08-09 23:18:56.984246064,Basico,,Uso medio,Adulto Mayor
10808,10,3,11.280000000000001,Mariana,Ramirez,32,,2022-08-10 05:53:14.898724684,Basico,,Alto uso,Adulto
10809,7,2,22.29,Ana,Garcia,33,,2022-08-10 12:27:32.813203300,Premium,,Uso medio,Adulto
10810,4,4,27.93,Mariana,Ramirez,44,MTY,2022-08-10 19:01:50.727681920,Basico,"1,72282E+18",Bajo uso,Adulto
10811,3,6,13.08,Ana,Garcia,57,Medellín,2022-08-11 01:36:08.642160540,Basico,,Uso medio,Adulto
10812,6,6,40.58,Sofia,Garcia,27,Bogotá,2022-08-11 08:10:26.556639160,Premium,,Uso medio,Joven
10813,6,4,19.9,Mateo,Ramirez,47,Medellín,2022-08-11 14:44:44.471117780,Basico,,Uso medio,Adulto
10814,2,3,46.78,Mateo,Lopez,21,MTY,2022-08-11 21:19:02.385596400,Premium,,Bajo uso,Joven
10815,4,4,10.32,Carlos,Torres,68,Medellín,2022-08-12 03:53:20.300075020,Basico,,Bajo uso,Adulto Mayor
10816,6,3,15.35,Mariana,Gomez,36,Bogotá,2022-08-12 10:27:38.214553640,Premium,,Uso medio,Adulto
10817,8,6,42.57,Ana,Torres,47,CDMX,2022-08-12 17:01:56.129032260,Basico,,Uso medio,Adulto
10818,11,3,2.83,Ana,Gomez,45,Cali,2022-08-12 23:36:14.043510880,Premium,,Alto uso,Adulto
10819,9,3,4.34,Luis,Gomez,38,CDMX,2022-08-13 06:10:31.957989500,Basico,,Uso medio,Adulto
10820,5,8,19.33,Carlos,Garcia,76,GDL,2022-08-13 12:44:49.872468120,Premium,,Uso medio,Adulto Mayor
10821,4,2,8.98,Luis,Gomez,64,CDMX,2022-08-13 19:19:07.786946736,Basico,,Bajo uso,Adulto Mayor
10822,9,5,8.02,Luis,Gomez,31,MTY,2022-08-14 01:53:25.701425356,Basico,,Uso medio,Adulto
10823,6,4,32.519999999999996,Luis,Ramirez,50,CDMX,2022-08-14 08:27:43.615903976,Basico,"1,71763E+18",Uso medio,Adulto
10824,5,3,9.36,Mariana,Torres,65,,2022-08-14 15:02:01.530382596,Basico,,Uso medio,Adulto Mayor
10825,9,3,24.869999999999997,Mariana,Ramirez,27,Bogotá,2022-08-14 21:36:19.444861216,Basico,,Uso medio,Joven
10826,5,5,25.93,Sofia,Gomez,36,Bogotá,2022-08-15 04:10:37.359339836,Premium,,Uso medio,Adulto
10827,11,5,32.22,Sofia,Garcia,47,MTY,2022-08-15 10:44:55.273818456,Basico,,Alto uso,Adulto
10828,10,3,9.06,Luis,Ramirez,39,Medellín,2022-08-15 17:19:13.188297076,Premium,,Alto uso,Adulto
10829,6,4,10.190000000000001,Carlos,Ramirez,20,Cali,2022-08-15 23:53:31.102775696,Basico,,Uso medio,Joven
10830,7,6,19.97,Ana,Lopez,54,Medellín,2022-08-16 06:27:49.017254316,Basico,,Uso medio,Adulto
10831,3,5,21.33,Mariana,Gomez,58,Medellín,2022-08-16 13:02:06.931732936,Premium,,Uso medio,Adulto
10832,6,4,41.300000000000004,Carlos,Garcia,35,,2022-08-16 19:36:24.846211552,Premium,,Uso medio,Adulto
10833,7,3,35.35,Mateo,Ramirez,28,,2022-08-17 02:10:42.760690172,Basico,,Uso medio,Joven
10834,6,4,19.66,Mariana,Ramirez,65,Medellín,2022-08-17 08:45:00.675168792,Basico,,Uso medio,Adulto Mayor
10835,4,8,45.129999999999995,Mariana,Garcia,19,GDL,2022-08-17 15:19:18.589647412,Basico,,Uso medio,Joven
10836,3,4,18.7,Sofia,Gomez,29,Medellín,2022-08-17 21:53:36.504126032,Basico,,Bajo uso,Joven
10837,4,8,24.21,Ana,Lopez,71,Bogotá,2022-08-18 04:27:54.418604652,Basico,,Uso medio,Adulto Mayor
10838,4,6,30.0,Ana,Ramirez,23,Medellín,2022-08-18 11:02:12.333083272,Basico,,Uso medio,Joven
10839,4,6,25.75,Mateo,Lopez,60,Cali,2022-08-18 17:36:30.247561892,Basico,,Uso medio,Adulto Mayor
10840,11,0,0.0,Mateo,Torres,76,Medellín,2022-08-19 00:10:48.162040512,Basico,,Alto uso,Adulto Mayor
10841,4,2,4.66,Mariana,Gomez,57,Cali,2022-08-19 06:45:06.076519132,Premium,,Bajo uso,Adulto
10842,4,7,38.28,Luis,Torres,61,CDMX,2022-08-19 13:19:23.990997752,Premium,,Uso medio,Adulto Mayor
10843,10,3,26.45,Sofia,Torres,46,CDMX,2022-08-19 19:53:41.905476372,Basico,,Alto uso,Adulto
10844,3,6,18.68,Sofia,Torres,76,GDL,2022-08-20 02:27:59.819954988,Basico,,Uso medio,Adulto Mayor
10845,9,8,25.2,Mariana,Gomez,47,,2022-08-20 09:02:17.734433608,Basico,,Uso medio,Adulto
10846,0,5,17.060000000000002,Carlos,Gomez,19,Cali,2022-08-20 15:36:35.648912228,Premium,,Uso medio,Joven
10847,5,4,4.51,Luis,Garcia,26,Medellín,2022-08-20 22:10:53.563390848,Basico,,Uso medio,Joven
10848,5,3,13.309999999999999,Mariana,Lopez,64,Medellín,2022-08-21 04:45:11.477869468,Basico,,Uso medio,Adulto Mayor
10849,6,2,26.86,Luis,Lopez,19,Medellín,2022-08-21 11:19:29.392348088,Basico,,Uso medio,Joven
10850,4,5,30.98,Luis,Garcia,46,,2022-08-21 17:53:47.306826708,Basico,,Uso medio,Adulto
10851,2,2,7.91,Luis,Garcia,50,Cali,2022-08-22 00:28:05.221305328,Basico,,Bajo uso,Adulto
10852,6,3,37.56,Mariana,Torres,27,Medellín,2022-08-22 07:02:23.135783948,Premium,,Uso medio,Joven
10853,10,5,8.86,Sofia,Garcia,51,Medellín,2022-08-22 13:36:41.050262568,Basico,,Alto uso,Adulto
10854,5,4,10.86,Sofia,Ramirez,61,GDL,2022-08-22 20:10:58.964741188,Basico,,Uso medio,Adulto Mayor
10855,4,6,40.27,Luis,Lopez,72,Medellín,2022-08-23 02:45:16.879219808,Basico,,Uso medio,Adulto Mayor
10856,1,4,22.63,Carlos,Garcia,25,Bogotá,2022-08-23 09:19:34.793698424,Basico,,Bajo uso,Joven
10857,5,5,36.959999999999994,Ana,Ramirez,54,CDMX,2022-08-23 15:53:52.708177044,Basico,,Uso medio,Adulto
10858,6,4,13.370000000000001,Mariana,Ramirez,71,Cali,2022-08-23 22:28:10.622655664,Basico,,Uso medio,Adulto Mayor
10859,6,4,27.58,Ana,Ramirez,77,Bogotá,2022-08-24 05:02:28.537134284,Premium,,Uso medio,Adulto Mayor
10860,4,4,36.629999999999995,Carlos,Ramirez,50,,2022-08-24 11:36:46.451612904,Premium,,Bajo uso,Adulto
10861,3,3,9.53,Mariana,Torres,64,GDL,2022-08-24 18:11:04.366091524,Premium,,Bajo uso,Adulto Mayor
10862,4,15,78.11,Luis,Ramirez,23,Bogotá,2022-08-25 00:45:22.280570144,Basico,,Alto uso,Joven
10863,7,4,29.61,Sofia,Torres,61,Bogotá,2022-08-25 07:19:40.195048764,Premium,,Uso medio,Adulto Mayor
10864,4,1,7.52,Ana,Torres,47,CDMX,2022-08-25 13:53:58.109527384,Premium,,Bajo uso,Adulto
10865,4,5,17.95,Mateo,Ramirez,57,Bogotá,2022-08-25 20:28:16.024006004,Basico,,Uso medio,Adulto
10866,7,5,42.8,Mateo,Lopez,62,GDL,2022-08-26 03:02:33.938484624,Basico,,Uso medio,Adulto Mayor
10867,4,5,30.509999999999998,Carlos,Ramirez,36,CDMX,2022-08-26 09:36:51.852963240,Basico,,Uso medio,Adulto
10868,5,6,48.74,Luis,Ramirez,49,GDL,2022-08-26 16:11:09.767441860,Basico,,Uso medio,Adulto
10869,8,1,1.18,Ana,Ramirez,44,GDL,2022-08-26 22:45:27.681920480,Premium,"1,7185E+18",Uso medio,Adulto
10870,9,5,13.25,Luis,Lopez,18,Medellín,2022-08-27 05:19:45.596399100,Basico,"1,72161E+18",Uso medio,Joven
10871,6,6,32.42,Ana,Gomez,60,CDMX,2022-08-27 11:54:03.510877720,Basico,,Uso medio,Adulto Mayor
10872,3,5,7.75,Carlos,Gomez,69,Medellín,2022-08-27 18:28:21.425356340,Basico,,Uso medio,Adulto Mayor
10873,6,7,50.41,Carlos,Torres,50,Cali,2022-08-28 01:02:39.339834960,Basico,"1,72921E+18",Uso medio,Adulto
10874,7,1,2.5,Mateo,Torres,79,Bogotá,2022-08-28 07:36:57.254313580,Basico,,Uso medio,Adulto Mayor
10875,2,2,14.27,Luis,Lopez,57,,2022-08-28 14:11:15.168792200,Basico,,Bajo uso,Adulto
10876,8,4,17.71,Mariana,Garcia,49,Medellín,2022-08-28 20:45:33.083270820,Basico,,Uso medio,Adulto
10877,7,2,2.96,Mateo,Gomez,22,Medellín,2022-08-29 03:19:50.997749440,Premium,,Uso medio,Joven
10878,5,2,8.03,Luis,Torres,34,GDL,2022-08-29 09:54:08.912228060,Premium,,Uso medio,Adulto
10879,4,6,19.47,Mateo,Gomez,79,Cali,2022-08-29 16:28:26.826706676,Premium,,Uso medio,Adulto Mayor
10880,9,5,13.510000000000002,Mariana,Lopez,25,Cali,2022-08-29 23:02:44.741185296,Premium,,Uso medio,Joven
10881,5,7,37.54,Sofia,Lopez,74,MTY,2022-08-30 05:37:02.655663916,Premium,,Uso medio,Adulto Mayor
10882,4,6,44.519999999999996,Sofia,Garcia,59,GDL,2022-08-30 12:11:20.570142536,Premium,,Uso medio,Adulto
10883,2,3,14.479999999999999,Sofia,Garcia,51,MTY,2022-08-30 18:45:38.484621156,Premium,,Bajo uso,Adulto
10884,3,9,46.74,Sofia,Lopez,26,Medellín,2022-08-31 01:19:56.399099776,Premium,,Uso medio,Joven
10885,5,3,11.34,Ana,Torres,73,Bogotá,,Basico,,Uso medio,Adulto Mayor
10886,8,2,6.57,Sofia,Gomez,40,Medellín,2022-08-31 14:28:32.228057016,Basico,,Uso medio,Adulto
10887,3,3,26.509999999999998,Mariana,Ramirez,52,CDMX,2022-08-31 21:02:50.142535636,Premium,,Bajo uso,Adulto
10888,3,4,20.410000000000004,Carlos,Garcia,67,Cali,2022-09-01 03:37:08.057014256,Basico,,Bajo uso,Adulto Mayor
10889,3,2,7.88,Carlos,Ramirez,24,GDL,2022-09-01 10:11:25.971492876,Basico,,Bajo uso,Joven
10890,2,4,29.41,Ana,Torres,32,GDL,2022-09-01 16:45:43.885971496,Basico,,Bajo uso,Adulto
10891,2,8,42.5,Sofia,Garcia,70,Bogotá,2022-09-01 23:20:01.800450112,Basico,,Uso medio,Adulto Mayor
10892,4,2,12.08,Sofia,Ramirez,71,CDMX,2022-09-02 05:54:19.714928732,Premium,,Bajo uso,Adulto Mayor
10893,7,3,14.51,Sofia,Torres,37,CDMX,2022-09-02 12:28:37.629407352,Basico,,Uso medio,Adulto
10894,3,3,16.71,Mateo,Gomez,67,GDL,2022-09-02 19:02:55.543885972,Basico,,Bajo uso,Adulto Mayor
10895,9,7,28.79,Luis,Torres,42,Bogotá,2022-09-03 01:37:13.458364592,Basico,,Uso medio,Adulto
10896,5,6,30.55,Mateo,Garcia,20,,2022-09-03 08:11:31.372843212,Premium,,Uso medio,Joven
10897,6,7,19.86,Luis,Lopez,77,Cali,2022-09-03 14:45:49.287321832,Basico,,Uso medio,Adulto Mayor
10898,3,9,55.55,Sofia,Gomez,79,Bogotá,2022-09-03 21:20:07.201800452,Basico,,Uso medio,Adulto Mayor
10899,6,5,18.13,Sofia,Ramirez,72,CDMX,2022-09-04 03:54:25.116279072,Premium,"1,72057E+18",Uso medio,Adulto Mayor
10900,4,5,29.91,Mateo,Garcia,63,Bogotá,2022-09-04 10:28:43.030757692,Basico,,Uso medio,Adulto Mayor
10901,4,2,14.280000000000001,Mateo,Lopez,41,Medellín,2022-09-04 17:03:00.945236312,Basico,,Bajo uso,Adulto
10902,8,4,25.5,Luis,Torres,51,MTY,2022-09-04 23:37:18.859714928,Basico,,Uso medio,Adulto
10903,12,3,8.89,Carlos,Lopez,63,CDMX,2022-09-05 06:11:36.774193548,Premium,"1,72938E+18",Alto uso,Adulto Mayor
10904,8,4,17.7,Luis,Garcia,39,GDL,2022-09-05 12:45:54.688672168,Basico,,Uso medio,Adulto
10905,7,7,19.35,Mateo,Garcia,28,Cali,2022-09-05 19:20:12.603150788,Basico,,Uso medio,Joven
10906,6,6,36.12,Mariana,Lopez,65,MTY,2022-09-06 01:54:30.517629408,Basico,,Uso medio,Adulto Mayor
10907,4,6,37.379999999999995,Mateo,Torres,25,Cali,2022-09-06 08:28:48.432108028,Basico,,Uso medio,Joven
10908,14,3,12.5,Mariana,Lopez,56,MTY,2022-09-06 15:03:06.346586648,Basico,,Alto uso,Adulto
10909,9,4,18.619999999999997,Ana,Garcia,60,CDMX,2022-09-06 21:37:24.261065268,Basico,,Uso medio,Adulto Mayor
10910,6,1,10.75,Mateo,Garcia,52,Bogotá,2022-09-07 04:11:42.175543888,Basico,,Uso medio,Adulto
10911,8,7,31.509999999999998,Ana,Ramirez,66,Bogotá,2022-09-07 10:46:00.090022508,Basico,,Uso medio,Adulto Mayor
10912,8,2,2.66,Carlos,Ramirez,63,CDMX,2022-09-07 17:20:18.004501128,Premium,,Uso medio,Adulto Mayor
10913,8,7,29.6,Luis,Gomez,55,CDMX,2022-09-07 23:54:35.918979748,Premium,,Uso medio,Adulto
10914,4,7,58.9,Mariana,Garcia,25,GDL,,Basico,,Uso medio,Joven
10915,8,4,18.65,Luis,Ramirez,71,CDMX,2022-09-08 13:03:11.747936984,Premium,,Uso medio,Adulto Mayor
10916,9,6,27.2,Ana,Lopez,54,MTY,2022-09-08 19:37:29.662415604,Basico,,Uso medio,Adulto
10917,4,5,18.35,Mariana,Torres,44,,2022-09-09 02:11:47.576894224,Premium,,Uso medio,Adulto
10918,8,7,40.74,Luis,Lopez,45,Bogotá,2022-09-09 08:46:05.491372844,Basico,"1,72532E+18",Uso medio,Adulto
10919,6,2,10.91,Mateo,Torres,57,Medellín,2022-09-09 15:20:23.405851464,Basico,,Uso medio,Adulto
10920,7,5,9.07,Sofia,Ramirez,51,MTY,2022-09-09 21:54:41.320330084,Basico,"1,72169E+18",Uso medio,Adulto
10921,4,6,32.41,Ana,Gomez,49,MTY,2022-09-10 04:28:59.234808704,Basico,,Uso medio,Adulto
10922,4,6,30.75,Luis,Lopez,32,CDMX,2022-09-10 11:03:17.149287324,Premium,,Uso medio,Adulto
10923,9,8,33.94,Ana,Lopez,61,Bogotá,2022-09-10 17:37:35.063765944,Basico,,Uso medio,Adulto Mayor
10924,9,6,45.44,Ana,Lopez,47,Bogotá,2022-09-11 00:11:52.978244564,Basico,"1,72593E+18",Uso medio,Adulto
10925,9,7,41.42,Mariana,Torres,34,CDMX,2022-09-11 06:46:10.892723184,Basico,,Uso medio,Adulto
10926,6,3,13.43,Mariana,Ramirez,50,Cali,2022-09-11 13:20:28.807201800,Basico,,Uso medio,Adulto
10927,2,3,10.48,Sofia,Lopez,64,Bogotá,2022-09-11 19:54:46.721680420,Basico,,Bajo uso,Adulto Mayor
10928,1,2,8.25,Mateo,Lopez,63,MTY,2022-09-12 02:29:04.636159040,Basico,"1,72212E+18",Bajo uso,Adulto Mayor
10929,4,5,48.14,Ana,Gomez,69,CDMX,2022-09-12 09:03:22.550637660,Premium,,Uso medio,Adulto Mayor
10930,3,3,13.38,Luis,Gomez,71,Bogotá,2022-09-12 15:37:40.465116280,Premium,,Bajo uso,Adulto Mayor
10931,8,5,28.35,Carlos,Ramirez,33,Cali,2022-09-12 22:11:58.379594900,Basico,,Uso medio,Adulto
10932,8,3,27.12,Ana,Ramirez,46,GDL,2022-09-13 04:46:16.294073520,Basico,,Uso medio,Adulto
10933,5,4,17.39,Ana,Garcia,26,GDL,2022-09-13 11:20:34.208552140,Premium,,Uso medio,Joven
10934,2,4,11.52,Sofia,Gomez,50,Bogotá,2022-09-13 17:54:52.123030760,Basico,,Bajo uso,Adulto
10935,7,3,15.75,Mateo,Garcia,77,CDMX,2022-09-14 00:29:10.037509380,Basico,,Uso medio,Adulto Mayor
10936,5,3,10.74,Carlos,Torres,66,Medellín,2022-09-14 07:03:27.951988000,Premium,,Uso medio,Adulto Mayor
10937,7,3,22.73,Mariana,Garcia,46,Medellín,2022-09-14 13:37:45.866466616,Basico,,Uso medio,Adulto
10938,10,4,19.63,Mariana,Lopez,30,CDMX,2022-09-14 20:12:03.780945236,Basico,,Alto uso,Adulto
10939,8,5,16.9,Luis,Garcia,38,CDMX,2022-09-15 02:46:21.695423856,Basico,,Uso medio,Adulto
10940,6,5,47.99,Carlos,Ramirez,75,Medellín,2022-09-15 09:20:39.609902476,Basico,,Uso medio,Adulto Mayor
10941,6,3,28.3,Mariana,Torres,38,GDL,2022-09-15 15:54:57.524381096,Premium,,Uso medio,Adulto
10942,9,3,30.049999999999997,Luis,Lopez,22,CDMX,2022-09-15 22:29:15.438859716,Basico,,Uso medio,Joven
10943,7,7,18.05,Mateo,Garcia,27,Cali,2022-09-16 05:03:33.353338336,Premium,,Uso medio,Joven
10944,6,4,19.64,Luis,Torres,23,MTY,2022-09-16 11:37:51.267816956,Basico,,Uso medio,Joven
10945,5,3,25.7,Mariana,Torres,73,Bogotá,2022-09-16 18:12:09.182295576,Basico,,Uso medio,Adulto Mayor
10946,7,3,18.33,Sofia,Lopez,68,GDL,2022-09-17 00:46:27.096774196,Basico,,Uso medio,Adulto Mayor
10947,4,3,5.6,Sofia,Garcia,74,Medellín,2022-09-17 07:20:45.011252816,Basico,"1,72247E+18",Bajo uso,Adulto Mayor
10948,4,4,32.31,Sofia,Torres,30,MTY,,Basico,,Bajo uso,Adulto
10949,3,2,1.06,Mariana,Torres,18,,2022-09-17 20:29:20.840210052,Basico,,Bajo uso,Joven
10950,5,7,20.79,Sofia,Gomez,37,Medellín,2022-09-18 03:03:38.754688672,Premium,,Uso medio,Adulto
10951,7,4,10.100000000000001,Carlos,Torres,74,CDMX,2022-09-18 09:37:56.669167292,Premium,,Uso medio,Adulto Mayor
10952,0,5,25.220000000000002,Mateo,Gomez,64,Bogotá,2022-09-18 16:12:14.583645912,Basico,"1,7185E+18",Uso medio,Adulto Mayor
10953,5,7,41.56,Luis,Garcia,63,MTY,2022-09-18 22:46:32.498124532,Basico,,Uso medio,Adulto Mayor
10954,4,4,21.84,Luis,Garcia,25,Bogotá,2022-09-19 05:20:50.412603152,Premium,,Bajo uso,Joven
10955,4,2,15.2,Mariana,Garcia,27,Cali,2022-09-19 11:55:08.327081772,Basico,"1,72558E+18",Bajo uso,Joven
10956,3,5,14.93,Sofia,Ramirez,26,Bogotá,2022-09-19 18:29:26.241560392,Basico,,Uso medio,Joven
10957,9,5,27.009999999999998,Sofia,Garcia,66,CDMX,2022-09-20 01:03:44.156039012,Premium,,Uso medio,Adulto Mayor
10958,9,3,14.700000000000001,Ana,Torres,58,Medellín,2022-09-20 07:38:02.070517632,Basico,,Uso medio,Adulto
10959,5,4,13.32,Mateo,Lopez,20,CDMX,2022-09-20 14:12:19.984996252,Basico,,Uso medio,Joven
10960,6,5,19.14,Carlos,Gomez,28,Cali,2022-09-20 20:46:37.899474872,Basico,,Uso medio,Joven
10961,6,4,7.5,Luis,Ramirez,29,Medellín,2022-09-21 03:20:55.813953488,Basico,,Uso medio,Joven
10962,1,8,25.21,Ana,Garcia,27,MTY,2022-09-21 09:55:13.728432108,Basico,,Uso medio,Joven
10963,1,3,24.26,Ana,Garcia,42,GDL,2022-09-21 16:29:31.642910728,Premium,"1,73413E+18",Bajo uso,Adulto
10964,2,4,14.74,Mariana,Lopez,66,Cali,2022-09-21 23:03:49.557389348,Premium,,Bajo uso,Adulto Mayor
10965,6,3,16.25,Luis,Lopez,66,Cali,2022-09-22 05:38:07.471867968,Basico,,Uso medio,Adulto Mayor
10966,5,3,12.48,Mariana,Ramirez,42,MTY,2022-09-22 12:12:25.386346588,Basico,,Uso medio,Adulto
10967,2,2,13.209999999999999,Carlos,Gomez,28,GDL,2022-09-22 18:46:43.300825208,Basico,"1,7242E+18",Bajo uso,Joven
10968,7,1,0.41,Ana,Garcia,79,Bogotá,2022-09-23 01:21:01.215303828,Premium,,Uso medio,Adulto Mayor
10969,7,7,26.490000000000002,Ana,Ramirez,71,CDMX,2022-09-23 07:55:19.129782448,Premium,"1,73275E+18",Uso medio,Adulto Mayor
10970,7,6,15.669999999999998,Mateo,Torres,53,CDMX,2022-09-23 14:29:37.044261068,Premium,,Uso medio,Adulto
10971,2,1,5.03,Carlos,Torres,56,CDMX,2022-09-23 21:03:54.958739688,Basico,"1,7337E+18",Bajo uso,Adulto
10972,4,2,3.0300000000000002,Ana,Ramirez,70,GDL,2022-09-24 03:38:12.873218304,Premium,,Bajo uso,Adulto Mayor
10973,4,8,34.410000000000004,Carlos,Garcia,43,Bogotá,2022-09-24 10:12:30.787696924,Basico,,Uso medio,Adulto
10974,6,3,12.35,Luis,Ramirez,31,,2022-09-24 16:46:48.702175544,Basico,,Uso medio,Adulto
10975,4,6,25.6,Sofia,Garcia,56,Medellín,2022-09-24 23:21:06.616654164,Basico,,Uso medio,Adulto
10976,10,3,8.72,Ana,Lopez,73,CDMX,2022-09-25 05:55:24.531132784,Basico,,Alto uso,Adulto Mayor
10977,6,1,0.02,Mateo,Ramirez,57,Bogotá,2022-09-25 12:29:42.445611404,Premium,,Uso medio,Adulto
10978,5,8,26.14,Luis,Garcia,18,Bogotá,2022-09-25 19:04:00.360090024,Premium,,Uso medio,Joven
10979,4,8,70.29,Carlos,Ramirez,73,CDMX,2022-09-26 01:38:18.274568644,Basico,,Uso medio,Adulto Mayor
10980,4,0,0.0,Mariana,Ramirez,71,,2022-09-26 08:12:36.189047264,Basico,,Bajo uso,Adulto Mayor
10981,5,2,6.859999999999999,Luis,Garcia,21,Bogotá,2022-09-26 14:46:54.103525884,Basico,,Uso medio,Joven
10982,3,4,56.81,Ana,Garcia,78,,2022-09-26 21:21:12.018004504,Basico,,Bajo uso,Adulto Mayor
10983,5,7,43.129999999999995,Carlos,Gomez,47,Bogotá,2022-09-27 03:55:29.932483124,Basico,"1,71996E+18",Uso medio,Adulto
10984,5,6,34.46,Sofia,Ramirez,29,Medellín,2022-09-27 10:29:47.846961740,Basico,,Uso medio,Joven
10985,3,2,2.1100000000000003,Luis,Torres,73,CDMX,2022-09-27 17:04:05.761440360,Premium,,Bajo uso,Adulto Mayor
10986,11,1,1.53,Ana,Ramirez,52,Bogotá,,Premium,"1,71746E+18",Alto uso,Adulto
10987,12,2,5.43,Mateo,Ramirez,30,GDL,2022-09-28 06:12:41.590397600,Premium,,Alto uso,Adulto
10988,7,3,14.139999999999999,Mariana,Garcia,69,Cali,2022-09-28 12:46:59.504876220,Premium,,Uso medio,Adulto Mayor
10989,5,5,19.38,Carlos,Ramirez,48,Cali,2022-09-28 19:21:17.419354840,Premium,,Uso medio,Adulto
10990,6,6,43.379999999999995,Luis,Ramirez,55,Cali,2022-09-29 01:55:35.333833460,Basico,,Uso medio,Adulto
10991,2,7,26.77,Luis,Torres,60,Medellín,2022-09-29 08:29:53.248312080,Premium,,Uso medio,Adulto Mayor
10992,6,6,46.2,Sofia,Garcia,40,Cali,2022-09-29 15:04:11.162790700,Basico,,Uso medio,Adulto
10993,8,4,11.989999999999998,Sofia,Ramirez,21,GDL,2022-09-29 21:38:29.077269320,Premium,,Uso medio,Joven
10994,4,4,17.509999999999998,Mateo,Lopez,69,Bogotá,2022-09-30 04:12:46.991747940,Basico,"1,73154E+18",Bajo uso,Adulto Mayor
10995,5,4,19.68,Mariana,Gomez,33,Medellín,2022-09-30 10:47:04.906226556,Premium,,Uso medio,Adulto
10996,5,4,36.879999999999995,Mateo,Torres,24,Medellín,2022-09-30 17:21:22.820705176,Basico,"1,72351E+18",Uso medio,Joven
10997,8,1,7.03,Ana,Ramirez,39,Medellín,2022-09-30 23:55:40.735183796,Basico,,Uso medio,Adulto
10998,6,4,26.76,Ana,Lopez,46,GDL,2022-10-01 06:29:58.649662416,Basico,,Uso medio,Adulto
10999,5,7,26.240000000000002,Mateo,Ramirez,28,CDMX,2022-10-01 13:04:16.564141036,Basico,,Uso medio,Joven
11000,5,5,21.38,Mariana,Ramirez,73,,2022-10-01 19:38:34.478619656,Premium,,Uso medio,Adulto Mayor
11001,8,3,13.49,Mateo,Garcia,50,Bogotá,2022-10-02 02:12:52.393098276,Basico,,Uso medio,Adulto
11002,4,2,4.550000000000001,Mariana,Garcia,75,CDMX,2022-10-02 08:47:10.307576896,Basico,,Bajo uso,Adulto Mayor
11003,6,3,18.15,Mariana,Garcia,46,Cali,2022-10-02 15:21:28.222055516,Premium,,Uso medio,Adulto
11004,4,5,32.12,Carlos,Lopez,76,,2022-10-02 21:55:46.136534136,Basico,,Uso medio,Adulto Mayor
11005,3,4,2.96,Mariana,Ramirez,56,CDMX,2022-10-03 04:30:04.051012756,Basico,,Bajo uso,Adulto
11006,4,2,29.76,Sofia,Gomez,29,Cali,2022-10-03 11:04:21.965491376,Basico,,Bajo uso,Joven
11007,8,3,16.15,Mariana,Torres,24,,2022-10-03 17:38:39.879969992,Basico,,Uso medio,Joven
11008,4,3,19.25,Mariana,Garcia,76,,2022-10-04 00:12:57.794448612,Premium,,Bajo uso,Adulto Mayor
11009,5,1,9.76,Mariana,Garcia,72,,2022-10-04 06:47:15.708927232,Premium,,Uso medio,Adulto Mayor
11010,4,7,15.5,Ana,Ramirez,56,Bogotá,2022-10-04 13:21:33.623405852,Premium,,Uso medio,Adulto
11011,5,3,28.150000000000002,Sofia,Ramirez,59,MTY,2022-10-04 19:55:51.537884472,Basico,,Uso medio,Adulto
11012,8,4,5.06,Sofia,Lopez,79,CDMX,2022-10-05 02:30:09.452363092,Basico,,Uso medio,Adulto Mayor
11013,4,11,60.83,Mateo,Lopez,65,CDMX,2022-10-05 09:04:27.366841712,Basico,,Alto uso,Adulto Mayor
11014,7,6,18.55,Carlos,Garcia,43,Bogotá,2022-10-05 15:38:45.281320332,Premium,,Uso medio,Adulto
11015,5,7,26.6,Mariana,Ramirez,57,MTY,2022-10-05 22:13:03.195798952,Basico,,Uso medio,Adulto
11016,3,4,22.77,Luis,Gomez,26,GDL,2022-10-06 04:47:21.110277572,Basico,,Bajo uso,Joven
11017,3,10,83.72,Carlos,Torres,58,MTY,2022-10-06 11:21:39.024756192,Basico,,Alto uso,Adulto
11018,6,8,18.23,Carlos,Ramirez,51,CDMX,2022-10-06 17:55:56.939234812,Basico,,Uso medio,Adulto
11019,3,6,26.189999999999998,Sofia,Ramirez,62,Cali,2022-10-07 00:30:14.853713428,Premium,,Uso medio,Adulto Mayor
11020,9,0,0.0,Carlos,Lopez,30,GDL,2022-10-07 07:04:32.768192048,Basico,,Uso medio,Adulto
11021,4,6,44.55,Mariana,Torres,72,Bogotá,2022-10-07 13:38:50.682670668,Basico,,Uso medio,Adulto Mayor
11022,5,5,38.45,Mariana,Garcia,72,Bogotá,2022-10-07 20:13:08.597149288,Basico,,Uso medio,Adulto Mayor
11023,7,4,16.419999999999998,Ana,Ramirez,53,CDMX,2022-10-08 02:47:26.511627908,Premium,,Uso medio,Adulto
11024,6,5,19.43,Mariana,Garcia,42,,2022-10-08 09:21:44.426106528,Basico,,Uso medio,Adulto
11025,2,1,0.57,Mariana,Ramirez,41,Bogotá,2022-10-08 15:56:02.340585148,Basico,,Bajo uso,Adulto
11026,6,5,26.310000000000002,Sofia,Garcia,61,MTY,2022-10-08 22:30:20.255063768,Basico,,Uso medio,Adulto Mayor
11027,6,3,8.47,Mariana,Torres,34,CDMX,2022-10-09 05:04:38.169542388,Basico,,Uso medio,Adulto
11028,7,2,3.92,Ana,Lopez,19,MTY,2022-10-09 11:38:56.084021008,Premium,,Uso medio,Joven
11029,4,3,15.43,Luis,Torres,30,CDMX,2022-10-09 18:13:13.998499628,Basico,,Bajo uso,Adulto
11030,6,4,18.08,Sofia,Gomez,48,MTY,2022-10-10 00:47:31.912978244,Premium,,Uso medio,Adulto
11031,6,3,12.170000000000002,Luis,Lopez,46,Bogotá,2022-10-10 07:21:49.827456864,Basico,,Uso medio,Adulto
11032,11,2,7.0600000000000005,Sofia,Torres,67,,2022-10-10 13:56:07.741935484,Premium,,Alto uso,Adulto Mayor
11033,8,7,29.18,Mateo,Gomez,45,Medellín,2022-10-10 20:30:25.656414104,Premium,,Uso medio,Adulto
11034,5,5,32.1,Carlos,Ramirez,77,CDMX,2022-10-11 03:04:43.570892724,Basico,"1,71988E+18",Uso medio,Adulto Mayor
11035,7,5,24.52,Mateo,Ramirez,44,CDMX,2022-10-11 09:39:01.485371344,Premium,,Uso medio,Adulto
11036,5,2,13.84,Mariana,Garcia,32,Bogotá,2022-10-11 16:13:19.399849964,Basico,,Uso medio,Adulto
11037,7,3,7.8,Luis,Lopez,48,GDL,2022-10-11 22:47:37.314328584,Basico,"1,71996E+18",Uso medio,Adulto
11038,5,4,35.57,Mariana,Ramirez,57,CDMX,2022-10-12 05:21:55.228807204,Basico,,Uso medio,Adulto
11039,6,3,14.84,Carlos,Lopez,32,Cali,2022-10-12 11:56:13.143285824,Basico,"1,72126E+18",Uso medio,Adulto
11040,6,3,6.68,Sofia,Ramirez,50,CDMX,2022-10-12 18:30:31.057764444,Premium,,Uso medio,Adulto
11041,4,2,3.37,Carlos,Garcia,37,Cali,2022-10-13 01:04:48.972243064,Basico,"1,73249E+18",Bajo uso,Adulto
11042,3,3,9.15,Ana,Torres,59,CDMX,2022-10-13 07:39:06.886721680,Premium,"1,72696E+18",Bajo uso,Adulto
11043,9,2,3.0300000000000002,Carlos,Garcia,29,,2022-10-13 14:13:24.801200300,Basico,,Uso medio,Joven
11044,7,2,6.54,Ana,Gomez,54,Medellín,2022-10-13 20:47:42.715678920,Basico,,Uso medio,Adulto
11045,8,3,3.66,Carlos,Ramirez,26,Medellín,2022-10-14 03:22:00.630157540,Premium,,Uso medio,Joven
11046,9,1,4.67,Ana,Gomez,40,CDMX,2022-10-14 09:56:18.544636160,Premium,,Uso medio,Adulto
11047,5,5,13.01,Luis,Gomez,25,,,Basico,,Uso medio,Joven
11048,5,1,0.83,Mariana,Lopez,49,Cali,2022-10-14 23:04:54.373593400,Premium,,Uso medio,Adulto
11049,5,5,22.85,Mariana,Ramirez,65,Medellín,2022-10-15 05:39:12.288072020,Premium,,Uso medio,Adulto Mayor
11050,6,6,41.05,Mateo,Gomez,31,Bogotá,2022-10-15 12:13:30.202550640,Basico,,Uso medio,Adulto
11051,8,3,7.41,Mariana,Torres,44,Medellín,2022-10-15 18:47:48.117029260,Basico,,Uso medio,Adulto
11052,8,4,30.47,Sofia,Gomez,42,CDMX,2022-10-16 01:22:06.031507880,Basico,,Uso medio,Adulto
11053,3,10,66.2,Carlos,Torres,30,Bogotá,2022-10-16 07:56:23.945986500,Basico,,Alto uso,Adulto
11054,12,5,12.05,Mateo,Lopez,72,Cali,2022-10-16 14:30:41.860465116,Basico,,Alto uso,Adulto Mayor
11055,6,8,42.06,Sofia,Gomez,38,MTY,2022-10-16 21:04:59.774943736,Basico,,Uso medio,Adulto
11056,2,6,22.799999999999997,Sofia,Garcia,62,CDMX,2022-10-17 03:39:17.689422356,Basico,,Uso medio,Adulto Mayor
11057,4,5,30.57,Ana,Lopez,48,Bogotá,2022-10-17 10:13:35.603900976,Premium,,Uso medio,Adulto
11058,5,3,4.45,Mariana,Torres,54,Medellín,2022-10-17 16:47:53.518379596,Premium,,Uso medio,Adulto
11059,5,7,16.26,Luis,Lopez,65,CDMX,2022-10-17 23:22:11.432858216,Basico,,Uso medio,Adulto Mayor
11060,5,6,39.26,Luis,Gomez,75,GDL,2022-10-18 05:56:29.347336836,Basico,,Uso medio,Adulto Mayor
11061,5,6,17.59,Mateo,Ramirez,60,CDMX,2022-10-18 12:30:47.261815456,Basico,,Uso medio,Adulto Mayor
11062,2,9,40.07,Luis,Ramirez,71,Cali,2022-10-18 19:05:05.176294076,Basico,,Uso medio,Adulto Mayor
11063,3,2,23.05,Carlos,Torres,22,CDMX,2022-10-19 01:39:23.090772696,Basico,,Bajo uso,Joven
11064,9,6,52.650000000000006,Luis,Torres,30,Medellín,2022-10-19 08:13:41.005251316,Basico,,Uso medio,Adulto
11065,6,3,16.59,Mateo,Ramirez,45,MTY,2022-10-19 14:47:58.919729932,Basico,,Uso medio,Adulto
11066,7,4,11.58,Luis,Torres,60,Cali,2022-10-19 21:22:16.834208552,Premium,,Uso medio,Adulto Mayor
11067,3,7,44.89,Carlos,Lopez,42,,2022-10-20 03:56:34.748687172,Premium,,Uso medio,Adulto
11068,5,4,22.54,Ana,Garcia,68,CDMX,2022-10-20 10:30:52.663165792,Premium,,Uso medio,Adulto Mayor
11069,4,8,24.259999999999998,Mateo,Garcia,52,MTY,2022-10-20 17:05:10.577644412,Premium,,Uso medio,Adulto
11070,6,3,17.45,Ana,Lopez,64,Cali,2022-10-20 23:39:28.492123032,Basico,,Uso medio,Adulto Mayor
11071,6,4,18.39,Ana,Garcia,56,GDL,2022-10-21 06:13:46.406601652,Basico,,Uso medio,Adulto
11072,4,2,11.58,Ana,Gomez,24,GDL,2022-10-21 12:48:04.321080272,Premium,,Bajo uso,Joven
11073,3,6,33.22,Sofia,Lopez,55,Cali,2022-10-21 19:22:22.235558892,Premium,,Uso medio,Adulto
11074,6,7,53.74,Mariana,Torres,49,,2022-10-22 01:56:40.150037512,Basico,,Uso medio,Adulto
11075,5,4,11.84,Sofia,Lopez,20,Bogotá,2022-10-22 08:30:58.064516132,Basico,,Uso medio,Joven
11076,5,2,5.57,Mariana,Ramirez,79,GDL,2022-10-22 15:05:15.978994752,Basico,,Uso medio,Adulto Mayor
11077,6,1,6.55,Ana,Torres,62,MTY,2022-10-22 21:39:33.893473368,Basico,,Uso medio,Adulto Mayor
11078,2,1,6.14,Mateo,Ramirez,56,CDMX,2022-10-23 04:13:51.807951988,Basico,,Bajo uso,Adulto
11079,5,3,9.59,Mariana,Torres,54,Cali,2022-10-23 10:48:09.722430608,Basico,,Uso medio,Adulto
11080,1,5,20.83,Carlos,Garcia,72,Cali,2022-10-23 17:22:27.636909228,Basico,,Uso medio,Adulto Mayor
11081,6,3,11.56,Carlos,Lopez,67,,2022-10-23 23:56:45.551387848,Basico,,Uso medio,Adulto Mayor
11083,4,6,13.91,Mariana,Torres,79,Bogotá,2022-10-24 13:05:21.380345088,Premium,,Uso medio,Adulto Mayor
11084,2,0,0.0,Mateo,Torres,25,GDL,2022-10-24 19:39:39.294823708,Basico,,Bajo uso,Joven
11085,7,10,36.06,Sofia,Ramirez,34,MTY,2022-10-25 02:13:57.209302328,Basico,"1,7204E+18",Alto uso,Adulto
11086,7,8,48.84,Ana,Garcia,69,Cali,2022-10-25 08:48:15.123780948,Basico,,Uso medio,Adulto Mayor
11087,6,3,23.04,Luis,Ramirez,44,GDL,2022-10-25 15:22:33.038259568,Premium,,Uso medio,Adulto
11088,6,9,51.559999999999995,Carlos,Ramirez,50,Medellín,2022-10-25 21:56:50.952738184,Basico,,Uso medio,Adulto
11089,0,4,27.79,Sofia,Garcia,63,Medellín,2022-10-26 04:31:08.867216804,Basico,,Bajo uso,Adulto Mayor
11090,3,4,23.29,Sofia,Gomez,34,,2022-10-26 11:05:26.781695424,Basico,,Bajo uso,Adulto
11091,4,1,6.18,Ana,Ramirez,59,Cali,2022-10-26 17:39:44.696174044,Basico,,Bajo uso,Adulto
11092,5,7,31.279999999999998,Mariana,Ramirez,29,Cali,2022-10-27 00:14:02.610652664,Basico,,Uso medio,Joven
11093,4,4,33.46,Carlos,Torres,65,Bogotá,2022-10-27 06:48:20.525131284,Basico,,Bajo uso,Adulto Mayor
11094,5,8,30.72,Mateo,Garcia,63,GDL,2022-10-27 13:22:38.439609904,Premium,,Uso medio,Adulto Mayor
11095,6,5,45.37,Sofia,Lopez,79,Bogotá,2022-10-27 19:56:56.354088524,Premium,,Uso medio,Adulto Mayor
11096,5,9,47.67,Ana,Gomez,44,Bogotá,2022-10-28 02:31:14.268567144,Premium,,Uso medio,Adulto
11097,1,4,16.65,Mateo,Gomez,65,Medellín,2022-10-28 09:05:32.183045764,Basico,"1,73517E+18",Bajo uso,Adulto Mayor
11098,4,5,25.27,Mariana,Garcia,25,Medellín,2022-10-28 15:39:50.097524384,Premium,"1,73163E+18",Uso medio,Joven
11099,9,8,33.83,Carlos,Torres,40,MTY,2022-10-28 22:14:08.012003004,Basico,,Uso medio,Adulto
11100,5,7,33.9,Mariana,Torres,77,GDL,2022-10-29 04:48:25.926481620,Basico,,Uso medio,Adulto Mayor
11101,6,8,44.8,Sofia,Garcia,59,CDMX,2022-10-29 11:22:43.840960240,Premium,"1,73042E+18",Uso medio,Adulto
11102,3,6,53.529999999999994,Mateo,Torres,78,Medellín,2022-10-29 17:57:01.755438860,Basico,,Uso medio,Adulto Mayor
11103,4,5,19.76,Mateo,Gomez,66,Medellín,2022-10-30 00:31:19.669917480,Basico,,Uso medio,Adulto Mayor
11104,5,5,28.67,Mateo,Gomez,76,Medellín,2022-10-30 07:05:37.584396100,Basico,,Uso medio,Adulto Mayor
11105,6,4,8.040000000000001,Sofia,Lopez,79,MTY,2022-10-30 13:39:55.498874720,Basico,,Uso medio,Adulto Mayor
11106,4,2,9.86,Sofia,Garcia,46,GDL,2022-10-30 20:14:13.413353340,Premium,,Bajo uso,Adulto
11107,2,3,2.79,Mariana,Ramirez,67,Cali,2022-10-31 02:48:31.327831960,Basico,,Bajo uso,Adulto Mayor
11108,8,3,8.379999999999999,Luis,Ramirez,37,Cali,2022-10-31 09:22:49.242310580,Basico,,Uso medio,Adulto
11109,11,5,32.410000000000004,Mariana,Lopez,33,Bogotá,2022-10-31 15:57:07.156789200,Basico,,Alto uso,Adulto
11110,11,6,32.64,Carlos,Lopez,34,Medellín,2022-10-31 22:31:25.071267820,Premium,,Alto uso,Adulto
11111,7,5,18.71,Ana,Torres,33,MTY,2022-11-01 05:05:42.985746440,Basico,,Uso medio,Adulto
11112,8,6,16.93,Mateo,Lopez,36,Medellín,2022-11-01 11:40:00.900225056,Basico,,Uso medio,Adulto
11113,4,2,6.82,Luis,Lopez,73,Cali,2022-11-01 18:14:18.814703676,Premium,,Bajo uso,Adulto Mayor
11114,3,3,15.35,Ana,Ramirez,73,Medellín,2022-11-02 00:48:36.729182296,Basico,,Bajo uso,Adulto Mayor
11115,4,4,23.42,Luis,Torres,25,Bogotá,2022-11-02 07:22:54.643660916,Basico,,Bajo uso,Joven
11116,3,4,23.8,Mariana,Lopez,55,Bogotá,2022-11-02 13:57:12.558139536,Premium,,Bajo uso,Adulto
11117,5,5,44.830000000000005,Sofia,Lopez,55,Medellín,2022-11-02 20:31:30.472618156,Basico,,Uso medio,Adulto
11118,4,5,27.48,Mateo,Torres,70,Medellín,2022-11-03 03:05:48.387096776,Premium,"1,71772E+18",Uso medio,Adulto Mayor
11119,3,5,18.07,Mariana,Garcia,46,Bogotá,2022-11-03 09:40:06.301575396,Basico,"1,71815E+18",Uso medio,Adulto
11120,5,5,41.150000000000006,Ana,Torres,58,Medellín,2022-11-03 16:14:24.216054016,Premium,"1,72437E+18",Uso medio,Adulto
11121,7,8,35.76,Ana,Ramirez,53,CDMX,2022-11-03 22:48:42.130532636,Premium,,Uso medio,Adulto
11122,8,4,9.11,Ana,Garcia,43,,2022-11-04 05:23:00.045011256,Basico,,Uso medio,Adulto
11123,5,6,49.39,Ana,Gomez,48,Cali,2022-11-04 11:57:17.959489872,Basico,,Uso medio,Adulto
11124,7,2,11.59,Ana,Torres,61,MTY,2022-11-04 18:31:35.873968492,Premium,,Uso medio,Adulto Mayor
11125,3,3,7.9399999999999995,Luis,Ramirez,77,Bogotá,2022-11-05 01:05:53.788447112,Basico,,Bajo uso,Adulto Mayor
11126,6,4,8.18,Mariana,Garcia,29,CDMX,2022-11-05 07:40:11.702925732,Basico,,Uso medio,Joven
11127,6,4,10.040000000000001,Mateo,Torres,72,CDMX,2022-11-05 14:14:29.617404352,Basico,,Uso medio,Adulto Mayor
11128,7,1,7.62,Sofia,Lopez,34,GDL,2022-11-05 20:48:47.531882972,Premium,,Uso medio,Adulto
11129,6,3,35.04,Sofia,Torres,32,Medellín,2022-11-06 03:23:05.446361592,Premium,,Uso medio,Adulto
11130,3,2,32.26,Mariana,Gomez,26,,2022-11-06 09:57:23.360840212,Basico,"1,72195E+18",Bajo uso,Joven
11131,5,1,7.08,Mariana,Torres,56,Bogotá,2022-11-06 16:31:41.275318832,Basico,"1,71798E+18",Uso medio,Adulto
11132,6,3,36.92,Sofia,Garcia,59,Bogotá,2022-11-06 23:05:59.189797452,Premium,,Uso medio,Adulto
11133,8,2,10.36,Sofia,Garcia,65,Bogotá,2022-11-07 05:40:17.104276072,Premium,,Uso medio,Adulto Mayor
11134,4,4,14.42,Luis,Torres,29,CDMX,2022-11-07 12:14:35.018754692,Basico,,Bajo uso,Joven
11135,2,5,15.15,Carlos,Garcia,49,CDMX,2022-11-07 18:48:52.933233308,Premium,,Uso medio,Adulto
11136,4,2,23.88,Mateo,Lopez,42,Cali,2022-11-08 01:23:10.847711928,Premium,,Bajo uso,Adulto
11137,2,6,34.29,Ana,Torres,56,,2022-11-08 07:57:28.762190548,Basico,,Uso medio,Adulto
11138,7,9,69.9,Carlos,Lopez,35,Bogotá,2022-11-08 14:31:46.676669168,Premium,"1,73327E+18",Uso medio,Adulto
11139,4,4,15.389999999999999,Mariana,Lopez,32,Medellín,2022-11-08 21:06:04.591147788,Basico,,Bajo uso,Adulto
11140,5,5,31.2,Sofia,Ramirez,49,,2022-11-09 03:40:22.505626408,Basico,,Uso medio,Adulto
11141,5,2,7.93,Carlos,Torres,23,CDMX,2022-11-09 10:14:40.420105028,Basico,,Uso medio,Joven
11142,4,5,14.77,Mateo,Garcia,75,Cali,2022-11-09 16:48:58.334583648,Premium,,Uso medio,Adulto Mayor
11143,4,4,13.46,Mariana,Lopez,61,Medellín,2022-11-09 23:23:16.249062268,Premium,,Bajo uso,Adulto Mayor
11144,6,4,13.07,Ana,Ramirez,60,Bogotá,2022-11-10 05:57:34.163540888,Basico,,Uso medio,Adulto Mayor
11145,3,2,9.86,Ana,Torres,69,GDL,2022-11-10 12:31:52.078019508,Basico,,Bajo uso,Adulto Mayor
11146,6,3,5.8,Mateo,Torres,52,Medellín,2022-11-10 19:06:09.992498128,Basico,,Uso medio,Adulto
11147,8,3,9.08,Mateo,Gomez,51,Cali,2022-11-11 01:40:27.906976744,Premium,,Uso medio,Adulto
11148,4,6,52.53,Sofia,Gomez,55,CDMX,2022-11-11 08:14:45.821455364,Premium,,Uso medio,Adulto
11149,3,4,29.8,Ana,Lopez,73,Bogotá,2022-11-11 14:49:03.735933984,Basico,,Bajo uso,Adulto Mayor
11150,3,4,9.03,Mariana,Gomez,71,CDMX,2022-11-11 21:23:21.650412604,Basico,,Bajo uso,Adulto Mayor
11151,10,7,47.839999999999996,Carlos,Lopez,74,,2022-11-12 03:57:39.564891224,Basico,"1,72066E+18",Alto uso,Adulto Mayor
11152,7,4,20.27,Mariana,Garcia,79,Bogotá,2022-11-12 10:31:57.479369844,Basico,,Uso medio,Adulto Mayor
11153,7,4,29.68,Luis,Lopez,22,Cali,2022-11-12 17:06:15.393848464,Basico,,Uso medio,Joven
11154,0,5,27.62,Luis,Gomez,35,MTY,2022-11-12 23:40:33.308327084,Premium,,Uso medio,Adulto
11155,3,4,22.71,Mateo,Garcia,33,CDMX,2022-11-13 06:14:51.222805704,Basico,,Bajo uso,Adulto
11156,6,3,17.18,Sofia,Gomez,25,CDMX,2022-11-13 12:49:09.137284324,Premium,,Uso medio,Joven
11157,2,7,39.04,Luis,Lopez,42,GDL,2022-11-13 19:23:27.051762944,Basico,,Uso medio,Adulto
11158,5,4,24.25,Ana,Ramirez,49,GDL,2022-11-14 01:57:44.966241560,Basico,,Uso medio,Adulto
11159,15,2,5.15,Mariana,Torres,79,Bogotá,2022-11-14 08:32:02.880720180,Basico,,Alto uso,Adulto Mayor
11160,9,5,27.29,Mariana,Gomez,43,CDMX,2022-11-14 15:06:20.795198800,Basico,,Uso medio,Adulto
11161,5,4,11.129999999999999,Mateo,Lopez,69,Bogotá,2022-11-14 21:40:38.709677420,Basico,"1,72515E+18",Uso medio,Adulto Mayor
11162,6,7,28.75,Carlos,Garcia,39,MTY,2022-11-15 04:14:56.624156040,Premium,,Uso medio,Adulto
11163,8,6,23.009999999999998,Mateo,Gomez,48,Bogotá,2022-11-15 10:49:14.538634660,Basico,,Uso medio,Adulto
11164,2,7,36.19,Carlos,Gomez,60,Medellín,2022-11-15 17:23:32.453113280,Premium,,Uso medio,Adulto Mayor
11165,3,4,10.27,Mateo,Torres,27,Medellín,2022-11-15 23:57:50.367591900,Basico,,Bajo uso,Joven
11166,6,3,9.639999999999999,Mateo,Lopez,73,,2022-11-16 06:32:08.282070520,Basico,,Uso medio,Adulto Mayor
11167,6,5,7.830000000000001,Mateo,Ramirez,74,CDMX,2022-11-16 13:06:26.196549140,Basico,,Uso medio,Adulto Mayor
11168,7,2,10.7,Carlos,Garcia,29,Bogotá,2022-11-16 19:40:44.111027760,Premium,,Uso medio,Joven
11169,4,5,19.85,Carlos,Lopez,70,Bogotá,2022-11-17 02:15:02.025506380,Basico,,Uso medio,Adulto Mayor
11170,8,2,7.93,Mateo,Garcia,45,Bogotá,2022-11-17 08:49:19.939984996,Basico,,Uso medio,Adulto
11171,3,4,24.52,Luis,Gomez,23,Medellín,2022-11-17 15:23:37.854463616,Premium,,Bajo uso,Joven
11172,3,3,4.2,Sofia,Torres,76,Bogotá,2022-11-17 21:57:55.768942236,Basico,,Bajo uso,Adulto Mayor
11173,13,3,25.91,Sofia,Torres,37,Bogotá,2022-11-18 04:32:13.683420856,Premium,"1,72584E+18",Alto uso,Adulto
11174,9,1,1.89,Sofia,Ramirez,22,Bogotá,2022-11-18 11:06:31.597899476,Basico,,Uso medio,Joven
11175,7,5,39.49,Carlos,Torres,40,,2022-11-18 17:40:49.512378096,Premium,,Uso medio,Adulto
11176,8,1,3.61,Carlos,Gomez,26,,2022-11-19 00:15:07.426856716,Basico,,Uso medio,Joven
11177,8,4,11.26,Luis,Ramirez,75,MTY,2022-11-19 06:49:25.341335336,Premium,,Uso medio,Adulto Mayor
11178,5,9,50.86,Sofia,Lopez,76,CDMX,2022-11-19 13:23:43.255813956,Basico,,Uso medio,Adulto Mayor
11179,6,3,27.1,Sofia,Torres,46,Cali,2022-11-19 19:58:01.170292576,Basico,,Uso medio,Adulto
11180,6,3,8.51,Mateo,Ramirez,33,,2022-11-20 02:32:19.084771196,Basico,,Uso medio,Adulto
11181,7,5,11.35,Carlos,Gomez,71,GDL,2022-11-20 09:06:36.999249816,Basico,,Uso medio,Adulto Mayor
11182,9,8,34.06,Sofia,Garcia,63,MTY,2022-11-20 15:40:54.913728432,Premium,,Uso medio,Adulto Mayor
11183,8,4,22.69,Mariana,Garcia,39,,2022-11-20 22:15:12.828207052,Basico,"1,72679E+18",Uso medio,Adulto
11184,7,3,37.51,Luis,Gomez,25,Medellín,2022-11-21 04:49:30.742685672,Basico,,Uso medio,Joven
11185,7,3,10.3,Mariana,Gomez,76,GDL,2022-11-21 11:23:48.657164292,Basico,,Uso medio,Adulto Mayor
11186,10,7,36.68,Mariana,Garcia,37,Bogotá,2022-11-21 17:58:06.571642912,Basico,"1,71841E+18",Alto uso,Adulto
11187,3,0,0.0,Luis,Ramirez,68,,2022-11-22 00:32:24.486121532,Basico,,Bajo uso,Adulto Mayor
11188,8,6,30.4,Mariana,Garcia,31,Cali,2022-11-22 07:06:42.400600152,Basico,,Uso medio,Adulto
11189,7,5,24.84,Sofia,Gomez,56,Medellín,2022-11-22 13:41:00.315078772,Premium,"1,72385E+18",Uso medio,Adulto
11190,5,5,29.77,Carlos,Torres,54,Medellín,2022-11-22 20:15:18.229557392,Premium,,Uso medio,Adulto
11191,1,2,3.4699999999999998,Luis,Lopez,67,CDMX,2022-11-23 02:49:36.144036012,Basico,"1,72688E+18",Bajo uso,Adulto Mayor
11192,3,3,8.52,Mateo,Torres,51,Cali,2022-11-23 09:23:54.058514632,Premium,,Bajo uso,Adulto
11193,6,4,32.04,Mariana,Torres,28,GDL,2022-11-23 15:58:11.972993248,Basico,,Uso medio,Joven
11194,10,7,16.98,Luis,Gomez,71,,2022-11-23 22:32:29.887471868,Basico,,Alto uso,Adulto Mayor
11195,5,4,9.96,Ana,Garcia,57,MTY,2022-11-24 05:06:47.801950488,Basico,,Uso medio,Adulto
11196,7,7,20.86,Ana,Ramirez,50,,2022-11-24 11:41:05.716429108,Basico,"1,72282E+18",Uso medio,Adulto
11197,17,3,24.93,Carlos,Torres,48,GDL,2022-11-24 18:15:23.630907728,Basico,"1,72636E+18",Alto uso,Adulto
11198,8,4,20.41,Sofia,Garcia,76,Bogotá,2022-11-25 00:49:41.545386348,Premium,"1,735E+18",Uso medio,Adulto Mayor
11199,7,4,6.33,Carlos,Ramirez,71,CDMX,2022-11-25 07:23:59.459864968,Premium,,Uso medio,Adulto Mayor
11200,8,5,20.38,Carlos,Torres,61,Medellín,2022-11-25 13:58:17.374343588,Basico,,Uso medio,Adulto Mayor
11201,7,3,7.34,Carlos,Ramirez,51,Cali,2022-11-25 20:32:35.288822208,Basico,,Uso medio,Adulto
11202,9,5,31.97,Carlos,Garcia,67,Medellín,2022-11-26 03:06:53.203300828,Premium,,Uso medio,Adulto Mayor
11203,2,3,16.62,Mateo,Lopez,24,Bogotá,2022-11-26 09:41:11.117779448,Basico,,Bajo uso,Joven
11204,5,5,9.200000000000001,Mateo,Garcia,75,CDMX,2022-11-26 16:15:29.032258068,Premium,,Uso medio,Adulto Mayor
11205,4,4,7.22,Luis,Gomez,66,,2022-11-26 22:49:46.946736684,Basico,,Bajo uso,Adulto Mayor
11206,3,7,54.400000000000006,Ana,Ramirez,71,Medellín,2022-11-27 05:24:04.861215304,Basico,,Uso medio,Adulto Mayor
11207,5,4,11.26,Carlos,Lopez,79,Medellín,2022-11-27 11:58:22.775693924,Basico,"1,71763E+18",Uso medio,Adulto Mayor
11208,7,2,4.44,Luis,Ramirez,40,Cali,2022-11-27 18:32:40.690172544,Premium,,Uso medio,Adulto
11209,5,8,56.14,Ana,Ramirez,63,Medellín,2022-11-28 01:06:58.604651164,Premium,,Uso medio,Adulto Mayor
11210,8,5,24.2,Mariana,Torres,73,Bogotá,,Basico,,Uso medio,Adulto Mayor
11211,7,6,47.0,Sofia,Gomez,24,Medellín,2022-11-28 14:15:34.433608404,Premium,,Uso medio,Joven
11212,8,8,41.96,Mateo,Ramirez,71,Medellín,2022-11-28 20:49:52.348087024,Basico,,Uso medio,Adulto Mayor
11213,7,6,17.24,Mariana,Garcia,42,,2022-11-29 03:24:10.262565644,Basico,"1,72541E+18",Uso medio,Adulto
11214,8,4,26.08,Ana,Garcia,78,Cali,2022-11-29 09:58:28.177044264,Premium,,Uso medio,Adulto Mayor
11215,5,4,8.89,Mariana,Torres,20,CDMX,2022-11-29 16:32:46.091522884,Basico,,Uso medio,Joven
11216,10,1,3.38,Sofia,Gomez,76,MTY,2022-11-29 23:07:04.006001504,Basico,"1,71789E+18",Alto uso,Adulto Mayor
11217,6,9,66.03999999999999,Ana,Gomez,55,CDMX,2022-11-30 05:41:21.920480120,Basico,,Uso medio,Adulto
11218,4,2,2.22,Mariana,Garcia,37,CDMX,2022-11-30 12:15:39.834958740,Premium,,Bajo uso,Adulto
11219,3,3,43.589999999999996,Mateo,Lopez,51,Medellín,2022-11-30 18:49:57.749437360,Premium,,Bajo uso,Adulto
11220,5,5,27.4,Mateo,Torres,66,,2022-12-01 01:24:15.663915980,Premium,,Uso medio,Adulto Mayor
11221,6,2,5.6899999999999995,Luis,Torres,61,CDMX,2022-12-01 07:58:33.578394600,Basico,,Uso medio,Adulto Mayor
11222,9,4,12.56,Mariana,Garcia,61,Bogotá,2022-12-01 14:32:51.492873220,Premium,,Uso medio,Adulto Mayor
11223,7,5,29.9,Carlos,Garcia,47,,2022-12-01 21:07:09.407351840,Basico,,Uso medio,Adulto
11224,5,4,22.0,Mariana,Lopez,34,Cali,2022-12-02 03:41:27.321830460,Premium,,Uso medio,Adulto
11225,7,4,10.65,Ana,Lopez,76,Bogotá,2022-12-02 10:15:45.236309080,Basico,,Uso medio,Adulto Mayor
11226,8,5,18.98,Ana,Gomez,27,Cali,2022-12-02 16:50:03.150787700,Basico,,Uso medio,Joven
11227,10,5,37.1,Mariana,Torres,52,Bogotá,2022-12-02 23:24:21.065266320,Basico,"1,7248E+18",Alto uso,Adulto
11228,10,3,5.930000000000001,Sofia,Torres,37,CDMX,2022-12-03 05:58:38.979744936,Premium,,Alto uso,Adulto
11229,7,4,21.7,Mateo,Garcia,35,CDMX,2022-12-03 12:32:56.894223556,Premium,,Uso medio,Adulto
11230,4,4,20.65,Ana,Gomez,62,GDL,2022-12-03 19:07:14.808702176,Basico,,Bajo uso,Adulto Mayor
11231,7,3,11.790000000000001,Mateo,Torres,61,MTY,2022-12-04 01:41:32.723180796,Basico,,Uso medio,Adulto Mayor
11232,9,2,14.88,Ana,Gomez,44,,2022-12-04 08:15:50.637659416,Premium,,Uso medio,Adulto
11233,11,3,13.53,Luis,Gomez,76,Cali,2022-12-04 14:50:08.552138036,Basico,"1,71858E+18",Alto uso,Adulto Mayor
11234,3,3,5.93,Carlos,Garcia,79,Bogotá,2022-12-04 21:24:26.466616656,Premium,"1,73163E+18",Bajo uso,Adulto Mayor
11235,2,5,39.34,Ana,Gomez,76,Bogotá,2022-12-05 03:58:44.381095276,Premium,"1,72299E+18",Uso medio,Adulto Mayor
11236,6,3,11.3,Mateo,Lopez,66,GDL,2022-12-05 10:33:02.295573896,Basico,,Uso medio,Adulto Mayor
11237,7,4,16.4,Luis,Lopez,53,Medellín,2022-12-05 17:07:20.210052516,Basico,"1,7312E+18",Uso medio,Adulto
11238,6,5,22.03,Ana,Ramirez,47,Cali,2022-12-05 23:41:38.124531136,Basico,,Uso medio,Adulto
11239,6,7,24.3,Sofia,Garcia,40,GDL,2022-12-06 06:15:56.039009756,Basico,,Uso medio,Adulto
11240,7,6,39.46,Carlos,Ramirez,49,CDMX,2022-12-06 12:50:13.953488372,Basico,,Uso medio,Adulto
11241,4,10,44.46,Ana,Lopez,27,Medellín,2022-12-06 19:24:31.867966992,Premium,,Alto uso,Joven
11242,5,3,8.61,Luis,Ramirez,28,Bogotá,2022-12-07 01:58:49.782445612,Basico,,Uso medio,Joven
11243,6,4,23.520000000000003,Sofia,Garcia,55,Bogotá,2022-12-07 08:33:07.696924232,Basico,,Uso medio,Adulto
11244,4,4,15.749999999999998,Mariana,Garcia,23,Medellín,2022-12-07 15:07:25.611402852,Premium,,Bajo uso,Joven
11245,3,4,22.86,Luis,Gomez,76,Bogotá,2022-12-07 21:41:43.525881472,Premium,"1,72981E+18",Bajo uso,Adulto Mayor
11246,7,7,33.65,Luis,Torres,58,GDL,2022-12-08 04:16:01.440360092,Premium,,Uso medio,Adulto
11247,8,5,29.08,Sofia,Gomez,79,MTY,2022-12-08 10:50:19.354838712,Basico,,Uso medio,Adulto Mayor
11248,8,8,27.970000000000002,Luis,Garcia,64,Bogotá,2022-12-08 17:24:37.269317332,Premium,,Uso medio,Adulto Mayor
11249,7,2,18.45,Sofia,Lopez,51,,2022-12-08 23:58:55.183795952,Premium,,Uso medio,Adulto
11250,4,4,19.8,Ana,Lopez,53,,2022-12-09 06:33:13.098274572,Basico,,Bajo uso,Adulto
11251,2,4,30.78,Sofia,Gomez,54,,2022-12-09 13:07:31.012753188,Basico,,Bajo uso,Adulto
11252,5,7,47.05,Sofia,Garcia,34,Medellín,2022-12-09 19:41:48.927231808,Basico,,Uso medio,Adulto
11253,4,3,13.8,Carlos,Lopez,57,Bogotá,2022-12-10 02:16:06.841710428,Premium,,Bajo uso,Adulto
11254,6,5,21.25,Sofia,Garcia,57,Medellín,2022-12-10 08:50:24.756189048,Basico,,Uso medio,Adulto
11255,13,5,32.19,Sofia,Lopez,71,,2022-12-10 15:24:42.670667668,Premium,,Alto uso,Adulto Mayor
11256,6,3,9.07,Mariana,Garcia,29,GDL,2022-12-10 21:59:00.585146288,Premium,,Uso medio,Joven
11257,7,5,22.72,Ana,Ramirez,38,Bogotá,2022-12-11 04:33:18.499624908,Basico,,Uso medio,Adulto
11258,5,3,16.39,Carlos,Garcia,57,Medellín,2022-12-11 11:07:36.414103528,Basico,"1,73051E+18",Uso medio,Adulto
11259,10,6,21.380000000000003,Mariana,Garcia,36,Medellín,2022-12-11 17:41:54.328582148,Basico,,Alto uso,Adulto
11260,4,7,58.720000000000006,Mateo,Gomez,20,GDL,2022-12-12 00:16:12.243060768,Basico,,Uso medio,Joven
11261,7,2,1.8800000000000001,Ana,Ramirez,35,Bogotá,2022-12-12 06:50:30.157539388,Premium,,Uso medio,Adulto
11262,8,3,9.95,Ana,Torres,70,Cali,2022-12-12 13:24:48.072018008,Premium,,Uso medio,Adulto Mayor
11263,7,6,17.75,Mateo,Gomez,68,Bogotá,2022-12-12 19:59:05.986496624,Basico,"1,72472E+18",Uso medio,Adulto Mayor
11264,4,1,4.29,Sofia,Torres,36,Cali,2022-12-13 02:33:23.900975244,Premium,,Bajo uso,Adulto
11265,8,3,27.8,Mariana,Lopez,64,MTY,2022-12-13 09:07:41.815453864,Basico,"1,72981E+18",Uso medio,Adulto Mayor
11266,6,7,28.05,Luis,Torres,23,,2022-12-13 15:41:59.729932484,Basico,,Uso medio,Joven
11267,6,5,35.22,Carlos,Garcia,33,Bogotá,2022-12-13 22:16:17.644411104,Basico,,Uso medio,Adulto
11268,5,5,39.18,Luis,Torres,25,Bogotá,2022-12-14 04:50:35.558889724,Basico,"1,72048E+18",Uso medio,Joven
11269,6,3,9.72,Mateo,Gomez,65,CDMX,2022-12-14 11:24:53.473368344,Premium,,Uso medio,Adulto Mayor
11270,6,4,21.72,Ana,Gomez,35,CDMX,2022-12-14 17:59:11.387846964,Premium,,Uso medio,Adulto
11271,6,0,0.0,Ana,Torres,69,Medellín,2022-12-15 00:33:29.302325584,Basico,,Uso medio,Adulto Mayor
11272,9,6,24.69,Carlos,Gomez,65,Bogotá,2022-12-15 07:07:47.216804204,Basico,,Uso medio,Adulto Mayor
11273,9,4,19.03,Ana,Gomez,60,Bogotá,2022-12-15 13:42:05.131282824,Basico,,Uso medio,Adulto Mayor
11274,7,2,13.55,Ana,Torres,56,CDMX,2022-12-15 20:16:23.045761444,Basico,"1,73215E+18",Uso medio,Adulto
11275,4,5,20.12,Carlos,Ramirez,66,Cali,,Premium,"1,73344E+18",Uso medio,Adulto Mayor
11276,3,1,11.75,Mariana,Ramirez,66,Cali,2022-12-16 09:24:58.874718680,Premium,,Bajo uso,Adulto Mayor
11277,6,3,13.84,Mariana,Lopez,29,GDL,2022-12-16 15:59:16.789197300,Premium,,Uso medio,Joven
11278,5,2,5.4,Carlos,Gomez,62,Medellín,2022-12-16 22:33:34.703675920,Basico,,Uso medio,Adulto Mayor
11279,9,1,5.23,Mateo,Torres,27,Cali,2022-12-17 05:07:52.618154540,Basico,,Uso medio,Joven
11280,11,5,24.66,Ana,Gomez,24,Medellín,2022-12-17 11:42:10.532633160,Basico,,Alto uso,Joven
11281,6,2,14.739999999999998,Ana,Garcia,63,MTY,2022-12-17 18:16:28.447111780,Basico,,Uso medio,Adulto Mayor
11282,12,5,33.68,Mateo,Gomez,72,Medellín,2022-12-18 00:50:46.361590400,Basico,,Alto uso,Adulto Mayor
11283,10,6,28.22,Mariana,Gomez,18,GDL,2022-12-18 07:25:04.276069020,Basico,"1,72238E+18",Alto uso,Joven
11284,6,3,15.370000000000001,Sofia,Ramirez,66,MTY,2022-12-18 13:59:22.190547640,Basico,,Uso medio,Adulto Mayor
11285,6,0,0.0,Sofia,Torres,53,GDL,2022-12-18 20:33:40.105026260,Basico,,Uso medio,Adulto
11286,7,6,64.38,Sofia,Gomez,38,Bogotá,2022-12-19 03:07:58.019504876,Premium,"1,73241E+18",Uso medio,Adulto
11287,1,3,6.99,Mariana,Ramirez,54,CDMX,2022-12-19 09:42:15.933983496,Basico,,Bajo uso,Adulto
11288,9,8,20.14,Mariana,Lopez,69,,2022-12-19 16:16:33.848462116,Premium,"1,71876E+18",Uso medio,Adulto Mayor
11289,6,6,39.33,Mateo,Ramirez,41,MTY,2022-12-19 22:50:51.762940736,Basico,,Uso medio,Adulto
11290,6,4,18.53,Ana,Ramirez,72,GDL,2022-12-20 05:25:09.677419356,Basico,,Uso medio,Adulto Mayor
11291,7,5,22.419999999999998,Mateo,Ramirez,42,Bogotá,2022-12-20 11:59:27.591897976,Premium,,Uso medio,Adulto
11292,2,4,17.990000000000002,Mateo,Gomez,24,GDL,2022-12-20 18:33:45.506376596,Basico,,Bajo uso,Joven
11293,4,4,25.16,Mariana,Gomez,47,Bogotá,,Premium,,Bajo uso,Adulto
11294,3,4,37.1,Sofia,Lopez,59,MTY,2022-12-21 07:42:21.335333836,Basico,,Bajo uso,Adulto
11295,9,5,28.130000000000003,Luis,Garcia,34,CDMX,2022-12-21 14:16:39.249812456,Basico,,Uso medio,Adulto
11296,6,4,13.950000000000001,Ana,Garcia,46,GDL,2022-12-21 20:50:57.164291076,Basico,,Uso medio,Adulto
11297,5,1,1.64,Mariana,Garcia,47,Bogotá,2022-12-22 03:25:15.078769696,Premium,,Uso medio,Adulto
11298,4,5,27.53,Sofia,Lopez,24,CDMX,2022-12-22 09:59:32.993248312,Premium,,Uso medio,Joven
11299,7,6,10.350000000000001,Luis,Garcia,50,Cali,2022-12-22 16:33:50.907726932,Premium,,Uso medio,Adulto
11300,3,2,5.6899999999999995,Luis,Garcia,24,Medellín,2022-12-22 23:08:08.822205552,Premium,,Bajo uso,Joven
11301,6,2,14.19,Mariana,Ramirez,75,Medellín,2022-12-23 05:42:26.736684172,Basico,,Uso medio,Adulto Mayor
11302,6,3,14.200000000000001,Carlos,Gomez,41,Bogotá,2022-12-23 12:16:44.651162792,Basico,,Uso medio,Adulto
11303,3,3,7.22,Ana,Gomez,28,Bogotá,2022-12-23 18:51:02.565641412,Basico,,Bajo uso,Joven
11304,9,7,135.35999999999999,Luis,Ramirez,26,,2022-12-24 01:25:20.480120032,Basico,,Uso medio,Joven
11305,3,4,27.14,Mariana,Ramirez,29,CDMX,2022-12-24 07:59:38.394598652,Premium,,Bajo uso,Joven
11306,2,4,35.73,Mariana,Ramirez,52,CDMX,2022-12-24 14:33:56.309077272,Basico,,Bajo uso,Adulto
11307,6,2,4.24,Sofia,Gomez,47,GDL,2022-12-24 21:08:14.223555892,Basico,,Uso medio,Adulto
11308,7,5,33.87,Carlos,Garcia,21,CDMX,2022-12-25 03:42:32.138034512,Basico,,Uso medio,Joven
11309,10,5,40.61,Ana,Ramirez,53,GDL,2022-12-25 10:16:50.052513132,Premium,,Alto uso,Adulto
11310,7,1,0.53,Mateo,Lopez,45,Medellín,2022-12-25 16:51:07.966991748,Premium,"1,72774E+18",Uso medio,Adulto
11311,8,2,3.21,Sofia,Ramirez,74,Bogotá,2022-12-25 23:25:25.881470368,Basico,,Uso medio,Adulto Mayor
11312,5,5,24.580000000000002,Luis,Torres,30,,2022-12-26 05:59:43.795948988,Basico,,Uso medio,Adulto
11313,3,6,11.94,Luis,Ramirez,40,GDL,2022-12-26 12:34:01.710427608,Basico,,Uso medio,Adulto
11314,8,5,28.29,Sofia,Gomez,36,MTY,,Basico,,Uso medio,Adulto
11315,8,7,48.160000000000004,Mariana,Ramirez,59,,2022-12-27 01:42:37.539384848,Premium,,Uso medio,Adulto
11316,7,4,32.72,Luis,Torres,54,Cali,2022-12-27 08:16:55.453863468,Basico,,Uso medio,Adulto
11317,3,10,35.06,Carlos,Lopez,56,Bogotá,2022-12-27 14:51:13.368342088,Basico,"1,72826E+18",Alto uso,Adulto
11318,4,9,40.86,Ana,Garcia,41,Bogotá,2022-12-27 21:25:31.282820708,Basico,"1,71936E+18",Uso medio,Adulto
11319,7,3,18.14,Carlos,Ramirez,33,Cali,2022-12-28 03:59:49.197299328,Basico,,Uso medio,Adulto
11320,4,5,28.28,Luis,Torres,50,Bogotá,2022-12-28 10:34:07.111777948,Premium,,Uso medio,Adulto
11321,5,6,24.49,Mateo,Torres,29,GDL,2022-12-28 17:08:25.026256564,Basico,"1,71945E+18",Uso medio,Joven
11322,5,4,10.89,Ana,Lopez,51,Cali,2022-12-28 23:42:42.940735184,Basico,,Uso medio,Adulto
11323,7,3,20.650000000000002,Ana,Gomez,24,Bogotá,2022-12-29 06:17:00.855213804,Premium,,Uso medio,Joven
11324,3,8,56.93,Sofia,Ramirez,28,CDMX,2022-12-29 12:51:18.769692424,Basico,"1,72325E+18",Uso medio,Joven
11325,2,5,13.96,Sofia,Torres,48,Bogotá,2022-12-29 19:25:36.684171044,Premium,,Uso medio,Adulto
11326,8,7,34.65,Mateo,Lopez,46,Bogotá,2022-12-30 01:59:54.598649664,Basico,,Uso medio,Adulto
11327,6,4,18.33,Mariana,Garcia,79,,2022-12-30 08:34:12.513128284,Basico,,Uso medio,Adulto Mayor
11328,6,4,35.3,Ana,Torres,30,CDMX,2022-12-30 15:08:30.427606904,Basico,,Uso medio,Adulto
11329,5,8,35.47,Mateo,Lopez,48,,2022-12-30 21:42:48.342085524,Basico,,Uso medio,Adulto
11330,7,3,26.330000000000002,Sofia,Gomez,19,Bogotá,2022-12-31 04:17:06.256564144,Basico,,Uso medio,Joven
11331,2,3,15.450000000000001,Sofia,Gomez,56,Bogotá,2022-12-31 10:51:24.171042764,Basico,,Bajo uso,Adulto
11332,3,0,0.0,Ana,Torres,32,CDMX,2022-12-31 17:25:42.085521384,Basico,,Bajo uso,Adulto
11333,4,6,35.45,Carlos,Torres,74,Medellín,2023-01-01 00:00:00.000000000,Basico,,Uso medio,Adulto Mayor
11334,4,2,3.16,Luis,Ramirez,28,,2023-01-01 06:34:17.914478620,Premium,,Bajo uso,Joven
11335,9,7,79.3,Sofia,Lopez,51,MTY,2023-01-01 13:08:35.828957240,Premium,,Uso medio,Adulto
11336,7,4,12.48,Mariana,Torres,56,GDL,2023-01-01 19:42:53.743435860,Basico,,Uso medio,Adulto
11337,7,1,7.06,Mariana,Ramirez,21,Bogotá,2023-01-02 02:17:11.657914480,Basico,,Uso medio,Joven
11338,7,6,24.66,Sofia,Ramirez,28,Cali,2023-01-02 08:51:29.572393100,Premium,,Uso medio,Joven
11339,8,2,12.379999999999999,Carlos,Torres,46,CDMX,2023-01-02 15:25:47.486871720,Basico,"1,72653E+18",Uso medio,Adulto
11340,3,3,7.28,Carlos,Gomez,19,Medellín,2023-01-02 22:00:05.401350340,Basico,,Bajo uso,Joven
11341,5,5,23.64,Mateo,Lopez,78,Bogotá,2023-01-03 04:34:23.315828960,Basico,,Uso medio,Adulto Mayor
11342,6,8,33.230000000000004,Mariana,Lopez,33,MTY,2023-01-03 11:08:41.230307580,Basico,"1,72143E+18",Uso medio,Adulto
11343,6,6,20.04,Mateo,Gomez,56,Bogotá,2023-01-03 17:42:59.144786200,Basico,,Uso medio,Adulto
11344,4,2,13.29,Mariana,Torres,30,GDL,2023-01-04 00:17:17.059264816,Premium,,Bajo uso,Adulto
11345,3,4,8.76,Luis,Lopez,54,Cali,2023-01-04 06:51:34.973743436,Premium,,Bajo uso,Adulto
11346,4,4,29.189999999999998,Luis,Torres,34,Medellín,2023-01-04 13:25:52.888222056,Premium,,Bajo uso,Adulto
11347,6,3,8.17,Ana,Torres,38,Bogotá,2023-01-04 20:00:10.802700676,Basico,,Uso medio,Adulto
11348,8,5,20.259999999999998,Mateo,Ramirez,61,MTY,2023-01-05 02:34:28.717179296,Basico,,Uso medio,Adulto Mayor
11349,3,6,14.780000000000001,Sofia,Gomez,77,GDL,2023-01-05 09:08:46.631657916,Premium,,Uso medio,Adulto Mayor
11350,6,2,14.7,Mateo,Torres,36,Cali,2023-01-05 15:43:04.546136536,Basico,,Uso medio,Adulto
11351,5,8,51.37,Sofia,Garcia,24,Bogotá,2023-01-05 22:17:22.460615156,Basico,,Uso medio,Joven
11352,5,4,6.72,Carlos,Gomez,55,Bogotá,2023-01-06 04:51:40.375093776,Basico,"1,73146E+18",Uso medio,Adulto
11353,4,2,22.990000000000002,Mateo,Lopez,25,Bogotá,2023-01-06 11:25:58.289572396,Basico,,Bajo uso,Joven
11354,2,5,18.54,Carlos,Ramirez,30,Bogotá,2023-01-06 18:00:16.204051016,Basico,,Uso medio,Adulto
11355,5,7,21.43,Luis,Lopez,54,GDL,2023-01-07 00:34:34.118529636,Basico,,Uso medio,Adulto
11356,5,3,10.15,Luis,Lopez,19,CDMX,2023-01-07 07:08:52.033008252,Premium,,Uso medio,Joven
11357,5,3,19.939999999999998,Ana,Gomez,58,CDMX,2023-01-07 13:43:09.947486872,Basico,,Uso medio,Adulto
11358,1,4,29.17,Mateo,Lopez,79,Cali,2023-01-07 20:17:27.861965492,Basico,,Bajo uso,Adulto Mayor
11359,3,2,33.14,Carlos,Torres,28,GDL,2023-01-08 02:51:45.776444112,Premium,,Bajo uso,Joven
11360,4,4,45.59,Sofia,Lopez,41,CDMX,2023-01-08 09:26:03.690922732,Basico,"1,72359E+18",Bajo uso,Adulto
11361,5,3,35.370000000000005,Luis,Ramirez,23,Cali,2023-01-08 16:00:21.605401352,Basico,"1,72835E+18",Uso medio,Joven
11362,8,4,27.47,Luis,Ramirez,78,CDMX,2023-01-08 22:34:39.519879972,Basico,,Uso medio,Adulto Mayor
11363,6,4,15.850000000000001,Sofia,Garcia,43,Medellín,2023-01-09 05:08:57.434358592,Basico,"1,72748E+18",Uso medio,Adulto
11364,7,1,0.71,Carlos,Ramirez,24,MTY,2023-01-09 11:43:15.348837212,Basico,,Uso medio,Joven
11365,6,5,41.14,Carlos,Lopez,74,CDMX,2023-01-09 18:17:33.263315832,Premium,,Uso medio,Adulto Mayor
11366,5,2,12.56,Mateo,Ramirez,56,Bogotá,2023-01-10 00:51:51.177794452,Premium,,Uso medio,Adulto
11367,8,7,24.29,Mateo,Gomez,36,CDMX,2023-01-10 07:26:09.092273072,Basico,,Uso medio,Adulto
11368,4,3,27.15,Mariana,Ramirez,23,Cali,2023-01-10 14:00:27.006751688,Basico,,Bajo uso,Joven
11369,3,3,15.780000000000001,Mariana,Torres,60,Bogotá,2023-01-10 20:34:44.921230308,Basico,,Bajo uso,Adulto Mayor
11370,3,5,71.09,Ana,Gomez,46,CDMX,2023-01-11 03:09:02.835708928,Basico,,Uso medio,Adulto
11371,4,1,0.86,Luis,Garcia,60,GDL,2023-01-11 09:43:20.750187548,Basico,,Bajo uso,Adulto Mayor
11372,5,6,30.12,Mateo,Torres,56,Bogotá,2023-01-11 16:17:38.664666168,Basico,,Uso medio,Adulto
11373,10,2,8.719999999999999,Carlos,Lopez,19,GDL,2023-01-11 22:51:56.579144788,Basico,,Alto uso,Joven
11374,3,5,11.9,Sofia,Lopez,36,GDL,2023-01-12 05:26:14.493623408,Basico,,Uso medio,Adulto
11375,7,5,27.36,Carlos,Lopez,21,Bogotá,2023-01-12 12:00:32.408102028,Basico,,Uso medio,Joven
11376,5,7,16.4,Luis,Torres,75,Cali,2023-01-12 18:34:50.322580648,Basico,,Uso medio,Adulto Mayor
11377,5,4,32.87,Mariana,Torres,23,Bogotá,2023-01-13 01:09:08.237059268,Basico,,Uso medio,Joven
11378,5,4,45.06,Carlos,Torres,66,Medellín,2023-01-13 07:43:26.151537888,Premium,"1,73068E+18",Uso medio,Adulto Mayor
11379,4,2,11.53,Ana,Gomez,74,,2023-01-13 14:17:44.066016504,Basico,,Bajo uso,Adulto Mayor
11380,9,8,55.12,Luis,Gomez,54,GDL,2023-01-13 20:52:01.980495124,Premium,,Uso medio,Adulto
11381,3,4,13.549999999999999,Mariana,Lopez,78,Cali,2023-01-14 03:26:19.894973744,Premium,,Bajo uso,Adulto Mayor
11382,9,4,17.560000000000002,Sofia,Ramirez,45,Cali,2023-01-14 10:00:37.809452364,Premium,,Uso medio,Adulto
11383,3,5,19.119999999999997,Mariana,Lopez,47,MTY,2023-01-14 16:34:55.723930984,Basico,,Uso medio,Adulto
11384,6,3,11.94,Ana,Garcia,24,,2023-01-14 23:09:13.638409604,Premium,,Uso medio,Joven
11385,2,2,2.7600000000000002,Luis,Gomez,26,GDL,2023-01-15 05:43:31.552888224,Basico,,Bajo uso,Joven
11386,9,4,20.880000000000003,Sofia,Torres,42,GDL,2023-01-15 12:17:49.467366844,Basico,,Uso medio,Adulto
11387,2,7,38.49,Ana,Gomez,50,Cali,2023-01-15 18:52:07.381845464,Basico,,Uso medio,Adulto
11388,6,6,18.73,Mariana,Torres,47,Bogotá,2023-01-16 01:26:25.296324084,Basico,,Uso medio,Adulto
11389,5,3,10.809999999999999,Ana,Garcia,18,MTY,2023-01-16 08:00:43.210802704,Basico,,Uso medio,Joven
11390,6,5,20.94,Luis,Garcia,68,CDMX,2023-01-16 14:35:01.125281324,Basico,,Uso medio,Adulto Mayor
11391,5,4,14.59,Mateo,Gomez,23,Cali,2023-01-16 21:09:19.039759940,Basico,,Uso medio,Joven
11392,5,3,19.65,Ana,Torres,35,Cali,2023-01-17 03:43:36.954238560,Premium,,Uso medio,Adulto
11393,6,4,11.790000000000001,Ana,Garcia,27,Bogotá,2023-01-17 10:17:54.868717180,Basico,"1,72048E+18",Uso medio,Joven
11394,6,8,60.6,Mariana,Lopez,45,,2023-01-17 16:52:12.783195800,Basico,,Uso medio,Adulto
11395,8,7,31.79,Mariana,Lopez,28,MTY,2023-01-17 23:26:30.697674420,Premium,,Uso medio,Joven
11396,6,4,39.12,Sofia,Torres,50,GDL,2023-01-18 06:00:48.612153040,Basico,,Uso medio,Adulto
11397,2,4,26.46,Mariana,Gomez,18,Medellín,2023-01-18 12:35:06.526631660,Basico,,Bajo uso,Joven
11398,5,0,0.0,Carlos,Garcia,30,Cali,2023-01-18 19:09:24.441110280,Premium,,Uso medio,Adulto
11399,9,7,25.41,Luis,Gomez,54,GDL,2023-01-19 01:43:42.355588900,Basico,,Uso medio,Adulto
11400,5,3,19.46,Luis,Lopez,37,CDMX,2023-01-19 08:18:00.270067520,Basico,,Uso medio,Adulto
11401,9,5,15.370000000000001,Mateo,Garcia,18,Cali,2023-01-19 14:52:18.184546140,Premium,"1,71962E+18",Uso medio,Joven
11402,6,4,25.42,Mateo,Gomez,69,,2023-01-19 21:26:36.099024760,Premium,,Uso medio,Adulto Mayor
11403,5,9,66.08,Luis,Ramirez,20,Medellín,2023-01-20 04:00:54.013503376,Basico,,Uso medio,Joven
11404,7,5,32.31,Mateo,Torres,35,GDL,2023-01-20 10:35:11.927981996,Basico,,Uso medio,Adulto
11405,5,7,23.38,Sofia,Torres,58,,2023-01-20 17:09:29.842460616,Premium,,Uso medio,Adulto
11406,7,5,13.03,Mariana,Ramirez,31,,2023-01-20 23:43:47.756939236,Basico,,Uso medio,Adulto
11407,5,2,14.549999999999999,Luis,Lopez,48,Bogotá,2023-01-21 06:18:05.671417856,Basico,,Uso medio,Adulto
11408,9,5,23.03,Mateo,Garcia,44,Cali,2023-01-21 12:52:23.585896476,Basico,"1,73457E+18",Uso medio,Adulto
11409,4,4,9.31,Luis,Torres,34,Cali,2023-01-21 19:26:41.500375096,Basico,,Bajo uso,Adulto
11410,2,3,15.52,Carlos,Ramirez,72,,2023-01-22 02:00:59.414853716,Premium,,Bajo uso,Adulto Mayor
11411,4,2,25.18,Ana,Ramirez,63,Cali,2023-01-22 08:35:17.329332336,Premium,,Bajo uso,Adulto Mayor
11412,10,9,55.46,Mariana,Lopez,46,Medellín,2023-01-22 15:09:35.243810956,Premium,,Alto uso,Adulto
11413,7,1,0.41,Luis,Lopez,53,Medellín,2023-01-22 21:43:53.158289576,Basico,,Uso medio,Adulto
11414,4,6,47.22,Ana,Gomez,54,Bogotá,2023-01-23 04:18:11.072768192,Basico,,Uso medio,Adulto
11415,1,2,7.0600000000000005,Mateo,Torres,43,Medellín,2023-01-23 10:52:28.987246812,Premium,,Bajo uso,Adulto
11416,7,7,54.17999999999999,Ana,Gomez,70,Cali,2023-01-23 17:26:46.901725432,Basico,,Uso medio,Adulto Mayor
11417,3,5,27.0,Mariana,Ramirez,34,,2023-01-24 00:01:04.816204052,Premium,,Uso medio,Adulto
11418,8,1,0.51,Luis,Garcia,39,Bogotá,2023-01-24 06:35:22.730682672,Premium,,Uso medio,Adulto
11419,8,6,23.73,Carlos,Garcia,78,Bogotá,2023-01-24 13:09:40.645161292,Basico,,Uso medio,Adulto Mayor
11420,6,4,18.18,Mateo,Lopez,42,Bogotá,2023-01-24 19:43:58.559639912,Basico,,Uso medio,Adulto
11421,4,6,17.72,Luis,Garcia,19,Medellín,2023-01-25 02:18:16.474118532,Premium,,Uso medio,Joven
11422,4,3,31.77,Mariana,Garcia,72,Medellín,2023-01-25 08:52:34.388597152,Premium,,Bajo uso,Adulto Mayor
11423,8,1,7.91,Mateo,Garcia,39,CDMX,2023-01-25 15:26:52.303075772,Basico,"1,72385E+18",Uso medio,Adulto
11424,4,4,27.21,Sofia,Ramirez,22,Bogotá,2023-01-25 22:01:10.217554392,Premium,,Bajo uso,Joven
11425,4,4,18.14,Ana,Garcia,21,CDMX,2023-01-26 04:35:28.132033012,Basico,,Bajo uso,Joven
11426,11,5,39.78,Mariana,Garcia,53,CDMX,2023-01-26 11:09:46.046511628,Basico,,Alto uso,Adulto
11427,8,3,11.0,Sofia,Garcia,23,Cali,2023-01-26 17:44:03.960990248,Basico,,Uso medio,Joven
11428,4,7,28.32,Luis,Gomez,69,GDL,2023-01-27 00:18:21.875468868,Premium,,Uso medio,Adulto Mayor
11429,4,3,3.7800000000000002,Carlos,Ramirez,38,MTY,2023-01-27 06:52:39.789947488,Premium,,Bajo uso,Adulto
11430,6,3,12.2,Mateo,Lopez,30,CDMX,2023-01-27 13:26:57.704426108,Basico,,Uso medio,Adulto
11431,3,8,43.06,Ana,Gomez,71,CDMX,2023-01-27 20:01:15.618904728,Basico,,Uso medio,Adulto Mayor
11432,7,7,17.97,Mateo,Torres,54,Cali,2023-01-28 02:35:33.533383348,Premium,"1,73422E+18",Uso medio,Adulto
11433,8,6,18.95,Luis,Ramirez,72,Bogotá,2023-01-28 09:09:51.447861968,Basico,,Uso medio,Adulto Mayor
11434,6,4,14.370000000000001,Mateo,Ramirez,42,,2023-01-28 15:44:09.362340588,Basico,,Uso medio,Adulto
11435,4,2,16.85,Ana,Torres,43,MTY,2023-01-28 22:18:27.276819208,Basico,,Bajo uso,Adulto
11436,3,5,6.02,Luis,Torres,72,GDL,2023-01-29 04:52:45.191297828,Basico,,Uso medio,Adulto Mayor
11437,4,2,0.25,Mateo,Torres,56,MTY,2023-01-29 11:27:03.105776448,Premium,,Bajo uso,Adulto
11438,7,4,28.720000000000002,Carlos,Lopez,37,Medellín,2023-01-29 18:01:21.020255064,Premium,,Uso medio,Adulto
11439,4,4,18.67,Mariana,Garcia,50,Bogotá,2023-01-30 00:35:38.934733684,Basico,,Bajo uso,Adulto
11440,5,5,9.34,Luis,Ramirez,31,,2023-01-30 07:09:56.849212304,Basico,,Uso medio,Adulto
11441,5,7,57.51,Mariana,Garcia,73,Medellín,2023-01-30 13:44:14.763690924,Basico,,Uso medio,Adulto Mayor
11442,10,6,21.13,Luis,Garcia,53,Bogotá,2023-01-30 20:18:32.678169544,Basico,,Alto uso,Adulto
11443,5,4,37.07,Carlos,Torres,34,Cali,2023-01-31 02:52:50.592648164,Basico,,Uso medio,Adulto
11444,3,3,25.34,Mariana,Lopez,38,,2023-01-31 09:27:08.507126784,Basico,,Bajo uso,Adulto
11445,6,6,31.560000000000002,Sofia,Gomez,63,MTY,2023-01-31 16:01:26.421605404,Premium,,Uso medio,Adulto Mayor
11446,6,4,23.17,Ana,Lopez,33,GDL,2023-01-31 22:35:44.336084024,Premium,,Uso medio,Adulto
11447,1,6,28.95,Sofia,Garcia,63,Medellín,2023-02-01 05:10:02.250562644,Basico,"1,72584E+18",Uso medio,Adulto Mayor
11448,4,2,22.48,Mateo,Lopez,33,Bogotá,2023-02-01 11:44:20.165041264,Premium,,Bajo uso,Adulto
11449,6,5,22.9,Carlos,Torres,73,,2023-02-01 18:18:38.079519880,Premium,"1,71867E+18",Uso medio,Adulto Mayor
11450,9,4,32.06,Sofia,Gomez,37,Bogotá,2023-02-02 00:52:55.993998500,Basico,,Uso medio,Adulto
11451,4,2,13.9,Luis,Torres,46,CDMX,2023-02-02 07:27:13.908477120,Basico,,Bajo uso,Adulto
11452,4,2,5.99,Mateo,Gomez,45,,2023-02-02 14:01:31.822955740,Basico,,Bajo uso,Adulto
11453,4,4,15.149999999999999,Mateo,Garcia,25,Cali,2023-02-02 20:35:49.737434360,Basico,,Bajo uso,Joven
11454,4,2,3.12,Sofia,Gomez,41,CDMX,2023-02-03 03:10:07.651912980,Premium,,Bajo uso,Adulto
11455,5,1,3.28,Sofia,Gomez,20,,2023-02-03 09:44:25.566391600,Premium,,Uso medio,Joven
11456,6,5,47.23,Carlos,Gomez,42,MTY,2023-02-03 16:18:43.480870220,Basico,,Uso medio,Adulto
11457,7,7,23.92,Ana,Lopez,36,MTY,2023-02-03 22:53:01.395348840,Premium,,Uso medio,Adulto
11458,10,3,72.05,Sofia,Lopez,50,,2023-02-04 05:27:19.309827460,Premium,,Alto uso,Adulto
11459,7,5,33.95,Sofia,Garcia,19,Bogotá,2023-02-04 12:01:37.224306080,Basico,,Uso medio,Joven
11460,6,6,13.29,Mariana,Gomez,32,CDMX,2023-02-04 18:35:55.138784700,Basico,,Uso medio,Adulto
11461,3,5,16.69,Luis,Ramirez,39,MTY,2023-02-05 01:10:13.053263316,Premium,,Uso medio,Adulto
11462,3,7,43.16,Mariana,Garcia,77,Medellín,2023-02-05 07:44:30.967741936,Premium,,Uso medio,Adulto Mayor
11463,5,6,28.22,Mariana,Gomez,27,CDMX,2023-02-05 14:18:48.882220556,Premium,,Uso medio,Joven
11464,3,4,20.92,Mateo,Gomez,35,Bogotá,2023-02-05 20:53:06.796699176,Premium,,Bajo uso,Adulto
11465,9,3,5.17,Ana,Lopez,39,Medellín,2023-02-06 03:27:24.711177796,Basico,"1,73223E+18",Uso medio,Adulto
11466,6,3,16.76,Luis,Garcia,63,MTY,2023-02-06 10:01:42.625656416,Basico,,Uso medio,Adulto Mayor
11467,6,4,16.7,Carlos,Gomez,66,Medellín,2023-02-06 16:36:00.540135036,Basico,,Uso medio,Adulto Mayor
11468,5,7,36.13,Carlos,Gomez,44,,2023-02-06 23:10:18.454613656,Basico,,Uso medio,Adulto
11469,7,5,35.93,Sofia,Garcia,30,Bogotá,2023-02-07 05:44:36.369092276,Premium,,Uso medio,Adulto
11470,4,7,72.93,Sofia,Ramirez,50,MTY,2023-02-07 12:18:54.283570896,Premium,,Uso medio,Adulto
11471,6,6,23.7,Carlos,Garcia,22,GDL,2023-02-07 18:53:12.198049516,Premium,,Uso medio,Joven
11472,6,6,32.06,Sofia,Garcia,43,Medellín,2023-02-08 01:27:30.112528136,Basico,,Uso medio,Adulto
11473,8,9,28.68,Ana,Ramirez,30,,2023-02-08 08:01:48.027006752,Basico,,Uso medio,Adulto
11474,6,2,9.469999999999999,Mariana,Garcia,44,MTY,2023-02-08 14:36:05.941485372,Basico,,Uso medio,Adulto
11475,4,7,48.96,Sofia,Gomez,74,MTY,2023-02-08 21:10:23.855963992,Basico,,Uso medio,Adulto Mayor
11476,3,6,26.89,Mateo,Garcia,31,Bogotá,2023-02-09 03:44:41.770442612,Premium,,Uso medio,Adulto
11477,5,6,28.58,Sofia,Ramirez,41,Bogotá,2023-02-09 10:18:59.684921232,Basico,,Uso medio,Adulto
11478,4,3,3.6900000000000004,Luis,Torres,20,GDL,2023-02-09 16:53:17.599399852,Premium,,Bajo uso,Joven
11479,2,5,12.84,Ana,Garcia,64,Cali,2023-02-09 23:27:35.513878472,Premium,,Uso medio,Adulto Mayor
11480,5,6,25.59,Luis,Lopez,68,GDL,2023-02-10 06:01:53.428357092,Basico,,Uso medio,Adulto Mayor
11481,5,4,6.17,Luis,Gomez,47,Medellín,2023-02-10 12:36:11.342835712,Basico,,Uso medio,Adulto
11482,4,5,40.92,Mateo,Gomez,66,Bogotá,2023-02-10 19:10:29.257314332,Premium,,Uso medio,Adulto Mayor
11483,4,5,22.560000000000002,Ana,Lopez,47,Bogotá,2023-02-11 01:44:47.171792952,Basico,,Uso medio,Adulto
11484,5,9,41.31,Ana,Lopez,52,CDMX,2023-02-11 08:19:05.086271568,Premium,,Uso medio,Adulto
11485,6,6,14.71,Ana,Garcia,65,Medellín,2023-02-11 14:53:23.000750188,Basico,,Uso medio,Adulto Mayor
11486,9,3,24.73,Ana,Lopez,47,GDL,2023-02-11 21:27:40.915228808,Basico,"1,72506E+18",Uso medio,Adulto
11487,3,5,27.57,Ana,Torres,31,CDMX,2023-02-12 04:01:58.829707428,Basico,,Uso medio,Adulto
11488,4,2,7.87,Mateo,Ramirez,29,Bogotá,2023-02-12 10:36:16.744186048,Basico,,Bajo uso,Joven
11489,8,4,20.86,Sofia,Lopez,45,Medellín,2023-02-12 17:10:34.658664668,Premium,,Uso medio,Adulto
11490,5,3,18.22,Luis,Lopez,61,CDMX,2023-02-12 23:44:52.573143288,Basico,,Uso medio,Adulto Mayor
11491,6,8,66.03999999999999,Ana,Torres,46,CDMX,2023-02-13 06:19:10.487621908,Premium,"1,72333E+18",Uso medio,Adulto
11492,7,3,31.6,Sofia,Gomez,60,Cali,2023-02-13 12:53:28.402100528,Premium,"1,72351E+18",Uso medio,Adulto Mayor
11493,9,4,9.58,Sofia,Gomez,34,Cali,2023-02-13 19:27:46.316579148,Premium,,Uso medio,Adulto
11494,2,4,13.35,Luis,Garcia,57,GDL,2023-02-14 02:02:04.231057768,Basico,"1,72247E+18",Bajo uso,Adulto
11495,6,5,24.85,Mateo,Torres,66,Medellín,2023-02-14 08:36:22.145536388,Basico,,Uso medio,Adulto Mayor
11496,5,2,12.49,Carlos,Ramirez,38,Bogotá,2023-02-14 15:10:40.060015004,Basico,,Uso medio,Adulto
11497,5,4,29.25,Carlos,Ramirez,74,Medellín,2023-02-14 21:44:57.974493624,Basico,,Uso medio,Adulto Mayor
11498,1,2,13.879999999999999,Sofia,Torres,40,,2023-02-15 04:19:15.888972244,Premium,,Bajo uso,Adulto
11499,5,1,1.09,Mariana,Ramirez,37,CDMX,2023-02-15 10:53:33.803450864,Basico,"1,72238E+18",Uso medio,Adulto
11500,7,4,15.469999999999999,Mariana,Gomez,28,Cali,2023-02-15 17:27:51.717929484,Premium,,Uso medio,Joven
11501,5,5,9.64,Luis,Ramirez,74,Bogotá,2023-02-16 00:02:09.632408104,Basico,,Uso medio,Adulto Mayor
11502,8,6,24.01,Carlos,Ramirez,74,Bogotá,2023-02-16 06:36:27.546886724,Premium,,Uso medio,Adulto Mayor
11503,4,7,44.68,Sofia,Torres,51,Medellín,2023-02-16 13:10:45.461365344,Basico,"1,72567E+18",Uso medio,Adulto
11504,4,6,50.42,Mateo,Torres,27,,2023-02-16 19:45:03.375843964,Premium,"1,73388E+18",Uso medio,Joven
11505,9,9,42.62,Carlos,Ramirez,27,CDMX,2023-02-17 02:19:21.290322584,Premium,,Uso medio,Joven
11506,6,4,20.44,Sofia,Lopez,60,CDMX,2023-02-17 08:53:39.204801204,Basico,,Uso medio,Adulto Mayor
11507,7,6,43.410000000000004,Sofia,Torres,77,CDMX,2023-02-17 15:27:57.119279820,Basico,,Uso medio,Adulto Mayor
11508,2,5,43.650000000000006,Ana,Garcia,23,,2023-02-17 22:02:15.033758440,Premium,"1,73154E+18",Uso medio,Joven
11509,5,3,4.39,Mateo,Garcia,53,Medellín,2023-02-18 04:36:32.948237060,Basico,,Uso medio,Adulto
11510,6,5,17.37,Ana,Gomez,41,Medellín,2023-02-18 11:10:50.862715680,Basico,,Uso medio,Adulto
11511,7,4,35.71,Luis,Ramirez,29,CDMX,2023-02-18 17:45:08.777194300,Basico,,Uso medio,Joven
11512,5,5,32.13,Ana,Lopez,60,,2023-02-19 00:19:26.691672920,Premium,,Uso medio,Adulto Mayor
11513,4,4,20.79,Ana,Gomez,72,Cali,2023-02-19 06:53:44.606151540,Premium,,Bajo uso,Adulto Mayor
11514,6,3,11.9,Carlos,Ramirez,40,Medellín,2023-02-19 13:28:02.520630160,Premium,,Uso medio,Adulto
11515,5,7,12.15,Mariana,Torres,44,MTY,2023-02-19 20:02:20.435108780,Premium,,Uso medio,Adulto
11516,7,3,7.38,Sofia,Garcia,75,CDMX,2023-02-20 02:36:38.349587400,Premium,,Uso medio,Adulto Mayor
11517,6,2,18.53,Mateo,Lopez,74,Bogotá,2023-02-20 09:10:56.264066020,Basico,,Uso medio,Adulto Mayor
11518,6,5,24.11,Ana,Garcia,62,Medellín,2023-02-20 15:45:14.178544640,Basico,"1,71927E+18",Uso medio,Adulto Mayor
11519,7,9,29.07,Mateo,Torres,54,CDMX,2023-02-20 22:19:32.093023256,Basico,,Uso medio,Adulto
11520,8,3,15.879999999999999,Mariana,Ramirez,23,Medellín,2023-02-21 04:53:50.007501876,Premium,,Uso medio,Joven
11521,6,6,28.98,Mariana,Torres,18,GDL,2023-02-21 11:28:07.921980496,Premium,,Uso medio,Joven
11522,8,4,34.019999999999996,Ana,Torres,23,Cali,2023-02-21 18:02:25.836459116,Basico,,Uso medio,Joven
11523,10,10,63.05,Luis,Garcia,67,Bogotá,2023-02-22 00:36:43.750937736,Premium,,Alto uso,Adulto Mayor
11524,9,4,19.82,Ana,Lopez,39,CDMX,2023-02-22 07:11:01.665416360,Basico,"1,72956E+18",Uso medio,Adulto
11525,4,6,22.009999999999998,Carlos,Torres,58,Bogotá,2023-02-22 13:45:19.579894976,Premium,,Uso medio,Adulto
11526,6,4,21.720000000000002,Sofia,Garcia,41,MTY,2023-02-22 20:19:37.494373592,Basico,,Uso medio,Adulto
11527,4,2,5.45,Luis,Lopez,42,GDL,2023-02-23 02:53:55.408852216,Basico,,Bajo uso,Adulto
11528,2,2,4.16,Ana,Ramirez,78,Cali,2023-02-23 09:28:13.323330832,Basico,,Bajo uso,Adulto Mayor
11529,3,4,10.63,Mateo,Ramirez,32,CDMX,2023-02-23 16:02:31.237809456,Premium,,Bajo uso,Adulto
11530,7,3,10.09,Luis,Gomez,43,MTY,2023-02-23 22:36:49.152288072,Basico,,Uso medio,Adulto
11531,4,4,31.88,Luis,Garcia,25,CDMX,2023-02-24 05:11:07.066766696,Basico,,Bajo uso,Joven
11532,4,4,20.8,Ana,Lopez,68,CDMX,2023-02-24 11:45:24.981245312,Premium,"1,7293E+18",Bajo uso,Adulto Mayor
11533,4,4,15.85,Luis,Torres,41,GDL,2023-02-24 18:19:42.895723936,Premium,,Bajo uso,Adulto
11534,2,9,49.07,Mateo,Ramirez,65,CDMX,2023-02-25 00:54:00.810202552,Premium,,Uso medio,Adulto Mayor
11535,3,1,3.97,Mariana,Lopez,55,Bogotá,2023-02-25 07:28:18.724681176,Basico,,Bajo uso,Adulto
11536,9,6,37.82,Luis,Garcia,78,CDMX,2023-02-25 14:02:36.639159792,Premium,,Uso medio,Adulto Mayor
11537,5,5,15.49,Mariana,Gomez,23,Medellín,2023-02-25 20:36:54.553638408,Basico,,Uso medio,Joven
11538,4,8,35.68,Mateo,Ramirez,71,CDMX,2023-02-26 03:11:12.468117032,Premium,,Uso medio,Adulto Mayor
11539,7,3,9.280000000000001,Ana,Lopez,52,CDMX,2023-02-26 09:45:30.382595648,Premium,,Uso medio,Adulto
11540,7,1,0.7,Sofia,Lopez,59,MTY,2023-02-26 16:19:48.297074272,Basico,,Uso medio,Adulto
11541,3,5,18.91,Luis,Lopez,18,,2023-02-26 22:54:06.211552888,Basico,,Uso medio,Joven
11542,6,2,6.76,Sofia,Garcia,77,Medellín,2023-02-27 05:28:24.126031512,Premium,,Uso medio,Adulto Mayor
11543,7,4,11.73,Mateo,Garcia,63,Cali,2023-02-27 12:02:42.040510128,Basico,,Uso medio,Adulto Mayor
11544,7,6,28.86,Luis,Garcia,53,CDMX,2023-02-27 18:36:59.954988752,Premium,,Uso medio,Adulto
11545,6,5,21.84,Mariana,Torres,75,Cali,2023-02-28 01:11:17.869467368,Basico,,Uso medio,Adulto Mayor
11546,5,1,2.4,Carlos,Lopez,29,CDMX,2023-02-28 07:45:35.783945992,Basico,,Uso medio,Joven
11547,6,5,31.91,Sofia,Ramirez,55,GDL,2023-02-28 14:19:53.698424608,Basico,,Uso medio,Adulto
11548,7,5,7.56,Luis,Garcia,28,Medellín,2023-02-28 20:54:11.612903224,Premium,"1,7178E+18",Uso medio,Joven
11549,4,5,28.41,Sofia,Garcia,29,MTY,2023-03-01 03:28:29.527381848,Basico,,Uso medio,Joven
11550,1,6,41.95,Luis,Lopez,59,,2023-03-01 10:02:47.441860464,Premium,,Uso medio,Adulto
11551,9,6,30.5,Ana,Garcia,67,CDMX,2023-03-01 16:37:05.356339088,Basico,,Uso medio,Adulto Mayor
11552,5,3,23.38,Mariana,Torres,56,,2023-03-01 23:11:23.270817704,Premium,,Uso medio,Adulto
11553,4,3,23.8,Sofia,Torres,24,Medellín,2023-03-02 05:45:41.185296328,Basico,,Bajo uso,Joven
11554,4,2,5.76,Carlos,Garcia,28,Bogotá,2023-03-02 12:19:59.099774944,Basico,,Bajo uso,Joven
11555,10,7,41.160000000000004,Carlos,Lopez,53,CDMX,2023-03-02 18:54:17.014253568,Premium,"1,72748E+18",Alto uso,Adulto
11556,6,3,14.0,Mateo,Lopez,69,GDL,2023-03-03 01:28:34.928732184,Basico,,Uso medio,Adulto Mayor
11557,7,2,12.66,Luis,Lopez,48,,2023-03-03 08:02:52.843210808,Basico,,Uso medio,Adulto
11558,8,3,18.11,Sofia,Gomez,50,MTY,2023-03-03 14:37:10.757689424,Premium,,Uso medio,Adulto
11559,1,3,21.98,Mateo,Garcia,30,Medellín,2023-03-03 21:11:28.672168048,Basico,,Bajo uso,Adulto
11560,6,4,24.23,Sofia,Lopez,35,,2023-03-04 03:45:46.586646664,Basico,,Uso medio,Adulto
11561,9,4,34.0,Luis,Torres,58,GDL,2023-03-04 10:20:04.501125280,Basico,,Uso medio,Adulto
11562,9,4,25.18,Carlos,Ramirez,75,Bogotá,2023-03-04 16:54:22.415603904,Basico,,Uso medio,Adulto Mayor
11563,8,4,28.92,Ana,Ramirez,73,Medellín,2023-03-04 23:28:40.330082520,Basico,,Uso medio,Adulto Mayor
11564,8,11,30.169999999999998,Carlos,Lopez,41,CDMX,2023-03-05 06:02:58.244561144,Basico,,Alto uso,Adulto
11565,5,3,18.259999999999998,Mateo,Ramirez,26,CDMX,2023-03-05 12:37:16.159039760,Premium,,Uso medio,Joven
11566,8,2,5.65,Mariana,Ramirez,48,Bogotá,2023-03-05 19:11:34.073518384,Basico,,Uso medio,Adulto
11567,7,4,14.67,Ana,Gomez,72,MTY,2023-03-06 01:45:51.987997000,Premium,,Uso medio,Adulto Mayor
11568,5,5,13.21,Mateo,Torres,78,Medellín,2023-03-06 08:20:09.902475624,Basico,,Uso medio,Adulto Mayor
11569,3,1,3.47,Luis,Torres,58,CDMX,2023-03-06 14:54:27.816954240,Basico,,Bajo uso,Adulto
11570,3,3,5.42,Ana,Gomez,27,,2023-03-06 21:28:45.731432864,Basico,,Bajo uso,Joven
11571,3,2,22.82,Mateo,Gomez,77,CDMX,2023-03-07 04:03:03.645911480,Premium,,Bajo uso,Adulto Mayor
11572,3,2,23.43,Luis,Ramirez,19,Medellín,2023-03-07 10:37:21.560390096,Basico,,Bajo uso,Joven
11573,3,4,6.63,Carlos,Garcia,55,Bogotá,2023-03-07 17:11:39.474868720,Premium,,Bajo uso,Adulto
11574,4,3,12.88,Mariana,Ramirez,32,CDMX,2023-03-07 23:45:57.389347336,Basico,,Bajo uso,Adulto
11575,10,3,7.26,Luis,Gomez,20,CDMX,2023-03-08 06:20:15.303825960,Premium,,Alto uso,Joven
11576,7,4,13.66,Sofia,Torres,60,Cali,2023-03-08 12:54:33.218304576,Basico,"1,7261E+18",Uso medio,Adulto Mayor
11577,9,6,24.51,Luis,Ramirez,48,,2023-03-08 19:28:51.132783200,Basico,"1,72498E+18",Uso medio,Adulto
11578,4,0,0.0,Luis,Garcia,23,GDL,2023-03-09 02:03:09.047261816,Basico,,Bajo uso,Joven
11579,6,0,0.0,Mariana,Ramirez,20,Bogotá,2023-03-09 08:37:26.961740440,Basico,,Uso medio,Joven
11580,6,5,17.34,Sofia,Lopez,73,MTY,2023-03-09 15:11:44.876219056,Basico,,Uso medio,Adulto Mayor
11581,5,4,13.709999999999999,Mateo,Ramirez,47,CDMX,2023-03-09 21:46:02.790697680,Basico,,Uso medio,Adulto
11582,3,2,13.02,Mateo,Gomez,28,Medellín,2023-03-10 04:20:20.705176296,Premium,,Bajo uso,Joven
11583,5,4,10.18,Luis,Torres,32,Cali,2023-03-10 10:54:38.619654912,Basico,,Uso medio,Adulto
11584,5,6,52.92,Sofia,Torres,62,MTY,2023-03-10 17:28:56.534133536,Basico,,Uso medio,Adulto Mayor
11585,4,3,20.709999999999997,Sofia,Gomez,69,,2023-03-11 00:03:14.448612152,Basico,,Bajo uso,Adulto Mayor
11586,5,5,32.69,Mariana,Lopez,45,CDMX,2023-03-11 06:37:32.363090776,Basico,,Uso medio,Adulto
11587,7,1,6.67,Carlos,Gomez,27,Medellín,2023-03-11 13:11:50.277569392,Basico,,Uso medio,Joven
11588,4,3,4.59,Mateo,Ramirez,55,Bogotá,2023-03-11 19:46:08.192048016,Basico,,Bajo uso,Adulto
11589,3,4,136.55,Mariana,Gomez,64,Bogotá,2023-03-12 02:20:26.106526632,Premium,,Bajo uso,Adulto Mayor
11590,7,4,18.049999999999997,Ana,Gomez,74,Bogotá,2023-03-12 08:54:44.021005256,Basico,,Uso medio,Adulto Mayor
11591,9,5,18.12,Mateo,Lopez,67,GDL,2023-03-12 15:29:01.935483872,Basico,,Uso medio,Adulto Mayor
11592,8,5,38.8,Mariana,Ramirez,67,Medellín,2023-03-12 22:03:19.849962496,Basico,,Uso medio,Adulto Mayor
11593,4,3,14.299999999999999,Mateo,Garcia,24,Medellín,2023-03-13 04:37:37.764441112,Basico,,Bajo uso,Joven
11594,4,3,2.25,Carlos,Garcia,32,GDL,2023-03-13 11:11:55.678919736,Basico,,Bajo uso,Adulto
11595,10,0,0.0,Ana,Torres,35,Cali,2023-03-13 17:46:13.593398352,Basico,,Alto uso,Adulto
11596,6,2,19.259999999999998,Carlos,Gomez,35,MTY,2023-03-14 00:20:31.507876968,Basico,,Uso medio,Adulto
11597,9,3,17.78,Ana,Torres,69,Medellín,2023-03-14 06:54:49.422355592,Basico,"1,72256E+18",Uso medio,Adulto Mayor
11598,8,2,3.61,Luis,Lopez,58,CDMX,2023-03-14 13:29:07.336834208,Premium,,Uso medio,Adulto
11599,1,3,29.2,Mariana,Garcia,41,CDMX,2023-03-14 20:03:25.251312832,Basico,,Bajo uso,Adulto
11600,5,8,31.33,Ana,Gomez,19,MTY,2023-03-15 02:37:43.165791448,Basico,,Uso medio,Joven
11601,6,5,27.450000000000003,Carlos,Lopez,57,Bogotá,2023-03-15 09:12:01.080270072,Basico,,Uso medio,Adulto
11602,5,2,18.580000000000002,Mateo,Lopez,37,Medellín,2023-03-15 15:46:18.994748688,Basico,,Uso medio,Adulto
11603,9,4,21.89,Ana,Gomez,51,MTY,2023-03-15 22:20:36.909227312,Premium,,Uso medio,Adulto
11604,5,5,35.29,Mariana,Lopez,60,CDMX,2023-03-16 04:54:54.823705928,Basico,,Uso medio,Adulto Mayor
11605,4,3,3.2800000000000002,Ana,Gomez,43,MTY,2023-03-16 11:29:12.738184552,Basico,,Bajo uso,Adulto
11606,3,3,10.719999999999999,Sofia,Gomez,24,Medellín,2023-03-16 18:03:30.652663168,Premium,,Bajo uso,Joven
11607,4,5,26.189999999999998,Mateo,Ramirez,55,Medellín,2023-03-17 00:37:48.567141784,Basico,,Uso medio,Adulto
11608,7,1,7.29,Mariana,Torres,47,CDMX,2023-03-17 07:12:06.481620408,Premium,,Uso medio,Adulto
11609,2,5,18.26,Mariana,Lopez,59,CDMX,2023-03-17 13:46:24.396099024,Premium,,Uso medio,Adulto
11610,5,3,12.850000000000001,Luis,Lopez,22,Cali,2023-03-17 20:20:42.310577648,Basico,,Uso medio,Joven
11611,3,3,16.53,Carlos,Ramirez,28,CDMX,2023-03-18 02:55:00.225056264,Basico,,Bajo uso,Joven
11612,3,3,8.44,Luis,Ramirez,18,CDMX,2023-03-18 09:29:18.139534888,Basico,,Bajo uso,Joven
11613,3,3,4.94,Mariana,Ramirez,51,CDMX,2023-03-18 16:03:36.054013504,Basico,,Bajo uso,Adulto
11614,5,11,41.8,Mateo,Garcia,73,Bogotá,2023-03-18 22:37:53.968492128,Basico,,Alto uso,Adulto Mayor
11615,4,3,11.82,Ana,Garcia,18,Bogotá,2023-03-19 05:12:11.882970744,Basico,"1,73301E+18",Bajo uso,Joven
11616,6,4,17.869999999999997,Ana,Garcia,36,Medellín,2023-03-19 11:46:29.797449368,Premium,,Uso medio,Adulto
11617,6,5,10.16,Mateo,Gomez,19,GDL,2023-03-19 18:20:47.711927984,Basico,"1,72204E+18",Uso medio,Joven
11618,4,8,36.76,Mariana,Lopez,38,Medellín,2023-03-20 00:55:05.626406600,Premium,,Uso medio,Adulto
11619,7,4,10.15,Ana,Torres,37,CDMX,2023-03-20 07:29:23.540885224,Premium,"1,73059E+18",Uso medio,Adulto
11620,10,3,17.91,Ana,Gomez,78,Cali,2023-03-20 14:03:41.455363840,Premium,"1,72696E+18",Alto uso,Adulto Mayor
11621,8,2,2.87,Ana,Lopez,40,Bogotá,2023-03-20 20:37:59.369842464,Basico,,Uso medio,Adulto
11622,7,8,34.71,Carlos,Lopez,38,Bogotá,2023-03-21 03:12:17.284321080,Basico,,Uso medio,Adulto
11623,4,5,15.3,Carlos,Ramirez,41,GDL,2023-03-21 09:46:35.198799704,Premium,,Uso medio,Adulto
11624,4,6,49.06,Sofia,Ramirez,21,CDMX,2023-03-21 16:20:53.113278320,Premium,,Uso medio,Joven
11625,5,6,32.62,Luis,Gomez,47,Bogotá,2023-03-21 22:55:11.027756944,Premium,,Uso medio,Adulto
11626,9,7,30.509999999999998,Mateo,Ramirez,29,Medellín,2023-03-22 05:29:28.942235560,Premium,,Uso medio,Joven
11627,7,2,20.02,Mateo,Lopez,39,CDMX,,Basico,,Uso medio,Adulto
11628,4,4,10.84,Mateo,Ramirez,37,,2023-03-22 18:38:04.771192800,Basico,,Bajo uso,Adulto
11629,8,5,23.630000000000003,Sofia,Garcia,35,,2023-03-23 01:12:22.685671424,Basico,,Uso medio,Adulto
11630,3,2,1.42,Carlos,Ramirez,18,Bogotá,2023-03-23 07:46:40.600150040,Basico,,Bajo uso,Joven
11631,5,3,20.95,Mariana,Lopez,47,,2023-03-23 14:20:58.514628656,Basico,,Uso medio,Adulto
11632,6,8,36.61,Mariana,Gomez,79,CDMX,2023-03-23 20:55:16.429107280,Premium,,Uso medio,Adulto Mayor
11633,4,3,19.78,Sofia,Torres,50,CDMX,2023-03-24 03:29:34.343585896,Premium,,Bajo uso,Adulto
11634,9,4,30.99,Mariana,Ramirez,41,CDMX,2023-03-24 10:03:52.258064520,Premium,,Uso medio,Adulto
11635,4,5,39.91,Mateo,Lopez,31,Bogotá,2023-03-24 16:38:10.172543136,Basico,"1,72428E+18",Uso medio,Adulto
11636,6,8,34.67,Luis,Torres,53,CDMX,2023-03-24 23:12:28.087021760,Basico,"1,72895E+18",Uso medio,Adulto
11637,5,5,13.110000000000001,Ana,Torres,22,,2023-03-25 05:46:46.001500376,Premium,,Uso medio,Joven
11638,9,10,60.49,Carlos,Garcia,28,CDMX,2023-03-25 12:21:03.915979000,Basico,,Alto uso,Joven
11639,3,5,23.590000000000003,Carlos,Torres,41,MTY,2023-03-25 18:55:21.830457616,Basico,,Uso medio,Adulto
11640,10,3,12.85,Sofia,Lopez,77,Cali,2023-03-26 01:29:39.744936240,Basico,,Alto uso,Adulto Mayor
11641,7,5,17.99,Carlos,Lopez,48,GDL,2023-03-26 08:03:57.659414856,Basico,,Uso medio,Adulto
11642,6,7,46.16,Mateo,Ramirez,72,GDL,2023-03-26 14:38:15.573893472,Basico,,Uso medio,Adulto Mayor
11643,4,4,18.09,Mariana,Ramirez,30,Medellín,2023-03-26 21:12:33.488372096,Premium,,Bajo uso,Adulto
11644,5,5,12.79,Mateo,Ramirez,33,GDL,2023-03-27 03:46:51.402850712,Premium,"1,72852E+18",Uso medio,Adulto
11645,7,3,8.42,Sofia,Torres,41,GDL,2023-03-27 10:21:09.317329336,Premium,,Uso medio,Adulto
11646,7,2,32.93,Mateo,Torres,30,GDL,2023-03-27 16:55:27.231807952,Basico,,Uso medio,Adulto
11647,8,3,39.45,Mariana,Garcia,41,Bogotá,2023-03-27 23:29:45.146286576,Premium,,Uso medio,Adulto
11648,5,4,19.32,Luis,Ramirez,71,,2023-03-28 06:04:03.060765192,Premium,"1,72031E+18",Uso medio,Adulto Mayor
11649,6,5,24.04,Sofia,Gomez,43,Cali,2023-03-28 12:38:20.975243816,Premium,,Uso medio,Adulto
11650,6,4,17.36,Luis,Garcia,19,GDL,2023-03-28 19:12:38.889722432,Premium,,Uso medio,Joven
11651,5,3,12.23,Ana,Gomez,33,MTY,2023-03-29 01:46:56.804201056,Premium,,Uso medio,Adulto
11652,4,3,4.11,Luis,Torres,55,Bogotá,2023-03-29 08:21:14.718679672,Basico,,Bajo uso,Adulto
11653,7,6,30.459999999999997,Ana,Garcia,63,,2023-03-29 14:55:32.633158288,Premium,,Uso medio,Adulto Mayor
11654,7,3,18.880000000000003,Ana,Garcia,18,CDMX,2023-03-29 21:29:50.547636912,Basico,,Uso medio,Joven
11655,4,6,8.93,Luis,Lopez,66,MTY,2023-03-30 04:04:08.462115528,Basico,,Uso medio,Adulto Mayor
11656,2,3,8.42,Sofia,Torres,28,Medellín,2023-03-30 10:38:26.376594152,Premium,,Bajo uso,Joven
11657,1,3,28.2,Mariana,Torres,68,,2023-03-30 17:12:44.291072768,Basico,,Bajo uso,Adulto Mayor
11658,7,2,4.45,Mateo,Garcia,52,CDMX,2023-03-30 23:47:02.205551392,Basico,,Uso medio,Adulto
11659,7,5,24.86,Mateo,Torres,60,GDL,2023-03-31 06:21:20.120030008,Premium,,Uso medio,Adulto Mayor
11660,5,3,6.75,Mariana,Garcia,46,GDL,2023-03-31 12:55:38.034508632,Premium,,Uso medio,Adulto
11661,11,4,25.490000000000002,Ana,Lopez,54,CDMX,2023-03-31 19:29:55.948987248,Basico,,Alto uso,Adulto
11662,1,3,13.61,Ana,Garcia,34,Medellín,2023-04-01 02:04:13.863465872,Premium,,Bajo uso,Adulto
11663,3,0,0.0,Sofia,Torres,75,Medellín,2023-04-01 08:38:31.777944488,Basico,,Bajo uso,Adulto Mayor
11664,9,3,23.7,Carlos,Torres,71,Medellín,2023-04-01 15:12:49.692423104,Basico,,Uso medio,Adulto Mayor
11665,7,4,30.880000000000003,Luis,Garcia,56,CDMX,2023-04-01 21:47:07.606901728,Basico,,Uso medio,Adulto
11666,6,4,23.84,Ana,Garcia,59,CDMX,2023-04-02 04:21:25.521380344,Basico,,Uso medio,Adulto
11667,8,4,26.89,Mateo,Garcia,45,GDL,2023-04-02 10:55:43.435858968,Basico,,Uso medio,Adulto
11668,8,10,46.15,Sofia,Ramirez,46,GDL,2023-04-02 17:30:01.350337584,Basico,,Alto uso,Adulto
11669,5,5,20.44,Luis,Torres,60,Cali,2023-04-03 00:04:19.264816208,Premium,,Uso medio,Adulto Mayor
11670,6,4,9.95,Sofia,Torres,20,CDMX,2023-04-03 06:38:37.179294824,Premium,"1,72109E+18",Uso medio,Joven
11671,8,3,11.74,Luis,Ramirez,69,CDMX,2023-04-03 13:12:55.093773448,Premium,,Uso medio,Adulto Mayor
11672,3,4,11.399999999999999,Luis,Garcia,27,MTY,2023-04-03 19:47:13.008252064,Premium,,Bajo uso,Joven
11673,4,3,22.0,Mariana,Lopez,76,Bogotá,2023-04-04 02:21:30.922730688,Basico,"1,72817E+18",Bajo uso,Adulto Mayor
11674,4,7,35.29,Ana,Garcia,59,Bogotá,2023-04-04 08:55:48.837209304,Premium,,Uso medio,Adulto
11675,7,3,17.16,Sofia,Garcia,31,Cali,2023-04-04 15:30:06.751687928,Premium,,Uso medio,Adulto
11676,4,4,12.97,Sofia,Ramirez,29,CDMX,2023-04-04 22:04:24.666166544,Basico,,Bajo uso,Joven
11677,10,4,7.04,Mariana,Torres,64,Medellín,2023-04-05 04:38:42.580645160,Basico,,Alto uso,Adulto Mayor
11678,8,10,44.24,Mateo,Garcia,59,MTY,2023-04-05 11:13:00.495123784,Premium,,Alto uso,Adulto
11679,9,6,14.24,Mateo,Torres,47,MTY,,Premium,,Uso medio,Adulto
11680,2,3,48.49,Ana,Gomez,49,,2023-04-06 00:21:36.324081024,Premium,,Bajo uso,Adulto
11681,4,4,30.54,Ana,Torres,49,GDL,2023-04-06 06:55:54.238559640,Basico,"1,72938E+18",Bajo uso,Adulto
11682,5,4,11.95,Carlos,Lopez,59,Medellín,2023-04-06 13:30:12.153038264,Basico,,Uso medio,Adulto
11683,4,5,43.37,Mariana,Lopez,49,GDL,2023-04-06 20:04:30.067516880,Basico,"1,72092E+18",Uso medio,Adulto
11684,9,3,9.86,Mateo,Garcia,43,Bogotá,2023-04-07 02:38:47.981995504,Basico,,Uso medio,Adulto
11685,10,3,11.93,Luis,Torres,68,Cali,2023-04-07 09:13:05.896474120,Basico,,Alto uso,Adulto Mayor
11686,4,5,23.67,Sofia,Garcia,18,,2023-04-07 15:47:23.810952744,Basico,,Uso medio,Joven
11687,3,7,30.88,Ana,Ramirez,73,Cali,2023-04-07 22:21:41.725431360,Basico,,Uso medio,Adulto Mayor
11688,8,7,48.27,Sofia,Lopez,78,Bogotá,2023-04-08 04:55:59.639909976,Premium,,Uso medio,Adulto Mayor
11689,4,5,17.43,Sofia,Garcia,75,GDL,2023-04-08 11:30:17.554388600,Basico,,Uso medio,Adulto Mayor
11690,7,8,19.02,Carlos,Ramirez,59,Medellín,2023-04-08 18:04:35.468867216,Basico,,Uso medio,Adulto
11691,9,8,33.44,Mateo,Garcia,19,Medellín,2023-04-09 00:38:53.383345840,Premium,,Uso medio,Joven
11692,8,1,3.15,Ana,Torres,34,CDMX,2023-04-09 07:13:11.297824456,Premium,,Uso medio,Adulto
11693,6,2,6.4,Sofia,Torres,47,Bogotá,2023-04-09 13:47:29.212303080,Basico,"1,7248E+18",Uso medio,Adulto
11694,2,5,27.46,Ana,Torres,73,Cali,2023-04-09 20:21:47.126781696,Basico,,Uso medio,Adulto Mayor
11695,5,7,22.65,Luis,Torres,56,Bogotá,2023-04-10 02:56:05.041260320,Premium,,Uso medio,Adulto
11696,7,3,3.17,Carlos,Gomez,24,MTY,2023-04-10 09:30:22.955738936,Basico,,Uso medio,Joven
11697,8,5,17.35,Luis,Ramirez,69,,2023-04-10 16:04:40.870217560,Premium,,Uso medio,Adulto Mayor
11698,8,3,14.2,Ana,Ramirez,44,CDMX,2023-04-10 22:38:58.784696176,Basico,"1,73491E+18",Uso medio,Adulto
11699,5,4,8.73,Ana,Torres,26,GDL,2023-04-11 05:13:16.699174792,Basico,,Uso medio,Joven
11700,6,7,42.83,Mateo,Gomez,39,Medellín,2023-04-11 11:47:34.613653416,Premium,,Uso medio,Adulto
11701,6,6,24.84,Sofia,Torres,51,MTY,2023-04-11 18:21:52.528132032,Premium,"1,71971E+18",Uso medio,Adulto
11702,9,2,3.8200000000000003,Sofia,Gomez,63,Medellín,2023-04-12 00:56:10.442610656,Basico,,Uso medio,Adulto Mayor
11703,6,7,22.25,Luis,Torres,66,CDMX,2023-04-12 07:30:28.357089272,Basico,"1,72921E+18",Uso medio,Adulto Mayor
11704,5,3,10.26,Carlos,Lopez,18,GDL,2023-04-12 14:04:46.271567896,Premium,,Uso medio,Joven
11705,5,4,20.89,Mariana,Lopez,26,CDMX,2023-04-12 20:39:04.186046512,Basico,,Uso medio,Joven
11706,3,2,7.59,Sofia,Garcia,37,,2023-04-13 03:13:22.100525136,Basico,,Bajo uso,Adulto
11707,8,3,9.75,Mateo,Torres,70,Bogotá,2023-04-13 09:47:40.015003752,Premium,,Uso medio,Adulto Mayor
11708,5,3,15.68,Luis,Ramirez,36,MTY,2023-04-13 16:21:57.929482376,Basico,,Uso medio,Adulto
11709,8,7,32.93,Luis,Garcia,53,CDMX,2023-04-13 22:56:15.843960992,Premium,,Uso medio,Adulto
11710,3,6,44.63,Mariana,Lopez,77,CDMX,2023-04-14 05:30:33.758439616,Premium,,Uso medio,Adulto Mayor
11711,11,8,50.96,Mateo,Torres,57,Bogotá,2023-04-14 12:04:51.672918232,Basico,,Alto uso,Adulto
11712,6,2,9.92,Carlos,Garcia,62,CDMX,2023-04-14 18:39:09.587396848,Basico,,Uso medio,Adulto Mayor
11713,10,9,69.36,Mateo,Torres,21,Bogotá,2023-04-15 01:13:27.501875472,Premium,,Alto uso,Joven
11714,1,2,10.32,Carlos,Lopez,26,Bogotá,2023-04-15 07:47:45.416354088,Basico,,Bajo uso,Joven
11715,7,5,20.119999999999997,Mateo,Garcia,58,Cali,2023-04-15 14:22:03.330832712,Basico,,Uso medio,Adulto
11716,5,2,11.84,Mateo,Lopez,39,Medellín,2023-04-15 20:56:21.245311328,Premium,,Uso medio,Adulto
11717,4,4,34.99,Ana,Gomez,35,Bogotá,2023-04-16 03:30:39.159789952,Premium,,Bajo uso,Adulto
11718,2,3,32.29,Luis,Lopez,29,GDL,2023-04-16 10:04:57.074268568,Premium,,Bajo uso,Joven
11719,7,3,10.57,Mateo,Torres,59,Medellín,2023-04-16 16:39:14.988747192,Basico,,Uso medio,Adulto
11720,7,2,22.73,Mariana,Ramirez,60,Medellín,2023-04-16 23:13:32.903225808,Basico,,Uso medio,Adulto Mayor
11721,9,2,10.69,Mateo,Lopez,56,CDMX,2023-04-17 05:47:50.817704432,Basico,,Uso medio,Adulto
11722,3,1,5.68,Sofia,Ramirez,26,,,Premium,"1,71763E+18",Bajo uso,Joven
11723,2,2,13.54,Luis,Gomez,23,CDMX,2023-04-17 18:56:26.646661664,Basico,,Bajo uso,Joven
11724,4,5,18.310000000000002,Sofia,Garcia,36,CDMX,2023-04-18 01:30:44.561140288,Basico,,Uso medio,Adulto
11725,5,4,33.6,Luis,Garcia,65,GDL,2023-04-18 08:05:02.475618904,Basico,,Uso medio,Adulto Mayor
11726,6,4,16.22,Sofia,Ramirez,79,,2023-04-18 14:39:20.390097528,Basico,,Uso medio,Adulto Mayor
11727,7,5,133.1,Mateo,Garcia,64,Bogotá,2023-04-18 21:13:38.304576144,Basico,,Uso medio,Adulto Mayor
11728,7,6,30.330000000000002,Mateo,Lopez,24,Cali,2023-04-19 03:47:56.219054768,Basico,,Uso medio,Joven
11729,9,5,15.549999999999999,Ana,Ramirez,33,GDL,2023-04-19 10:22:14.133533384,Premium,,Uso medio,Adulto
11730,5,3,29.689999999999998,Mariana,Torres,22,Bogotá,2023-04-19 16:56:32.048012008,Basico,,Uso medio,Joven
11731,3,5,23.89,Sofia,Lopez,33,MTY,2023-04-19 23:30:49.962490624,Premium,,Uso medio,Adulto
11732,3,5,33.01,Carlos,Lopez,18,Cali,2023-04-20 06:05:07.876969248,Premium,,Uso medio,Joven
11733,8,5,19.450000000000003,Ana,Lopez,68,CDMX,2023-04-20 12:39:25.791447864,Basico,,Uso medio,Adulto Mayor
11734,4,5,41.01,Sofia,Torres,54,GDL,2023-04-20 19:13:43.705926480,Basico,,Uso medio,Adulto
11735,9,5,25.31,Sofia,Gomez,56,CDMX,2023-04-21 01:48:01.620405104,Basico,,Uso medio,Adulto
11736,7,3,5.22,Ana,Garcia,36,,,Premium,,Uso medio,Adulto
11737,4,4,28.509999999999998,Mateo,Ramirez,71,Bogotá,,Basico,,Bajo uso,Adulto Mayor
11738,3,3,4.32,Sofia,Gomez,54,Bogotá,2023-04-21 21:30:55.363840960,Premium,,Bajo uso,Adulto
11739,2,9,61.31,Mateo,Ramirez,78,Bogotá,2023-04-22 04:05:13.278319584,Premium,,Uso medio,Adulto Mayor
11740,4,6,21.36,Ana,Garcia,34,,2023-04-22 10:39:31.192798200,Premium,"1,73491E+18",Uso medio,Adulto
11741,2,9,42.39,Mateo,Torres,43,,2023-04-22 17:13:49.107276824,Basico,,Uso medio,Adulto
11742,7,2,14.86,Luis,Lopez,39,Medellín,2023-04-22 23:48:07.021755440,Premium,,Uso medio,Adulto
11743,7,3,23.720000000000002,Carlos,Lopez,79,GDL,2023-04-23 06:22:24.936234064,Premium,,Uso medio,Adulto Mayor
11744,4,5,32.5,Sofia,Torres,25,CDMX,2023-04-23 12:56:42.850712680,Basico,,Uso medio,Joven
11745,4,4,9.39,Mariana,Gomez,78,,2023-04-23 19:31:00.765191304,Basico,,Bajo uso,Adulto Mayor
11746,8,6,51.44,Carlos,Gomez,78,Bogotá,2023-04-24 02:05:18.679669920,Basico,,Uso medio,Adulto Mayor
11747,5,3,9.34,Mateo,Ramirez,50,GDL,2023-04-24 08:39:36.594148536,Basico,,Uso medio,Adulto
11748,6,6,43.879999999999995,Sofia,Torres,19,Bogotá,2023-04-24 15:13:54.508627160,Premium,,Uso medio,Joven
11749,5,3,21.88,Mateo,Gomez,47,,2023-04-24 21:48:12.423105776,Basico,,Uso medio,Adulto
11750,2,2,5.8,Luis,Torres,64,MTY,2023-04-25 04:22:30.337584400,Premium,,Bajo uso,Adulto Mayor
11751,11,8,45.17,Ana,Garcia,37,Bogotá,2023-04-25 10:56:48.252063016,Premium,,Alto uso,Adulto
11752,6,4,18.22,Sofia,Lopez,77,Cali,2023-04-25 17:31:06.166541640,Premium,,Uso medio,Adulto Mayor
11753,3,8,24.95,Luis,Lopez,35,Bogotá,2023-04-26 00:05:24.081020256,Basico,,Uso medio,Adulto
11754,4,3,46.49,Luis,Lopez,60,GDL,2023-04-26 06:39:41.995498880,Basico,,Bajo uso,Adulto Mayor
11755,6,1,16.87,Sofia,Torres,74,,2023-04-26 13:13:59.909977496,Premium,,Uso medio,Adulto Mayor
11756,8,7,25.86,Mateo,Torres,27,,2023-04-26 19:48:17.824456120,Basico,,Uso medio,Joven
11757,0,10,71.02,Mariana,Ramirez,41,Cali,2023-04-27 02:22:35.738934736,Basico,,Alto uso,Adulto
11758,8,7,24.37,Luis,Lopez,73,Medellín,2023-04-27 08:56:53.653413352,Basico,,Uso medio,Adulto Mayor
11759,4,3,11.29,Carlos,Ramirez,21,GDL,2023-04-27 15:31:11.567891976,Premium,,Bajo uso,Joven
11760,6,5,44.15,Luis,Lopez,54,,2023-04-27 22:05:29.482370592,Premium,,Uso medio,Adulto
11761,4,3,10.96,Mariana,Ramirez,21,GDL,2023-04-28 04:39:47.396849216,Basico,,Bajo uso,Joven
11762,4,8,32.5,Mateo,Ramirez,30,Cali,2023-04-28 11:14:05.311327832,Basico,,Uso medio,Adulto
11763,4,5,30.13,Mateo,Garcia,42,,2023-04-28 17:48:23.225806456,Premium,"1,72662E+18",Uso medio,Adulto
11764,4,5,33.4,Carlos,Ramirez,30,Medellín,2023-04-29 00:22:41.140285072,Basico,"1,72195E+18",Uso medio,Adulto
11765,5,7,23.89,Luis,Torres,35,Cali,2023-04-29 06:56:59.054763696,Basico,,Uso medio,Adulto
11766,3,7,35.8,Mateo,Ramirez,78,Cali,2023-04-29 13:31:16.969242312,Premium,,Uso medio,Adulto Mayor
11767,3,3,11.469999999999999,Mariana,Lopez,76,GDL,2023-04-29 20:05:34.883720936,Basico,,Bajo uso,Adulto Mayor
11768,2,6,41.32,Sofia,Ramirez,41,Medellín,2023-04-30 02:39:52.798199552,Basico,,Uso medio,Adulto
11769,6,3,17.82,Ana,Gomez,19,CDMX,2023-04-30 09:14:10.712678168,Basico,,Uso medio,Joven
11770,7,8,28.73,Ana,Lopez,65,Bogotá,2023-04-30 15:48:28.627156792,Basico,,Uso medio,Adulto Mayor
11771,7,2,14.61,Ana,Gomez,50,CDMX,2023-04-30 22:22:46.541635408,Basico,,Uso medio,Adulto
11772,6,3,19.970000000000002,Luis,Lopez,75,Bogotá,2023-05-01 04:57:04.456114032,Basico,"1,72912E+18",Uso medio,Adulto Mayor
11773,4,5,35.58,Carlos,Torres,36,Cali,2023-05-01 11:31:22.370592648,Basico,,Uso medio,Adulto
11774,8,6,30.810000000000002,Mateo,Torres,26,,2023-05-01 18:05:40.285071272,Basico,"1,72904E+18",Uso medio,Joven
11775,3,2,1.98,Sofia,Torres,45,MTY,2023-05-02 00:39:58.199549888,Premium,"1,72066E+18",Bajo uso,Adulto
11776,4,5,16.21,Mariana,Gomez,52,Bogotá,2023-05-02 07:14:16.114028512,Premium,,Uso medio,Adulto
11777,7,1,8.6,Sofia,Garcia,74,Bogotá,2023-05-02 13:48:34.028507128,Basico,,Uso medio,Adulto Mayor
11778,8,2,7.04,Mariana,Lopez,56,,2023-05-02 20:22:51.942985752,Premium,,Uso medio,Adulto
11779,7,4,6.819999999999999,Luis,Torres,78,Bogotá,2023-05-03 02:57:09.857464368,Basico,,Uso medio,Adulto Mayor
11780,7,0,0.0,Ana,Lopez,27,Medellín,2023-05-03 09:31:27.771942992,Basico,,Uso medio,Joven
11781,3,2,5.890000000000001,Luis,Gomez,18,,2023-05-03 16:05:45.686421608,Basico,,Bajo uso,Joven
11782,3,9,26.330000000000002,Carlos,Garcia,59,MTY,2023-05-03 22:40:03.600900224,Basico,,Uso medio,Adulto
11783,4,5,18.65,Carlos,Gomez,38,,2023-05-04 05:14:21.515378848,Premium,"1,7172E+18",Uso medio,Adulto
11784,9,1,0.78,Mariana,Lopez,26,,2023-05-04 11:48:39.429857464,Basico,,Uso medio,Joven
11785,4,3,3.43,Mateo,Garcia,77,,2023-05-04 18:22:57.344336088,Basico,"1,72757E+18",Bajo uso,Adulto Mayor
11786,3,8,41.14,Mateo,Garcia,64,GDL,2023-05-05 00:57:15.258814704,Premium,,Uso medio,Adulto Mayor
11787,4,5,27.34,Mariana,Gomez,32,Bogotá,2023-05-05 07:31:33.173293328,Basico,,Uso medio,Adulto
11788,5,2,29.96,Carlos,Torres,52,,2023-05-05 14:05:51.087771944,Basico,"1,7356E+18",Uso medio,Adulto
11789,6,3,19.240000000000002,Carlos,Lopez,74,MTY,2023-05-05 20:40:09.002250568,Basico,,Uso medio,Adulto Mayor
11790,3,8,24.58,Carlos,Ramirez,22,Medellín,2023-05-06 03:14:26.916729184,Basico,,Uso medio,Joven
11791,5,4,9.74,Luis,Ramirez,58,CDMX,2023-05-06 09:48:44.831207808,Basico,,Uso medio,Adulto
11792,4,2,2.66,Carlos,Gomez,75,CDMX,2023-05-06 16:23:02.745686424,Basico,,Bajo uso,Adulto Mayor
11793,5,3,14.61,Sofia,Lopez,39,Bogotá,2023-05-06 22:57:20.660165040,Basico,,Uso medio,Adulto
11794,6,2,2.9699999999999998,Ana,Lopez,58,Bogotá,2023-05-07 05:31:38.574643664,Basico,,Uso medio,Adulto
11795,6,3,18.56,Carlos,Gomez,40,MTY,2023-05-07 12:05:56.489122280,Premium,,Uso medio,Adulto
11796,5,5,19.62,Mariana,Lopez,24,Bogotá,2023-05-07 18:40:14.403600904,Premium,,Uso medio,Joven
11797,4,5,14.89,Ana,Torres,73,Bogotá,2023-05-08 01:14:32.318079520,Premium,,Uso medio,Adulto Mayor
11798,6,2,5.88,Luis,Gomez,40,Medellín,2023-05-08 07:48:50.232558144,Premium,,Uso medio,Adulto
11799,4,4,24.76,Mariana,Torres,61,Medellín,2023-05-08 14:23:08.147036760,Premium,,Bajo uso,Adulto Mayor
11800,7,4,10.97,Ana,Lopez,42,Bogotá,2023-05-08 20:57:26.061515384,Premium,,Uso medio,Adulto
11801,7,4,10.12,Mariana,Gomez,44,Bogotá,2023-05-09 03:31:43.975994000,Basico,,Uso medio,Adulto
11802,10,4,19.34,Luis,Lopez,58,CDMX,2023-05-09 10:06:01.890472624,Basico,,Alto uso,Adulto
11803,9,5,4.609999999999999,Sofia,Gomez,23,Bogotá,2023-05-09 16:40:19.804951240,Basico,,Uso medio,Joven
11804,7,2,14.969999999999999,Luis,Lopez,72,Bogotá,2023-05-09 23:14:37.719429856,Basico,,Uso medio,Adulto Mayor
11805,5,3,22.43,Luis,Torres,51,Bogotá,2023-05-10 05:48:55.633908480,Premium,,Uso medio,Adulto
11806,4,2,3.16,Mariana,Torres,47,MTY,2023-05-10 12:23:13.548387096,Basico,,Bajo uso,Adulto
11807,7,4,16.43,Mateo,Lopez,26,Medellín,2023-05-10 18:57:31.462865720,Premium,,Uso medio,Joven
11808,9,1,6.42,Carlos,Gomez,77,CDMX,2023-05-11 01:31:49.377344336,Basico,,Uso medio,Adulto Mayor
11809,5,1,4.23,Carlos,Ramirez,78,,2023-05-11 08:06:07.291822960,Basico,,Uso medio,Adulto Mayor
11810,5,2,14.77,Sofia,Torres,66,CDMX,2023-05-11 14:40:25.206301576,Basico,,Uso medio,Adulto Mayor
11811,3,4,5.91,Sofia,Torres,50,,2023-05-11 21:14:43.120780200,Basico,,Bajo uso,Adulto
11812,3,3,11.52,Carlos,Ramirez,68,Bogotá,2023-05-12 03:49:01.035258816,Basico,,Bajo uso,Adulto Mayor
11813,4,2,8.24,Mateo,Lopez,77,Bogotá,2023-05-12 10:23:18.949737440,Basico,,Bajo uso,Adulto Mayor
11814,4,4,23.54,Carlos,Gomez,23,GDL,2023-05-12 16:57:36.864216056,Basico,,Bajo uso,Joven
11815,3,3,6.4,Mateo,Lopez,54,CDMX,2023-05-12 23:31:54.778694680,Basico,,Bajo uso,Adulto
11816,12,5,25.95,Sofia,Garcia,48,GDL,2023-05-13 06:06:12.693173296,Premium,,Alto uso,Adulto
11817,3,6,39.33,Ana,Torres,51,CDMX,2023-05-13 12:40:30.607651912,Basico,"1,72316E+18",Uso medio,Adulto
11818,3,2,9.23,Mariana,Garcia,58,Medellín,2023-05-13 19:14:48.522130536,Basico,"1,71953E+18",Bajo uso,Adulto
11819,9,2,6.66,Sofia,Torres,79,MTY,2023-05-14 01:49:06.436609152,Premium,,Uso medio,Adulto Mayor
11820,4,6,21.33,Sofia,Torres,46,Cali,2023-05-14 08:23:24.351087776,Basico,,Uso medio,Adulto
11821,4,1,11.17,Luis,Garcia,75,GDL,2023-05-14 14:57:42.265566392,Basico,,Bajo uso,Adulto Mayor
11822,3,6,27.17,Luis,Garcia,31,,2023-05-14 21:32:00.180045016,Basico,,Uso medio,Adulto
11823,4,7,40.53,Luis,Lopez,53,Bogotá,2023-05-15 04:06:18.094523632,Premium,,Uso medio,Adulto
11824,8,7,42.4,Mariana,Garcia,53,CDMX,2023-05-15 10:40:36.009002256,Basico,,Uso medio,Adulto
11825,6,4,9.1,Luis,Lopez,70,Bogotá,2023-05-15 17:14:53.923480872,Basico,,Uso medio,Adulto Mayor
11826,6,3,8.79,Mateo,Lopez,32,GDL,2023-05-15 23:49:11.837959496,Premium,,Uso medio,Adulto
11827,6,5,10.64,Carlos,Lopez,25,GDL,2023-05-16 06:23:29.752438112,Basico,,Uso medio,Joven
11828,8,6,43.37,Ana,Torres,43,Bogotá,2023-05-16 12:57:47.666916728,Premium,,Uso medio,Adulto
11829,4,3,15.39,Sofia,Torres,53,Medellín,2023-05-16 19:32:05.581395352,Basico,,Bajo uso,Adulto
11830,9,7,41.57,Mateo,Garcia,65,,2023-05-17 02:06:23.495873968,Basico,,Uso medio,Adulto Mayor
11831,13,3,8.94,Ana,Torres,38,Bogotá,2023-05-17 08:40:41.410352592,Premium,,Alto uso,Adulto
11832,7,4,14.05,Mateo,Garcia,45,,2023-05-17 15:14:59.324831208,Basico,,Uso medio,Adulto
11833,6,2,15.82,Mateo,Torres,21,,2023-05-17 21:49:17.239309832,Premium,,Uso medio,Joven
11834,4,2,7.95,Sofia,Gomez,79,,2023-05-18 04:23:35.153788448,Premium,,Bajo uso,Adulto Mayor
11835,4,2,8.52,Carlos,Gomez,33,Bogotá,2023-05-18 10:57:53.068267072,Basico,,Bajo uso,Adulto
11836,7,9,78.2,Luis,Garcia,39,CDMX,2023-05-18 17:32:10.982745688,Premium,,Uso medio,Adulto
11837,3,8,63.9,Mariana,Torres,29,GDL,2023-05-19 00:06:28.897224312,Basico,,Uso medio,Joven
11838,7,2,44.3,Carlos,Torres,33,Medellín,2023-05-19 06:40:46.811702928,Premium,,Uso medio,Adulto
11839,3,4,16.58,Mariana,Lopez,68,Bogotá,2023-05-19 13:15:04.726181544,Basico,,Bajo uso,Adulto Mayor
11840,4,6,35.3,Sofia,Ramirez,57,CDMX,2023-05-19 19:49:22.640660168,Basico,,Uso medio,Adulto
11841,7,1,3.37,Sofia,Garcia,55,Bogotá,2023-05-20 02:23:40.555138784,Basico,,Uso medio,Adulto
11842,4,6,30.6,Sofia,Ramirez,59,CDMX,2023-05-20 08:57:58.469617408,Basico,,Uso medio,Adulto
11843,10,5,19.59,Ana,Ramirez,54,Medellín,2023-05-20 15:32:16.384096024,Basico,,Alto uso,Adulto
11844,5,2,11.73,Mariana,Garcia,46,CDMX,2023-05-20 22:06:34.298574648,Premium,,Uso medio,Adulto
11845,7,3,28.36,Carlos,Torres,47,Medellín,2023-05-21 04:40:52.213053264,Premium,,Uso medio,Adulto
11846,4,1,15.71,Carlos,Garcia,35,Cali,2023-05-21 11:15:10.127531888,Basico,"1,73241E+18",Bajo uso,Adulto
11847,1,8,18.67,Mateo,Ramirez,27,CDMX,2023-05-21 17:49:28.042010504,Basico,,Uso medio,Joven
11848,6,9,25.81,Mateo,Torres,59,Bogotá,2023-05-22 00:23:45.956489128,Premium,,Uso medio,Adulto
11849,3,4,16.7,Mateo,Gomez,56,Cali,2023-05-22 06:58:03.870967744,Basico,,Bajo uso,Adulto
11850,3,1,7.96,Sofia,Garcia,35,GDL,2023-05-22 13:32:21.785446368,Basico,,Bajo uso,Adulto
11851,4,5,22.11,Carlos,Garcia,18,CDMX,2023-05-22 20:06:39.699924984,Basico,,Uso medio,Joven
11852,3,4,21.81,Mariana,Torres,56,MTY,2023-05-23 02:40:57.614403600,Basico,,Bajo uso,Adulto
11853,5,4,16.36,Sofia,Gomez,38,Bogotá,2023-05-23 09:15:15.528882224,Basico,,Uso medio,Adulto
11854,4,1,1.72,Ana,Gomez,18,Bogotá,2023-05-23 15:49:33.443360840,Premium,,Bajo uso,Joven
11855,10,4,35.96,Mateo,Torres,32,CDMX,2023-05-23 22:23:51.357839464,Basico,,Alto uso,Adulto
11856,5,5,23.900000000000002,Sofia,Lopez,21,Bogotá,2023-05-24 04:58:09.272318080,Basico,,Uso medio,Joven
11857,6,5,22.82,Sofia,Garcia,77,GDL,2023-05-24 11:32:27.186796704,Premium,,Uso medio,Adulto Mayor
11858,5,6,12.22,Ana,Garcia,78,Cali,2023-05-24 18:06:45.101275320,Basico,"1,73465E+18",Uso medio,Adulto Mayor
11859,5,7,41.95,Luis,Ramirez,37,MTY,2023-05-25 00:41:03.015753944,Basico,,Uso medio,Adulto
11860,5,2,6.51,Carlos,Torres,27,Cali,2023-05-25 07:15:20.930232560,Basico,,Uso medio,Joven
11861,5,4,6.51,Mariana,Ramirez,40,Bogotá,2023-05-25 13:49:38.844711184,Basico,,Uso medio,Adulto
11862,4,2,10.950000000000001,Luis,Ramirez,58,Medellín,,Basico,,Bajo uso,Adulto
11863,2,5,27.2,Mateo,Gomez,51,Bogotá,2023-05-26 02:58:14.673668416,Basico,,Uso medio,Adulto
11864,3,2,19.21,Sofia,Garcia,77,Medellín,2023-05-26 09:32:32.588147040,Basico,,Bajo uso,Adulto Mayor
11865,5,1,8.65,Ana,Ramirez,63,MTY,2023-05-26 16:06:50.502625656,Basico,,Uso medio,Adulto Mayor
11866,3,7,68.16,Ana,Gomez,65,Cali,2023-05-26 22:41:08.417104280,Premium,,Uso medio,Adulto Mayor
11867,4,6,36.51,Carlos,Torres,50,Bogotá,2023-05-27 05:15:26.331582896,Premium,,Uso medio,Adulto
11868,8,8,43.81,Luis,Ramirez,51,Bogotá,2023-05-27 11:49:44.246061520,Basico,,Uso medio,Adulto
11869,4,4,35.209999999999994,Carlos,Garcia,56,Bogotá,2023-05-27 18:24:02.160540136,Premium,,Bajo uso,Adulto
11870,3,6,20.939999999999998,Sofia,Ramirez,78,Cali,2023-05-28 00:58:20.075018760,Premium,"1,72584E+18",Uso medio,Adulto Mayor
11871,8,5,52.220000000000006,Carlos,Torres,27,Medellín,2023-05-28 07:32:37.989497376,Basico,,Uso medio,Joven
11872,6,3,12.15,Mariana,Ramirez,71,MTY,2023-05-28 14:06:55.903976000,Basico,,Uso medio,Adulto Mayor
11873,4,10,46.6,Ana,Garcia,37,Medellín,2023-05-28 20:41:13.818454616,Basico,,Alto uso,Adulto
11874,5,1,10.39,Ana,Gomez,18,Medellín,2023-05-29 03:15:31.732933232,Premium,,Uso medio,Joven
11875,4,4,28.650000000000002,Mateo,Garcia,30,,2023-05-29 09:49:49.647411856,Basico,,Bajo uso,Adulto
11876,8,5,10.03,Mateo,Gomez,18,Cali,2023-05-29 16:24:07.561890472,Basico,,Uso medio,Joven
11877,9,4,13.219999999999999,Sofia,Lopez,22,Medellín,2023-05-29 22:58:25.476369096,Basico,,Uso medio,Joven
11878,5,4,13.2,Mariana,Garcia,33,MTY,2023-05-30 05:32:43.390847712,Premium,,Uso medio,Adulto
11879,3,9,44.22,Luis,Garcia,32,Cali,2023-05-30 12:07:01.305326336,Premium,,Uso medio,Adulto
11880,3,1,17.71,Carlos,Torres,66,Bogotá,,Basico,,Bajo uso,Adulto Mayor
11881,6,9,77.5,Sofia,Ramirez,45,,2023-05-31 01:15:37.134283576,Basico,,Uso medio,Adulto
11882,7,6,42.480000000000004,Mateo,Gomez,48,GDL,2023-05-31 07:49:55.048762192,Premium,,Uso medio,Adulto
11883,6,4,17.66,Carlos,Gomez,40,CDMX,2023-05-31 14:24:12.963240816,Basico,,Uso medio,Adulto
11884,4,3,9.6,Mateo,Torres,65,CDMX,2023-05-31 20:58:30.877719432,Basico,,Bajo uso,Adulto Mayor
11885,4,3,20.28,Carlos,Torres,62,Medellín,2023-06-01 03:32:48.792198056,Basico,"1,72835E+18",Bajo uso,Adulto Mayor
11886,6,2,10.879999999999999,Luis,Ramirez,60,,2023-06-01 10:07:06.706676672,Premium,,Uso medio,Adulto Mayor
11887,4,6,18.43,Sofia,Ramirez,34,CDMX,2023-06-01 16:41:24.621155288,Premium,,Uso medio,Adulto
11888,9,6,21.11,Carlos,Garcia,66,Medellín,2023-06-01 23:15:42.535633912,Premium,,Uso medio,Adulto Mayor
11889,2,6,30.06,Mariana,Lopez,51,Medellín,2023-06-02 05:50:00.450112528,Basico,,Uso medio,Adulto
11890,8,6,18.76,Ana,Ramirez,30,Medellín,2023-06-02 12:24:18.364591152,Basico,,Uso medio,Adulto
11891,1,1,5.99,Mariana,Torres,31,MTY,2023-06-02 18:58:36.279069768,Basico,,Bajo uso,Adulto
11892,4,8,27.75,Mariana,Ramirez,28,Cali,2023-06-03 01:32:54.193548392,Premium,,Uso medio,Joven
11893,6,5,19.869999999999997,Ana,Gomez,45,CDMX,2023-06-03 08:07:12.108027008,Basico,,Uso medio,Adulto
11894,7,3,21.689999999999998,Mariana,Lopez,59,Cali,2023-06-03 14:41:30.022505632,Basico,,Uso medio,Adulto
11895,5,5,32.96,Carlos,Garcia,49,GDL,2023-06-03 21:15:47.936984248,Premium,,Uso medio,Adulto
11896,5,7,32.089999999999996,Carlos,Gomez,52,Bogotá,,Basico,,Uso medio,Adulto
11897,8,2,7.71,Carlos,Gomez,78,Cali,2023-06-04 10:24:23.765941488,Basico,"1,72264E+18",Uso medio,Adulto Mayor
11898,5,6,19.09,Ana,Lopez,76,GDL,2023-06-04 16:58:41.680420104,Premium,,Uso medio,Adulto Mayor
11899,2,3,12.7,Mariana,Garcia,48,GDL,2023-06-04 23:32:59.594898728,Basico,,Bajo uso,Adulto
11900,3,5,47.95,Ana,Torres,34,Medellín,2023-06-05 06:07:17.509377344,Basico,,Uso medio,Adulto
11901,1,5,27.6,Carlos,Garcia,64,Bogotá,2023-06-05 12:41:35.423855968,Basico,,Uso medio,Adulto Mayor
11902,6,4,6.590000000000001,Mariana,Ramirez,26,Bogotá,2023-06-05 19:15:53.338334584,Basico,,Uso medio,Joven
11903,2,5,18.94,Mariana,Gomez,27,GDL,2023-06-06 01:50:11.252813208,Basico,,Uso medio,Joven
11904,7,4,9.93,Mateo,Ramirez,25,CDMX,2023-06-06 08:24:29.167291824,Premium,,Uso medio,Joven
11905,6,4,17.369999999999997,Mateo,Torres,38,Bogotá,2023-06-06 14:58:47.081770448,Basico,,Uso medio,Adulto
11906,4,4,20.900000000000002,Luis,Ramirez,30,CDMX,2023-06-06 21:33:04.996249064,Premium,,Bajo uso,Adulto
11907,4,3,9.39,Sofia,Garcia,76,,2023-06-07 04:07:22.910727688,Basico,,Bajo uso,Adulto Mayor
11908,8,2,15.84,Mateo,Ramirez,67,CDMX,2023-06-07 10:41:40.825206304,Basico,,Uso medio,Adulto Mayor
11909,5,5,32.81,Ana,Torres,22,Bogotá,2023-06-07 17:15:58.739684920,Basico,,Uso medio,Joven
11910,10,5,29.34,Mateo,Torres,23,CDMX,2023-06-07 23:50:16.654163544,Premium,,Alto uso,Joven
11911,11,3,17.2,Luis,Torres,47,CDMX,2023-06-08 06:24:34.568642160,Basico,,Alto uso,Adulto
11912,2,11,65.71,Mariana,Garcia,48,Medellín,2023-06-08 12:58:52.483120784,Premium,,Alto uso,Adulto
11913,3,5,21.26,Luis,Torres,34,Medellín,2023-06-08 19:33:10.397599400,Premium,,Uso medio,Adulto
11914,5,5,13.34,Mariana,Gomez,28,CDMX,2023-06-09 02:07:28.312078024,Premium,,Uso medio,Joven
11915,10,4,34.18,Mariana,Torres,37,CDMX,2023-06-09 08:41:46.226556640,Premium,,Alto uso,Adulto
11916,3,7,29.619999999999997,Sofia,Ramirez,65,CDMX,2023-06-09 15:16:04.141035264,Basico,,Uso medio,Adulto Mayor
11917,9,4,18.6,Mateo,Ramirez,26,Cali,2023-06-09 21:50:22.055513880,Premium,,Uso medio,Joven
11918,5,1,1.2,Ana,Ramirez,19,Bogotá,2023-06-10 04:24:39.969992504,Premium,,Uso medio,Joven
11919,1,2,8.729999999999999,Ana,Garcia,54,CDMX,2023-06-10 10:58:57.884471120,Premium,,Bajo uso,Adulto
11920,11,2,10.7,Carlos,Ramirez,18,Bogotá,2023-06-10 17:33:15.798949744,Basico,,Alto uso,Joven
11921,7,4,8.41,Mariana,Garcia,21,Medellín,2023-06-11 00:07:33.713428360,Basico,,Uso medio,Joven
11922,4,3,3.4899999999999998,Ana,Garcia,53,,2023-06-11 06:41:51.627906976,Basico,,Bajo uso,Adulto
11923,5,2,5.34,Sofia,Torres,71,,2023-06-11 13:16:09.542385600,Basico,,Uso medio,Adulto Mayor
11924,2,1,2.56,Mariana,Gomez,75,MTY,2023-06-11 19:50:27.456864216,Premium,,Bajo uso,Adulto Mayor
11925,7,6,62.42,Sofia,Torres,42,CDMX,2023-06-12 02:24:45.371342840,Premium,,Uso medio,Adulto
11926,8,3,4.52,Ana,Torres,20,GDL,2023-06-12 08:59:03.285821456,Basico,,Uso medio,Joven
11927,5,6,62.989999999999995,Ana,Garcia,26,Cali,2023-06-12 15:33:21.200300080,Premium,,Uso medio,Joven
11928,6,3,7.62,Carlos,Garcia,39,,2023-06-12 22:07:39.114778696,Basico,,Uso medio,Adulto
11929,1,2,15.9,Ana,Ramirez,40,Bogotá,2023-06-13 04:41:57.029257320,Basico,,Bajo uso,Adulto
11930,3,4,14.690000000000001,Mariana,Ramirez,29,MTY,2023-06-13 11:16:14.943735936,Basico,,Bajo uso,Joven
11931,6,9,50.74,Mariana,Torres,27,Bogotá,2023-06-13 17:50:32.858214560,Basico,,Uso medio,Joven
11932,7,7,41.22,Mariana,Lopez,51,MTY,2023-06-14 00:24:50.772693176,Premium,,Uso medio,Adulto
11933,2,3,38.55,Carlos,Lopez,60,GDL,2023-06-14 06:59:08.687171792,Basico,,Bajo uso,Adulto Mayor
11934,6,3,14.260000000000002,Carlos,Ramirez,27,Bogotá,2023-06-14 13:33:26.601650416,Basico,,Uso medio,Joven
11935,2,6,26.12,Ana,Lopez,47,CDMX,2023-06-14 20:07:44.516129032,Basico,,Uso medio,Adulto
11936,5,4,14.879999999999999,Luis,Ramirez,39,GDL,2023-06-15 02:42:02.430607656,Basico,,Uso medio,Adulto
11937,8,3,4.16,Luis,Garcia,23,Medellín,2023-06-15 09:16:20.345086272,Premium,,Uso medio,Joven
11938,1,2,8.77,Carlos,Torres,67,CDMX,2023-06-15 15:50:38.259564896,Basico,,Bajo uso,Adulto Mayor
11939,5,10,25.439999999999998,Ana,Gomez,19,CDMX,2023-06-15 22:24:56.174043512,Basico,,Alto uso,Joven
11940,6,6,27.880000000000003,Luis,Torres,47,GDL,2023-06-16 04:59:14.088522136,Premium,,Uso medio,Adulto
11941,5,2,5.64,Ana,Ramirez,19,,2023-06-16 11:33:32.003000752,Basico,,Uso medio,Joven
11942,3,7,24.819999999999997,Ana,Ramirez,49,Cali,2023-06-16 18:07:49.917479376,Premium,"1,72428E+18",Uso medio,Adulto
11943,6,4,15.67,Ana,Torres,59,CDMX,2023-06-17 00:42:07.831957992,Basico,,Uso medio,Adulto
11944,3,7,21.11,Mateo,Ramirez,33,Bogotá,2023-06-17 07:16:25.746436608,Basico,,Uso medio,Adulto
11945,6,1,17.89,Mariana,Lopez,29,GDL,2023-06-17 13:50:43.660915232,Premium,,Uso medio,Joven
11946,4,5,42.46,Ana,Lopez,18,Medellín,2023-06-17 20:25:01.575393848,Premium,,Uso medio,Joven
11947,5,4,10.879999999999999,Mateo,Ramirez,70,Medellín,2023-06-18 02:59:19.489872472,Basico,,Uso medio,Adulto Mayor
11948,7,5,29.2,Carlos,Ramirez,25,,2023-06-18 09:33:37.404351088,Basico,,Uso medio,Joven
11949,2,9,46.89,Luis,Lopez,65,Bogotá,2023-06-18 16:07:55.318829712,Premium,,Uso medio,Adulto Mayor
11950,3,2,9.74,Mariana,Ramirez,67,,2023-06-18 22:42:13.233308328,Basico,,Bajo uso,Adulto Mayor
11951,6,5,44.53,Luis,Ramirez,30,,2023-06-19 05:16:31.147786952,Basico,,Uso medio,Adulto
11952,3,5,23.369999999999997,Mariana,Torres,32,,2023-06-19 11:50:49.062265568,Basico,,Uso medio,Adulto
11953,7,1,3.89,Luis,Gomez,70,Bogotá,2023-06-19 18:25:06.976744192,Basico,,Uso medio,Adulto Mayor
11954,8,3,5.8100000000000005,Mariana,Lopez,61,MTY,2023-06-20 00:59:24.891222808,Basico,,Uso medio,Adulto Mayor
11955,2,2,18.950000000000003,Luis,Torres,25,MTY,2023-06-20 07:33:42.805701424,Premium,,Bajo uso,Joven
11956,2,1,0.11,Luis,Gomez,27,CDMX,2023-06-20 14:08:00.720180048,Basico,,Bajo uso,Joven
11957,7,4,34.72,Luis,Ramirez,63,GDL,2023-06-20 20:42:18.634658664,Premium,,Uso medio,Adulto Mayor
11958,9,3,16.25,Luis,Ramirez,22,Medellín,2023-06-21 03:16:36.549137288,Basico,,Uso medio,Joven
11959,5,3,10.34,Carlos,Torres,67,Medellín,2023-06-21 09:50:54.463615904,Basico,"1,73388E+18",Uso medio,Adulto Mayor
11960,4,4,15.399999999999999,Ana,Ramirez,36,,2023-06-21 16:25:12.378094528,Premium,,Bajo uso,Adulto
11961,6,4,31.0,Sofia,Garcia,64,CDMX,2023-06-21 22:59:30.292573144,Basico,,Uso medio,Adulto Mayor
11962,8,0,0.0,Mateo,Torres,55,CDMX,2023-06-22 05:33:48.207051768,Basico,,Uso medio,Adulto
11963,6,6,6.62,Sofia,Gomez,76,Cali,2023-06-22 12:08:06.121530384,Basico,,Uso medio,Adulto Mayor
11964,3,7,43.49,Sofia,Torres,28,MTY,2023-06-22 18:42:24.036009008,Premium,,Uso medio,Joven
11965,5,4,19.9,Mariana,Lopez,70,CDMX,2023-06-23 01:16:41.950487624,Basico,,Uso medio,Adulto Mayor
11966,5,3,7.75,Ana,Torres,60,,2023-06-23 07:50:59.864966248,Basico,,Uso medio,Adulto Mayor
11967,5,7,55.41,Mariana,Ramirez,37,Cali,2023-06-23 14:25:17.779444864,Premium,,Uso medio,Adulto
11968,2,5,14.08,Ana,Ramirez,37,Bogotá,2023-06-23 20:59:35.693923480,Premium,,Uso medio,Adulto
11969,1,1,4.1,Ana,Garcia,38,Cali,2023-06-24 03:33:53.608402104,Basico,,Bajo uso,Adulto
11970,1,8,63.25,Luis,Garcia,35,Medellín,2023-06-24 10:08:11.522880720,Basico,,Uso medio,Adulto
11971,4,5,32.58,Carlos,Garcia,74,Cali,2023-06-24 16:42:29.437359344,Premium,"1,72765E+18",Uso medio,Adulto Mayor
11972,6,7,32.32,Luis,Gomez,67,Cali,2023-06-24 23:16:47.351837960,Premium,"1,7293E+18",Uso medio,Adulto Mayor
11973,5,4,10.68,Carlos,Garcia,27,CDMX,2023-06-25 05:51:05.266316584,Basico,,Uso medio,Joven
11974,4,8,28.34,Mariana,Gomez,51,Medellín,2023-06-25 12:25:23.180795200,Basico,,Uso medio,Adulto
11975,3,3,8.870000000000001,Carlos,Garcia,43,CDMX,2023-06-25 18:59:41.095273824,Premium,,Bajo uso,Adulto
11976,8,4,21.25,Mariana,Gomez,47,CDMX,2023-06-26 01:33:59.009752440,Premium,,Uso medio,Adulto
11977,5,3,16.97,Sofia,Torres,26,,2023-06-26 08:08:16.924231064,Premium,,Uso medio,Joven
11978,5,6,31.5,Sofia,Torres,63,Bogotá,2023-06-26 14:42:34.838709680,Basico,,Uso medio,Adulto Mayor
11979,7,0,0.0,Carlos,Ramirez,68,Medellín,2023-06-26 21:16:52.753188296,Basico,,Uso medio,Adulto Mayor
11980,11,6,18.57,Carlos,Gomez,48,Cali,2023-06-27 03:51:10.667666920,Basico,,Alto uso,Adulto
11981,2,3,39.89,Mariana,Lopez,59,,2023-06-27 10:25:28.582145536,Basico,,Bajo uso,Adulto
11982,3,1,5.09,Luis,Ramirez,72,,2023-06-27 16:59:46.496624160,Basico,,Bajo uso,Adulto Mayor
11983,6,2,17.689999999999998,Mariana,Torres,21,Bogotá,2023-06-27 23:34:04.411102776,Basico,,Uso medio,Joven
11984,6,6,41.03,Luis,Gomez,78,MTY,2023-06-28 06:08:22.325581400,Basico,,Uso medio,Adulto Mayor
11985,6,6,29.66,Sofia,Garcia,78,CDMX,2023-06-28 12:42:40.240060016,Basico,"1,72359E+18",Uso medio,Adulto Mayor
11986,6,5,13.77,Ana,Lopez,23,Bogotá,2023-06-28 19:16:58.154538640,Premium,,Uso medio,Joven
11987,6,2,19.05,Carlos,Torres,31,MTY,2023-06-29 01:51:16.069017256,Premium,,Uso medio,Adulto
11988,4,4,25.45,Luis,Ramirez,21,Bogotá,2023-06-29 08:25:33.983495880,Premium,,Bajo uso,Joven
11989,8,2,15.899999999999999,Mariana,Gomez,43,Medellín,2023-06-29 14:59:51.897974496,Premium,,Uso medio,Adulto
11990,4,0,0.0,Sofia,Lopez,64,,2023-06-29 21:34:09.812453112,Basico,,Bajo uso,Adulto Mayor
11991,4,9,49.67,Luis,Gomez,65,Medellín,2023-06-30 04:08:27.726931736,Basico,,Uso medio,Adulto Mayor
11992,5,3,22.72,Mariana,Garcia,56,Medellín,2023-06-30 10:42:45.641410352,Basico,,Uso medio,Adulto
11993,4,3,24.3,Carlos,Ramirez,34,MTY,2023-06-30 17:17:03.555888976,Basico,,Bajo uso,Adulto
11994,9,5,27.88,Carlos,Gomez,36,CDMX,2023-06-30 23:51:21.470367592,Premium,,Uso medio,Adulto
11995,5,2,8.04,Mateo,Torres,78,GDL,2023-07-01 06:25:39.384846216,Basico,,Uso medio,Adulto Mayor
11996,6,3,9.59,Ana,Ramirez,68,Cali,2023-07-01 12:59:57.299324832,Basico,,Uso medio,Adulto Mayor
11997,4,4,14.27,Mateo,Torres,66,GDL,2023-07-01 19:34:15.213803456,Basico,,Bajo uso,Adulto Mayor
11998,4,4,15.34,Sofia,Gomez,23,Medellín,2023-07-02 02:08:33.128282072,Basico,,Bajo uso,Joven
11999,3,6,59.68,Luis,Ramirez,47,Bogotá,2023-07-02 08:42:51.042760696,Premium,"1,721E+18",Uso medio,Adulto
12000,10,1,3.04,Sofia,Torres,46,CDMX,2023-07-02 15:17:08.957239312,Basico,"1,71858E+18",Alto uso,Adulto
12001,3,6,28.979999999999997,Mariana,Garcia,28,GDL,2023-07-02 21:51:26.871717936,Basico,"1,73172E+18",Uso medio,Joven
12002,2,5,28.19,Carlos,Garcia,33,Bogotá,2023-07-03 04:25:44.786196552,Basico,,Uso medio,Adulto
12003,5,4,9.04,Mateo,Gomez,47,Bogotá,2023-07-03 11:00:02.700675168,Premium,,Uso medio,Adulto
12004,5,6,9.690000000000001,Mateo,Ramirez,42,Cali,2023-07-03 17:34:20.615153792,Basico,"1,73422E+18",Uso medio,Adulto
12005,3,7,31.22,Mateo,Lopez,57,Medellín,2023-07-04 00:08:38.529632408,Basico,,Uso medio,Adulto
12006,8,4,52.93,Sofia,Ramirez,28,Bogotá,2023-07-04 06:42:56.444111032,Basico,,Uso medio,Joven
12007,2,2,10.09,Carlos,Garcia,24,Cali,2023-07-04 13:17:14.358589648,Basico,,Bajo uso,Joven
12008,2,2,6.68,Luis,Torres,43,Bogotá,2023-07-04 19:51:32.273068272,Basico,,Bajo uso,Adulto
12009,6,2,7.68,Mariana,Lopez,73,,2023-07-05 02:25:50.187546888,Premium,,Uso medio,Adulto Mayor
12010,8,5,15.77,Luis,Gomez,39,GDL,2023-07-05 09:00:08.102025512,Premium,"1,72342E+18",Uso medio,Adulto
12011,7,5,23.62,Sofia,Lopez,42,Medellín,2023-07-05 15:34:26.016504128,Premium,,Uso medio,Adulto
12012,5,5,38.910000000000004,Mariana,Gomez,36,MTY,2023-07-05 22:08:43.930982752,Basico,,Uso medio,Adulto
12013,2,12,65.55,Mateo,Lopez,48,GDL,2023-07-06 04:43:01.845461368,Basico,,Alto uso,Adulto
12014,3,5,8.46,Ana,Gomez,43,GDL,2023-07-06 11:17:19.759939984,Basico,,Uso medio,Adulto
12015,6,7,21.47,Sofia,Gomez,59,Bogotá,2023-07-06 17:51:37.674418608,Basico,,Uso medio,Adulto
12016,9,2,2.08,Sofia,Lopez,58,GDL,2023-07-07 00:25:55.588897224,Basico,"1,72886E+18",Uso medio,Adulto
12017,6,10,88.45,Carlos,Lopez,53,GDL,2023-07-07 07:00:13.503375848,Basico,,Alto uso,Adulto
12018,6,4,37.78,Luis,Gomez,40,,2023-07-07 13:34:31.417854464,Premium,,Uso medio,Adulto
12019,5,5,25.669999999999998,Sofia,Garcia,64,Cali,2023-07-07 20:08:49.332333088,Premium,,Uso medio,Adulto Mayor
12020,6,3,7.1899999999999995,Sofia,Lopez,30,Medellín,2023-07-08 02:43:07.246811704,Premium,,Uso medio,Adulto
12021,7,4,8.549999999999999,Mateo,Ramirez,42,Cali,2023-07-08 09:17:25.161290328,Premium,,Uso medio,Adulto
12022,3,2,13.76,Mateo,Torres,19,,2023-07-08 15:51:43.075768944,Basico,,Bajo uso,Joven
12023,6,5,31.78,Mariana,Gomez,19,Bogotá,2023-07-08 22:26:00.990247568,Basico,,Uso medio,Joven
12024,9,3,6.430000000000001,Ana,Gomez,33,GDL,2023-07-09 05:00:18.904726184,Basico,,Uso medio,Adulto
12025,7,5,24.55,Carlos,Torres,26,,2023-07-09 11:34:36.819204800,Basico,,Uso medio,Joven
12026,15,3,9.48,Ana,Garcia,45,Medellín,2023-07-09 18:08:54.733683424,Basico,,Alto uso,Adulto
12027,2,8,29.04,Mariana,Torres,30,Bogotá,2023-07-10 00:43:12.648162040,Basico,,Uso medio,Adulto
12028,4,6,41.92,Mateo,Lopez,52,Bogotá,2023-07-10 07:17:30.562640664,Basico,,Uso medio,Adulto
12029,6,2,6.17,Luis,Torres,58,Bogotá,2023-07-10 13:51:48.477119280,Premium,,Uso medio,Adulto
12030,7,4,21.13,Mateo,Gomez,30,,2023-07-10 20:26:06.391597904,Premium,"1,73517E+18",Uso medio,Adulto
12031,6,8,61.22,Carlos,Torres,48,MTY,2023-07-11 03:00:24.306076520,Basico,,Uso medio,Adulto
12032,4,4,18.369999999999997,Mateo,Ramirez,38,,2023-07-11 09:34:42.220555144,Basico,,Bajo uso,Adulto
12033,5,6,16.43,Carlos,Lopez,49,,2023-07-11 16:09:00.135033760,Basico,,Uso medio,Adulto
12034,9,3,14.12,Carlos,Torres,71,Medellín,2023-07-11 22:43:18.049512384,Premium,,Uso medio,Adulto Mayor
12035,7,6,28.04,Carlos,Gomez,51,Bogotá,2023-07-12 05:17:35.963991000,Basico,,Uso medio,Adulto
12036,5,5,54.11,Mariana,Lopez,25,MTY,2023-07-12 11:51:53.878469624,Premium,"1,71729E+18",Uso medio,Joven
12037,2,3,32.28,Carlos,Gomez,76,CDMX,2023-07-12 18:26:11.792948240,Basico,,Bajo uso,Adulto Mayor
12038,3,8,34.55,Carlos,Garcia,58,CDMX,2023-07-13 01:00:29.707426856,Basico,,Uso medio,Adulto
12039,6,5,25.22,Luis,Ramirez,65,Cali,2023-07-13 07:34:47.621905480,Basico,,Uso medio,Adulto Mayor
12040,5,3,10.09,Ana,Garcia,19,Bogotá,2023-07-13 14:09:05.536384096,Basico,"1,73552E+18",Uso medio,Joven
12041,6,8,25.8,Sofia,Ramirez,55,CDMX,2023-07-13 20:43:23.450862720,Basico,,Uso medio,Adulto
12042,4,5,30.59,Ana,Torres,49,GDL,2023-07-14 03:17:41.365341336,Premium,,Uso medio,Adulto
12043,7,1,1.59,Carlos,Lopez,71,,2023-07-14 09:51:59.279819960,Basico,,Uso medio,Adulto Mayor
12044,12,4,16.46,Luis,Torres,57,MTY,2023-07-14 16:26:17.194298576,Basico,,Alto uso,Adulto
12045,5,4,11.600000000000001,Mateo,Ramirez,75,,2023-07-14 23:00:35.108777200,Premium,,Uso medio,Adulto Mayor
12046,4,4,32.56,Luis,Ramirez,45,MTY,2023-07-15 05:34:53.023255816,Basico,"1,72074E+18",Bajo uso,Adulto
12047,3,3,2.85,Carlos,Ramirez,54,Bogotá,2023-07-15 12:09:10.937734440,Basico,"1,73059E+18",Bajo uso,Adulto
12048,3,5,12.68,Luis,Gomez,58,CDMX,2023-07-15 18:43:28.852213056,Basico,,Uso medio,Adulto
12049,1,7,38.91,Luis,Lopez,18,Bogotá,2023-07-16 01:17:46.766691672,Premium,,Uso medio,Joven
12050,4,5,18.380000000000003,Carlos,Torres,58,Medellín,2023-07-16 07:52:04.681170296,Basico,,Uso medio,Adulto
12051,5,9,41.92,Mariana,Torres,27,GDL,2023-07-16 14:26:22.595648912,Basico,,Uso medio,Joven
12052,5,8,39.47,Luis,Garcia,72,Bogotá,2023-07-16 21:00:40.510127536,Premium,,Uso medio,Adulto Mayor
12053,3,2,11.350000000000001,Sofia,Ramirez,21,Medellín,2023-07-17 03:34:58.424606152,Premium,,Bajo uso,Joven
12054,8,6,58.97,Sofia,Ramirez,52,Medellín,2023-07-17 10:09:16.339084776,Basico,"1,72679E+18",Uso medio,Adulto
12055,4,8,56.11,Luis,Ramirez,79,Cali,,Premium,,Uso medio,Adulto Mayor
12056,6,6,43.28,Mariana,Torres,27,MTY,2023-07-17 23:17:52.168042016,Basico,,Uso medio,Joven
12057,8,3,12.21,Mateo,Garcia,64,Bogotá,2023-07-18 05:52:10.082520632,Premium,,Uso medio,Adulto Mayor
12058,0,1,1.85,Carlos,Gomez,28,,2023-07-18 12:26:27.996999256,Basico,,Bajo uso,Joven
12059,4,8,37.42,Sofia,Lopez,31,,2023-07-18 19:00:45.911477872,Premium,,Uso medio,Adulto
12060,5,4,23.520000000000003,Mateo,Gomez,55,,2023-07-19 01:35:03.825956488,Basico,"1,73267E+18",Uso medio,Adulto
12061,12,3,14.51,Luis,Torres,29,MTY,2023-07-19 08:09:21.740435112,Premium,"1,72489E+18",Alto uso,Joven
12062,7,3,8.43,Mateo,Ramirez,62,Cali,2023-07-19 14:43:39.654913728,Basico,,Uso medio,Adulto Mayor
12063,9,4,11.25,Ana,Lopez,34,Medellín,2023-07-19 21:17:57.569392352,Basico,,Uso medio,Adulto
12064,4,1,16.9,Sofia,Torres,33,CDMX,2023-07-20 03:52:15.483870968,Basico,,Bajo uso,Adulto
12065,4,4,20.85,Luis,Torres,52,Cali,2023-07-20 10:26:33.398349592,Premium,,Bajo uso,Adulto
12066,10,8,43.230000000000004,Carlos,Torres,19,Medellín,2023-07-20 17:00:51.312828208,Premium,"1,73275E+18",Alto uso,Joven
12067,5,2,5.91,Mariana,Lopez,28,GDL,2023-07-20 23:35:09.227306832,Basico,,Uso medio,Joven
12068,2,5,27.910000000000004,Luis,Lopez,78,CDMX,2023-07-21 06:09:27.141785448,Premium,,Uso medio,Adulto Mayor
12069,8,7,27.220000000000002,Carlos,Garcia,58,Cali,2023-07-21 12:43:45.056264072,Basico,"1,72999E+18",Uso medio,Adulto
12070,6,6,27.13,Mariana,Garcia,20,CDMX,2023-07-21 19:18:02.970742688,Premium,,Uso medio,Joven
12071,2,3,4.88,Mariana,Gomez,46,CDMX,2023-07-22 01:52:20.885221312,Premium,,Bajo uso,Adulto
12072,5,6,29.57,Luis,Lopez,35,Bogotá,2023-07-22 08:26:38.799699928,Basico,,Uso medio,Adulto
12073,6,6,17.14,Mateo,Lopez,37,CDMX,2023-07-22 15:00:56.714178544,Premium,,Uso medio,Adulto
12074,9,3,16.86,Mateo,Lopez,64,,2023-07-22 21:35:14.628657168,Basico,,Uso medio,Adulto Mayor
12075,10,2,11.51,Mariana,Garcia,31,Bogotá,2023-07-23 04:09:32.543135784,Basico,,Alto uso,Adulto
12076,8,4,10.28,Mateo,Torres,51,Bogotá,2023-07-23 10:43:50.457614408,Premium,,Uso medio,Adulto
12077,8,10,21.03,Ana,Ramirez,66,,2023-07-23 17:18:08.372093024,Premium,,Alto uso,Adulto Mayor
12078,9,7,52.11,Mariana,Garcia,71,Bogotá,2023-07-23 23:52:26.286571648,Basico,,Uso medio,Adulto Mayor
12079,7,3,5.16,Mariana,Lopez,48,MTY,2023-07-24 06:26:44.201050264,Basico,,Uso medio,Adulto
12080,6,1,3.38,Carlos,Garcia,75,Cali,2023-07-24 13:01:02.115528888,Premium,,Uso medio,Adulto Mayor
12081,8,1,4.15,Mateo,Gomez,57,Bogotá,2023-07-24 19:35:20.030007504,Basico,,Uso medio,Adulto
12082,5,10,57.04,Mariana,Lopez,59,MTY,2023-07-25 02:09:37.944486128,Premium,,Alto uso,Adulto
12083,7,4,10.44,Ana,Gomez,75,Medellín,2023-07-25 08:43:55.858964744,Premium,,Uso medio,Adulto Mayor
12084,8,9,64.54,Carlos,Lopez,35,Cali,2023-07-25 15:18:13.773443360,Basico,"1,71945E+18",Uso medio,Adulto
12085,4,2,20.65,Luis,Garcia,47,Cali,2023-07-25 21:52:31.687921984,Basico,,Bajo uso,Adulto
12086,5,6,24.299999999999997,Mariana,Torres,42,,2023-07-26 04:26:49.602400600,Basico,"1,73388E+18",Uso medio,Adulto
12087,6,3,23.5,Ana,Ramirez,47,Cali,2023-07-26 11:01:07.516879224,Basico,,Uso medio,Adulto
12088,5,2,0.8099999999999999,Sofia,Gomez,78,Cali,2023-07-26 17:35:25.431357840,Premium,,Uso medio,Adulto Mayor
12089,6,4,7.43,Ana,Garcia,36,,2023-07-27 00:09:43.345836464,Premium,"1,73336E+18",Uso medio,Adulto
12090,4,4,17.47,Ana,Torres,25,CDMX,2023-07-27 06:44:01.260315080,Basico,,Bajo uso,Joven
12091,6,3,21.75,Carlos,Garcia,45,MTY,2023-07-27 13:18:19.174793704,Basico,,Uso medio,Adulto
12092,4,6,49.28,Luis,Gomez,25,Medellín,2023-07-27 19:52:37.089272320,Basico,"1,72308E+18",Uso medio,Joven
12093,5,4,14.15,Sofia,Ramirez,48,Bogotá,,Premium,,Uso medio,Adulto
12094,5,6,42.870000000000005,Mateo,Garcia,20,CDMX,2023-07-28 09:01:12.918229560,Premium,,Uso medio,Joven
12095,7,1,0.02,Mateo,Lopez,20,MTY,2023-07-28 15:35:30.832708176,Premium,"1,72567E+18",Uso medio,Joven
12096,4,4,19.32,Ana,Torres,61,MTY,2023-07-28 22:09:48.747186800,Basico,,Bajo uso,Adulto Mayor
12097,7,4,30.79,Carlos,Garcia,47,Bogotá,2023-07-29 04:44:06.661665416,Premium,"1,73396E+18",Uso medio,Adulto
12098,7,12,83.06,Carlos,Torres,39,Cali,2023-07-29 11:18:24.576144040,Basico,,Alto uso,Adulto
12099,7,5,39.82,Mateo,Lopez,34,,2023-07-29 17:52:42.490622656,Premium,,Uso medio,Adulto
12100,3,5,28.939999999999998,Sofia,Ramirez,53,Cali,2023-07-30 00:27:00.405101280,Premium,,Uso medio,Adulto
12101,3,2,3.95,Luis,Ramirez,34,Cali,2023-07-30 07:01:18.319579896,Premium,,Bajo uso,Adulto
12102,6,4,16.490000000000002,Sofia,Lopez,31,Bogotá,2023-07-30 13:35:36.234058520,Basico,,Uso medio,Adulto
12103,8,5,14.55,Mariana,Torres,68,MTY,2023-07-30 20:09:54.148537136,Basico,,Uso medio,Adulto Mayor
12104,8,2,2.5,Mariana,Garcia,26,MTY,2023-07-31 02:44:12.063015760,Basico,,Uso medio,Joven
12105,6,9,36.1,Luis,Lopez,79,Medellín,2023-07-31 09:18:29.977494376,Premium,,Uso medio,Adulto Mayor
12106,3,4,14.02,Mateo,Gomez,47,CDMX,2023-07-31 15:52:47.891973000,Basico,"1,71806E+18",Bajo uso,Adulto
12107,6,5,35.22,Luis,Torres,38,Bogotá,2023-07-31 22:27:05.806451616,Basico,"1,72869E+18",Uso medio,Adulto
12108,7,4,21.2,Carlos,Ramirez,29,Medellín,2023-08-01 05:01:23.720930232,Basico,,Uso medio,Joven
12109,8,3,15.34,Mariana,Lopez,54,Bogotá,2023-08-01 11:35:41.635408856,Premium,,Uso medio,Adulto
12110,6,2,11.870000000000001,Ana,Ramirez,49,,2023-08-01 18:09:59.549887472,Basico,,Uso medio,Adulto
12111,7,2,11.91,Ana,Torres,28,Medellín,,Premium,,Uso medio,Joven
12112,5,6,20.26,Mateo,Ramirez,37,GDL,2023-08-02 07:18:35.378844712,Premium,,Uso medio,Adulto
12113,9,4,23.259999999999998,Carlos,Lopez,52,Bogotá,2023-08-02 13:52:53.293323336,Premium,"1,735E+18",Uso medio,Adulto
12114,5,4,13.11,Sofia,Torres,70,Medellín,2023-08-02 20:27:11.207801952,Basico,,Uso medio,Adulto Mayor
12115,3,1,11.69,Carlos,Gomez,64,MTY,2023-08-03 03:01:29.122280576,Premium,"1,72964E+18",Bajo uso,Adulto Mayor
12116,4,5,36.67,Ana,Lopez,63,CDMX,2023-08-03 09:35:47.036759192,Basico,,Uso medio,Adulto Mayor
12117,5,3,2.6,Ana,Garcia,28,Bogotá,2023-08-03 16:10:04.951237816,Basico,,Uso medio,Joven
12118,7,2,16.8,Mariana,Lopez,69,,2023-08-03 22:44:22.865716432,Basico,,Uso medio,Adulto Mayor
12119,8,6,49.76,Carlos,Torres,25,Bogotá,2023-08-04 05:18:40.780195048,Basico,,Uso medio,Joven
12120,3,4,19.12,Carlos,Lopez,21,,2023-08-04 11:52:58.694673672,Basico,,Bajo uso,Joven
12121,4,5,15.719999999999999,Ana,Gomez,44,Cali,2023-08-04 18:27:16.609152288,Basico,,Uso medio,Adulto
12122,5,3,16.740000000000002,Sofia,Gomez,61,CDMX,2023-08-05 01:01:34.523630912,Basico,,Uso medio,Adulto Mayor
12123,7,2,2.5,Mateo,Garcia,57,Medellín,2023-08-05 07:35:52.438109528,Basico,,Uso medio,Adulto
12124,8,7,28.87,Mateo,Ramirez,55,Bogotá,2023-08-05 14:10:10.352588152,Basico,,Uso medio,Adulto
12125,6,9,30.75,Carlos,Torres,64,GDL,2023-08-05 20:44:28.267066768,Basico,,Uso medio,Adulto Mayor
12126,8,4,52.21,Mateo,Torres,47,Medellín,2023-08-06 03:18:46.181545392,Premium,,Uso medio,Adulto
12127,5,6,23.52,Ana,Ramirez,61,Medellín,2023-08-06 09:53:04.096024008,Basico,,Uso medio,Adulto Mayor
12128,3,2,13.65,Ana,Gomez,65,CDMX,2023-08-06 16:27:22.010502632,Basico,"1,72325E+18",Bajo uso,Adulto Mayor
12129,1,8,33.74,Carlos,Gomez,65,,2023-08-06 23:01:39.924981248,Basico,,Uso medio,Adulto Mayor
12130,3,6,30.560000000000002,Carlos,Lopez,44,Cali,2023-08-07 05:35:57.839459864,Basico,,Uso medio,Adulto
12131,7,4,12.64,Mariana,Garcia,38,,2023-08-07 12:10:15.753938488,Basico,,Uso medio,Adulto
12132,5,2,2.31,Carlos,Garcia,69,MTY,2023-08-07 18:44:33.668417104,Basico,,Uso medio,Adulto Mayor
12133,9,3,7.65,Sofia,Garcia,37,,2023-08-08 01:18:51.582895728,Premium,,Uso medio,Adulto
12134,3,6,20.3,Mateo,Lopez,77,MTY,2023-08-08 07:53:09.497374344,Premium,,Uso medio,Adulto Mayor
12135,5,4,31.189999999999998,Carlos,Garcia,21,CDMX,2023-08-08 14:27:27.411852968,Premium,,Uso medio,Joven
12136,4,2,0.9299999999999999,Luis,Ramirez,28,Cali,2023-08-08 21:01:45.326331584,Premium,,Bajo uso,Joven
12137,9,3,13.969999999999999,Mariana,Lopez,30,Medellín,2023-08-09 03:36:03.240810208,Premium,,Uso medio,Adulto
12138,3,1,3.5,Luis,Ramirez,78,Bogotá,2023-08-09 10:10:21.155288824,Premium,,Bajo uso,Adulto Mayor
12139,4,6,26.25,Ana,Lopez,26,Bogotá,2023-08-09 16:44:39.069767448,Premium,,Uso medio,Joven
12140,9,4,21.78,Mateo,Garcia,21,CDMX,2023-08-09 23:18:56.984246064,Basico,"1,73517E+18",Uso medio,Joven
12141,9,2,1.13,Carlos,Ramirez,29,Medellín,2023-08-10 05:53:14.898724688,Basico,,Uso medio,Joven
12142,2,5,35.96,Luis,Ramirez,26,Bogotá,2023-08-10 12:27:32.813203304,Basico,,Uso medio,Joven
12143,6,2,9.95,Mateo,Ramirez,30,Bogotá,2023-08-10 19:01:50.727681920,Basico,,Uso medio,Adulto
12144,6,4,14.98,Ana,Lopez,65,Bogotá,2023-08-11 01:36:08.642160544,Premium,,Uso medio,Adulto Mayor
12145,5,4,14.540000000000001,Sofia,Torres,43,,2023-08-11 08:10:26.556639160,Basico,,Uso medio,Adulto
12146,9,4,34.44,Mariana,Garcia,55,Medellín,2023-08-11 14:44:44.471117784,Premium,,Uso medio,Adulto
12147,5,2,13.22,Mateo,Ramirez,59,Medellín,2023-08-11 21:19:02.385596400,Basico,"1,72809E+18",Uso medio,Adulto
12148,7,2,5.32,Mateo,Torres,30,,2023-08-12 03:53:20.300075024,Basico,,Uso medio,Adulto
12149,5,1,10.18,Sofia,Garcia,56,Bogotá,2023-08-12 10:27:38.214553640,Basico,,Uso medio,Adulto
12150,1,6,46.190000000000005,Mateo,Garcia,45,CDMX,2023-08-12 17:01:56.129032264,Basico,,Uso medio,Adulto
12151,4,6,47.22,Ana,Ramirez,75,CDMX,2023-08-12 23:36:14.043510880,Basico,,Uso medio,Adulto Mayor
12152,7,4,8.37,Ana,Ramirez,36,Medellín,2023-08-13 06:10:31.957989504,Basico,,Uso medio,Adulto
12153,5,2,0.06,Sofia,Lopez,41,GDL,2023-08-13 12:44:49.872468120,Basico,,Uso medio,Adulto
12154,4,3,24.990000000000002,Mariana,Torres,36,Bogotá,2023-08-13 19:19:07.786946736,Basico,,Bajo uso,Adulto
12155,7,4,23.32,Carlos,Torres,66,GDL,2023-08-14 01:53:25.701425360,Basico,,Uso medio,Adulto Mayor
12156,7,3,10.040000000000001,Luis,Ramirez,30,GDL,2023-08-14 08:27:43.615903976,Basico,,Uso medio,Adulto
12157,4,8,37.86,Carlos,Garcia,30,Bogotá,2023-08-14 15:02:01.530382600,Basico,,Uso medio,Adulto
12158,4,2,3.4899999999999998,Mateo,Ramirez,75,,2023-08-14 21:36:19.444861216,Basico,,Bajo uso,Adulto Mayor
12159,6,2,3.05,Luis,Garcia,45,Medellín,2023-08-15 04:10:37.359339840,Basico,,Uso medio,Adulto
12160,8,3,6.859999999999999,Sofia,Garcia,70,,2023-08-15 10:44:55.273818456,Basico,,Uso medio,Adulto Mayor
12161,10,2,40.55,Sofia,Ramirez,19,,2023-08-15 17:19:13.188297080,Basico,"1,72558E+18",Alto uso,Joven
12162,10,10,41.24,Mariana,Gomez,27,GDL,,Basico,,Alto uso,Joven
12163,9,0,0.0,Luis,Torres,79,MTY,2023-08-16 06:27:49.017254320,Premium,,Uso medio,Adulto Mayor
12164,5,5,11.6,Ana,Garcia,39,Cali,2023-08-16 13:02:06.931732936,Basico,,Uso medio,Adulto
12165,7,3,3.18,Luis,Garcia,30,,2023-08-16 19:36:24.846211552,Basico,,Uso medio,Adulto
12166,8,2,34.43,Mateo,Gomez,75,Bogotá,2023-08-17 02:10:42.760690176,Basico,,Uso medio,Adulto Mayor
12167,8,2,28.130000000000003,Ana,Lopez,26,,2023-08-17 08:45:00.675168792,Basico,,Uso medio,Joven
12168,3,4,25.46,Sofia,Gomez,50,CDMX,2023-08-17 15:19:18.589647416,Basico,,Bajo uso,Adulto
12169,7,5,33.57,Luis,Gomez,31,GDL,2023-08-17 21:53:36.504126032,Premium,,Uso medio,Adulto
12170,3,8,48.209999999999994,Carlos,Garcia,78,Medellín,2023-08-18 04:27:54.418604656,Premium,,Uso medio,Adulto Mayor
12171,9,3,11.26,Mariana,Torres,65,Bogotá,2023-08-18 11:02:12.333083272,Basico,,Uso medio,Adulto Mayor
12172,6,9,47.4,Carlos,Gomez,37,CDMX,2023-08-18 17:36:30.247561896,Premium,"1,72238E+18",Uso medio,Adulto
12173,4,5,7.15,Mariana,Lopez,32,MTY,2023-08-19 00:10:48.162040512,Basico,,Uso medio,Adulto
12174,7,6,15.05,Mateo,Ramirez,49,CDMX,2023-08-19 06:45:06.076519136,Basico,,Uso medio,Adulto
12175,6,8,47.709999999999994,Carlos,Gomez,50,Medellín,2023-08-19 13:19:23.990997752,Premium,,Uso medio,Adulto
12176,13,7,46.879999999999995,Luis,Gomez,34,,2023-08-19 19:53:41.905476368,Premium,,Alto uso,Adulto
12177,7,4,15.569999999999999,Luis,Lopez,41,,2023-08-20 02:27:59.819954992,Basico,,Uso medio,Adulto
12178,6,5,11.99,Carlos,Torres,47,Medellín,2023-08-20 09:02:17.734433608,Basico,,Uso medio,Adulto
12179,4,0,0.0,Luis,Gomez,79,Bogotá,2023-08-20 15:36:35.648912232,Basico,"1,73042E+18",Bajo uso,Adulto Mayor
12180,7,7,26.599999999999998,Mateo,Gomez,30,Bogotá,2023-08-20 22:10:53.563390848,Basico,,Uso medio,Adulto
12181,8,6,7.129999999999999,Ana,Torres,79,CDMX,2023-08-21 04:45:11.477869472,Basico,,Uso medio,Adulto Mayor
12182,7,5,21.34,Mateo,Lopez,76,MTY,2023-08-21 11:19:29.392348088,Basico,"1,72152E+18",Uso medio,Adulto Mayor
12183,5,2,19.93,Mariana,Gomez,64,GDL,2023-08-21 17:53:47.306826712,Basico,,Uso medio,Adulto Mayor
12184,7,5,15.86,Mateo,Torres,65,Cali,,Premium,,Uso medio,Adulto Mayor
12185,7,4,5.93,Mariana,Gomez,33,,2023-08-22 07:02:23.135783952,Basico,,Uso medio,Adulto
12186,3,5,12.17,Luis,Ramirez,19,Bogotá,2023-08-22 13:36:41.050262568,Premium,,Uso medio,Joven
12187,7,6,19.16,Ana,Garcia,34,Medellín,2023-08-22 20:10:58.964741192,Basico,,Uso medio,Adulto
12188,9,6,41.35,Luis,Ramirez,49,CDMX,2023-08-23 02:45:16.879219808,Premium,,Uso medio,Adulto
12189,8,5,29.13,Sofia,Gomez,60,Medellín,2023-08-23 09:19:34.793698424,Basico,,Uso medio,Adulto Mayor
12190,5,4,15.809999999999999,Luis,Lopez,25,Medellín,2023-08-23 15:53:52.708177048,Basico,,Uso medio,Joven
12191,8,3,6.720000000000001,Mariana,Garcia,69,Bogotá,2023-08-23 22:28:10.622655664,Premium,,Uso medio,Adulto Mayor
12192,3,2,11.1,Luis,Ramirez,20,GDL,2023-08-24 05:02:28.537134288,Basico,,Bajo uso,Joven
12193,12,6,40.01,Luis,Torres,78,,2023-08-24 11:36:46.451612904,Basico,,Alto uso,Adulto Mayor
12194,5,3,11.219999999999999,Ana,Lopez,29,Medellín,2023-08-24 18:11:04.366091528,Basico,,Uso medio,Joven
12195,5,4,21.27,Luis,Ramirez,37,,2023-08-25 00:45:22.280570144,Basico,,Uso medio,Adulto
12196,7,3,10.72,Ana,Torres,33,Cali,2023-08-25 07:19:40.195048768,Basico,,Uso medio,Adulto
12197,4,6,31.66,Carlos,Gomez,31,,2023-08-25 13:53:58.109527384,Basico,,Uso medio,Adulto
12198,6,3,13.9,Sofia,Torres,33,GDL,2023-08-25 20:28:16.024006008,Premium,,Uso medio,Adulto
12199,6,8,32.63,Ana,Ramirez,76,CDMX,2023-08-26 03:02:33.938484624,Basico,,Uso medio,Adulto Mayor
12200,4,1,2.55,Mariana,Ramirez,70,MTY,,Basico,,Bajo uso,Adulto Mayor
12201,5,11,75.28,Carlos,Gomez,66,CDMX,2023-08-26 16:11:09.767441864,Premium,,Alto uso,Adulto Mayor
12202,5,4,41.129999999999995,Ana,Torres,47,Bogotá,2023-08-26 22:45:27.681920480,Basico,,Uso medio,Adulto
12203,8,2,6.62,Ana,Torres,79,Medellín,2023-08-27 05:19:45.596399104,Basico,,Uso medio,Adulto Mayor
12204,7,1,2.79,Sofia,Gomez,60,Bogotá,2023-08-27 11:54:03.510877720,Basico,,Uso medio,Adulto Mayor
12205,6,7,38.76,Mariana,Torres,66,GDL,2023-08-27 18:28:21.425356344,Basico,,Uso medio,Adulto Mayor
12206,6,4,27.11,Mateo,Gomez,68,,2023-08-28 01:02:39.339834960,Basico,,Uso medio,Adulto Mayor
12207,2,4,28.490000000000002,Mateo,Lopez,71,CDMX,2023-08-28 07:36:57.254313584,Basico,,Bajo uso,Adulto Mayor
12208,5,4,25.62,Ana,Ramirez,50,MTY,2023-08-28 14:11:15.168792200,Basico,,Uso medio,Adulto
12209,3,2,4.609999999999999,Luis,Lopez,47,Medellín,2023-08-28 20:45:33.083270824,Premium,,Bajo uso,Adulto
12210,5,4,27.480000000000004,Mariana,Garcia,76,Cali,2023-08-29 03:19:50.997749440,Premium,,Uso medio,Adulto Mayor
12211,5,4,21.39,Carlos,Garcia,29,Bogotá,2023-08-29 09:54:08.912228056,Basico,,Uso medio,Joven
12212,8,5,8.41,Luis,Garcia,32,CDMX,2023-08-29 16:28:26.826706680,Premium,,Uso medio,Adulto
12213,3,5,28.09,Luis,Gomez,35,Medellín,2023-08-29 23:02:44.741185296,Basico,,Uso medio,Adulto
12214,8,2,12.469999999999999,Mariana,Torres,47,CDMX,2023-08-30 05:37:02.655663920,Basico,,Uso medio,Adulto
12215,0,3,13.82,Ana,Lopez,45,CDMX,2023-08-30 12:11:20.570142536,Basico,,Bajo uso,Adulto
12216,5,5,13.08,Ana,Lopez,79,Medellín,2023-08-30 18:45:38.484621160,Basico,,Uso medio,Adulto Mayor
12217,6,4,32.81,Ana,Lopez,40,MTY,2023-08-31 01:19:56.399099776,Premium,,Uso medio,Adulto
12218,5,3,7.6,Ana,Lopez,31,MTY,2023-08-31 07:54:14.313578400,Basico,,Uso medio,Adulto
12219,3,7,26.869999999999997,Mateo,Garcia,47,Bogotá,2023-08-31 14:28:32.228057016,Basico,,Uso medio,Adulto
12220,7,11,60.77,Ana,Lopez,50,,2023-08-31 21:02:50.142535640,Basico,,Alto uso,Adulto
12221,5,9,62.160000000000004,Mateo,Torres,62,,2023-09-01 03:37:08.057014256,Basico,,Uso medio,Adulto Mayor
12222,5,4,36.980000000000004,Mateo,Garcia,79,Bogotá,2023-09-01 10:11:25.971492880,Basico,,Uso medio,Adulto Mayor
12223,4,3,35.65,Ana,Lopez,32,GDL,2023-09-01 16:45:43.885971496,Premium,,Bajo uso,Adulto
12224,8,6,24.5,Sofia,Gomez,24,MTY,2023-09-01 23:20:01.800450112,Premium,,Uso medio,Joven
12225,6,12,31.36,Carlos,Ramirez,32,GDL,2023-09-02 05:54:19.714928736,Basico,,Alto uso,Adulto
12226,4,1,0.81,Luis,Ramirez,69,Bogotá,2023-09-02 12:28:37.629407352,Basico,,Bajo uso,Adulto Mayor
12227,10,4,8.36,Mateo,Ramirez,59,Medellín,2023-09-02 19:02:55.543885976,Basico,,Alto uso,Adulto
12228,7,6,49.379999999999995,Mariana,Garcia,63,Bogotá,2023-09-03 01:37:13.458364592,Premium,,Uso medio,Adulto Mayor
12229,9,2,11.799999999999999,Mariana,Lopez,55,Bogotá,2023-09-03 08:11:31.372843216,Basico,,Uso medio,Adulto
12230,3,4,44.73,Carlos,Garcia,63,GDL,2023-09-03 14:45:49.287321832,Basico,,Bajo uso,Adulto Mayor
12231,3,3,18.91,Mariana,Torres,73,Bogotá,2023-09-03 21:20:07.201800456,Premium,,Bajo uso,Adulto Mayor
12232,3,5,24.03,Sofia,Gomez,74,MTY,2023-09-04 03:54:25.116279072,Basico,,Uso medio,Adulto Mayor
12233,4,4,29.04,Mariana,Gomez,71,Bogotá,2023-09-04 10:28:43.030757696,Basico,,Bajo uso,Adulto Mayor
12234,7,7,53.31,Luis,Ramirez,61,Medellín,2023-09-04 17:03:00.945236312,Basico,,Uso medio,Adulto Mayor
12235,5,2,16.78,Luis,Ramirez,28,Medellín,,Basico,,Uso medio,Joven
12236,4,5,23.57,Mateo,Ramirez,46,Bogotá,2023-09-05 06:11:36.774193552,Basico,"1,72066E+18",Uso medio,Adulto
12237,10,9,47.59,Ana,Lopez,48,Bogotá,2023-09-05 12:45:54.688672168,Basico,,Alto uso,Adulto
12238,3,5,36.84,Sofia,Torres,79,GDL,2023-09-05 19:20:12.603150792,Basico,,Uso medio,Adulto Mayor
12239,6,6,24.880000000000003,Mateo,Torres,42,CDMX,2023-09-06 01:54:30.517629408,Basico,,Uso medio,Adulto
12240,5,3,9.28,Sofia,Torres,69,Medellín,2023-09-06 08:28:48.432108032,Premium,,Uso medio,Adulto Mayor
12241,5,2,5.140000000000001,Ana,Torres,71,GDL,2023-09-06 15:03:06.346586648,Basico,,Uso medio,Adulto Mayor
12242,6,2,14.73,Mariana,Ramirez,41,Medellín,2023-09-06 21:37:24.261065272,Premium,,Uso medio,Adulto
12243,5,2,8.610000000000001,Mariana,Gomez,74,Medellín,2023-09-07 04:11:42.175543888,Basico,,Uso medio,Adulto Mayor
12244,9,2,17.46,Ana,Ramirez,36,,2023-09-07 10:46:00.090022512,Basico,,Uso medio,Adulto
12245,5,2,28.009999999999998,Mateo,Torres,19,,2023-09-07 17:20:18.004501128,Basico,,Uso medio,Joven
12246,4,1,6.38,Ana,Ramirez,39,CDMX,2023-09-07 23:54:35.918979744,Basico,"1,73172E+18",Bajo uso,Adulto
12247,5,0,0.0,Carlos,Torres,37,,2023-09-08 06:28:53.833458368,Basico,,Uso medio,Adulto
12248,4,2,6.140000000000001,Luis,Garcia,50,Medellín,2023-09-08 13:03:11.747936984,Basico,,Bajo uso,Adulto
12249,4,4,13.219999999999999,Mateo,Gomez,25,Medellín,2023-09-08 19:37:29.662415608,Basico,"1,72411E+18",Bajo uso,Joven
12250,3,9,16.04,Sofia,Garcia,42,CDMX,2023-09-09 02:11:47.576894224,Basico,,Uso medio,Adulto
12251,8,3,143.36,Carlos,Lopez,63,,2023-09-09 08:46:05.491372848,Premium,,Uso medio,Adulto Mayor
12252,9,5,14.82,Mateo,Ramirez,26,CDMX,2023-09-09 15:20:23.405851464,Basico,,Uso medio,Joven
12253,5,7,32.0,Ana,Lopez,51,Cali,2023-09-09 21:54:41.320330088,Basico,,Uso medio,Adulto
12254,3,2,12.95,Ana,Ramirez,74,CDMX,2023-09-10 04:28:59.234808704,Basico,,Bajo uso,Adulto Mayor
12255,3,3,16.57,Ana,Garcia,40,Medellín,2023-09-10 11:03:17.149287328,Basico,,Bajo uso,Adulto
12256,4,6,28.7,Ana,Torres,22,Bogotá,2023-09-10 17:37:35.063765944,Premium,,Uso medio,Joven
12257,4,6,22.04,Sofia,Torres,72,GDL,2023-09-11 00:11:52.978244568,Basico,,Uso medio,Adulto Mayor
12258,3,3,9.07,Carlos,Ramirez,78,CDMX,2023-09-11 06:46:10.892723184,Basico,,Bajo uso,Adulto Mayor
12259,3,7,28.599999999999998,Mariana,Torres,42,Bogotá,2023-09-11 13:20:28.807201800,Basico,,Uso medio,Adulto
12260,2,4,21.74,Luis,Garcia,25,CDMX,2023-09-11 19:54:46.721680424,Premium,,Bajo uso,Joven
12261,6,7,26.87,Sofia,Torres,33,Bogotá,2023-09-12 02:29:04.636159040,Basico,,Uso medio,Adulto
12262,6,3,16.02,Sofia,Garcia,71,Medellín,2023-09-12 09:03:22.550637664,Basico,"1,73318E+18",Uso medio,Adulto Mayor
12263,4,7,19.999999999999996,Mariana,Lopez,65,Cali,2023-09-12 15:37:40.465116280,Basico,"1,73388E+18",Uso medio,Adulto Mayor
12264,5,5,27.17,Mariana,Garcia,62,Medellín,2023-09-12 22:11:58.379594904,Basico,,Uso medio,Adulto Mayor
12265,6,1,5.68,Luis,Gomez,69,CDMX,2023-09-13 04:46:16.294073520,Basico,,Uso medio,Adulto Mayor
12266,7,6,19.16,Luis,Gomez,78,MTY,2023-09-13 11:20:34.208552144,Premium,"1,73508E+18",Uso medio,Adulto Mayor
12267,3,7,47.84,Mariana,Gomez,32,GDL,2023-09-13 17:54:52.123030760,Premium,,Uso medio,Adulto
12268,3,2,13.07,Ana,Ramirez,18,,2023-09-14 00:29:10.037509384,Basico,"1,73465E+18",Bajo uso,Joven
12269,7,7,21.37,Sofia,Ramirez,39,,2023-09-14 07:03:27.951988000,Basico,,Uso medio,Adulto
12270,7,2,8.74,Mateo,Ramirez,20,MTY,2023-09-14 13:37:45.866466616,Basico,,Uso medio,Joven
12271,4,5,9.26,Luis,Garcia,55,CDMX,2023-09-14 20:12:03.780945240,Basico,,Uso medio,Adulto
12272,5,3,12.34,Luis,Ramirez,71,,2023-09-15 02:46:21.695423856,Basico,,Uso medio,Adulto Mayor
12273,9,2,8.01,Mariana,Lopez,31,,2023-09-15 09:20:39.609902480,Basico,,Uso medio,Adulto
12274,1,4,27.509999999999998,Carlos,Gomez,53,,2023-09-15 15:54:57.524381096,Premium,,Bajo uso,Adulto
12275,6,12,27.439999999999998,Mateo,Garcia,35,Cali,2023-09-15 22:29:15.438859720,Basico,,Alto uso,Adulto
12276,4,5,31.29,Mateo,Gomez,64,Bogotá,2023-09-16 05:03:33.353338336,Premium,"1,73448E+18",Uso medio,Adulto Mayor
12277,10,6,28.3,Luis,Ramirez,58,CDMX,2023-09-16 11:37:51.267816960,Basico,,Alto uso,Adulto
12278,2,3,15.11,Ana,Garcia,35,Bogotá,2023-09-16 18:12:09.182295576,Basico,,Bajo uso,Adulto
12279,8,3,14.530000000000001,Carlos,Torres,20,Bogotá,2023-09-17 00:46:27.096774200,Basico,,Uso medio,Joven
12280,6,3,4.1,Mateo,Lopez,27,Bogotá,2023-09-17 07:20:45.011252816,Premium,,Uso medio,Joven
12281,9,1,2.13,Luis,Ramirez,66,Bogotá,2023-09-17 13:55:02.925731432,Basico,,Uso medio,Adulto Mayor
12282,4,9,48.870000000000005,Mateo,Ramirez,56,GDL,2023-09-17 20:29:20.840210056,Premium,"1,72463E+18",Uso medio,Adulto
12283,8,6,36.4,Carlos,Lopez,64,MTY,2023-09-18 03:03:38.754688672,Premium,"1,73465E+18",Uso medio,Adulto Mayor
12284,3,6,27.05,Carlos,Lopez,18,Bogotá,2023-09-18 09:37:56.669167296,Premium,,Uso medio,Joven
12285,5,4,45.03,Sofia,Torres,44,CDMX,2023-09-18 16:12:14.583645912,Premium,,Uso medio,Adulto
12286,7,7,20.13,Mariana,Ramirez,74,Bogotá,2023-09-18 22:46:32.498124536,Premium,,Uso medio,Adulto Mayor
12287,5,6,39.43,Mariana,Ramirez,44,Cali,2023-09-19 05:20:50.412603152,Premium,,Uso medio,Adulto
12288,9,5,37.14,Luis,Gomez,28,Cali,2023-09-19 11:55:08.327081776,Basico,,Uso medio,Joven
12289,9,3,10.379999999999999,Carlos,Garcia,66,Bogotá,2023-09-19 18:29:26.241560392,Premium,"1,72299E+18",Uso medio,Adulto Mayor
12290,6,6,18.599999999999998,Sofia,Garcia,22,Bogotá,2023-09-20 01:03:44.156039016,Premium,,Uso medio,Joven
12291,4,2,7.07,Sofia,Gomez,24,CDMX,2023-09-20 07:38:02.070517632,Basico,,Bajo uso,Joven
12292,7,9,33.17,Mateo,Garcia,36,Medellín,2023-09-20 14:12:19.984996256,Premium,,Uso medio,Adulto
12293,5,5,29.020000000000003,Mateo,Lopez,74,Bogotá,2023-09-20 20:46:37.899474872,Basico,,Uso medio,Adulto Mayor
12294,8,1,3.47,Sofia,Garcia,73,Bogotá,2023-09-21 03:20:55.813953488,Basico,,Uso medio,Adulto Mayor
12295,5,1,31.63,Mateo,Garcia,46,,2023-09-21 09:55:13.728432112,Basico,,Uso medio,Adulto
12296,9,5,23.119999999999997,Carlos,Gomez,32,Bogotá,2023-09-21 16:29:31.642910728,Basico,,Uso medio,Adulto
12297,7,5,34.78,Ana,Torres,52,CDMX,2023-09-21 23:03:49.557389352,Premium,"1,7318E+18",Uso medio,Adulto
12298,4,8,48.57,Carlos,Garcia,64,GDL,2023-09-22 05:38:07.471867968,Premium,,Uso medio,Adulto Mayor
12299,7,4,14.4,Sofia,Garcia,54,Bogotá,2023-09-22 12:12:25.386346592,Premium,,Uso medio,Adulto
12300,3,1,0.22,Sofia,Torres,72,Bogotá,2023-09-22 18:46:43.300825208,Premium,,Bajo uso,Adulto Mayor
12301,7,7,47.5,Carlos,Gomez,29,,2023-09-23 01:21:01.215303832,Basico,,Uso medio,Joven
12302,15,5,23.259999999999998,Mateo,Torres,47,Bogotá,2023-09-23 07:55:19.129782448,Basico,,Alto uso,Adulto
12303,3,2,2.71,Mateo,Gomez,37,Medellín,2023-09-23 14:29:37.044261072,Basico,,Bajo uso,Adulto
12304,2,1,4.09,Mariana,Lopez,54,Bogotá,2023-09-23 21:03:54.958739688,Premium,,Bajo uso,Adulto
12305,2,4,19.790000000000003,Sofia,Gomez,20,Bogotá,2023-09-24 03:38:12.873218304,Basico,"1,73422E+18",Bajo uso,Joven
12306,2,2,5.41,Luis,Lopez,26,Bogotá,2023-09-24 10:12:30.787696928,Premium,,Bajo uso,Joven
12307,2,8,47.78,Mariana,Lopez,75,Bogotá,,Basico,,Uso medio,Adulto Mayor
12308,5,4,18.380000000000003,Mateo,Gomez,58,Bogotá,2023-09-24 23:21:06.616654168,Premium,"1,72791E+18",Uso medio,Adulto
12309,5,8,30.36,Carlos,Ramirez,56,GDL,2023-09-25 05:55:24.531132784,Basico,,Uso medio,Adulto
12310,6,3,12.600000000000001,Mateo,Gomez,43,,2023-09-25 12:29:42.445611408,Basico,,Uso medio,Adulto
12311,2,4,24.23,Carlos,Garcia,19,MTY,2023-09-25 19:04:00.360090024,Premium,,Bajo uso,Joven
12312,6,2,5.12,Mariana,Garcia,40,CDMX,2023-09-26 01:38:18.274568648,Premium,,Uso medio,Adulto
12313,5,7,50.8,Sofia,Ramirez,40,CDMX,2023-09-26 08:12:36.189047264,Basico,,Uso medio,Adulto
12314,5,5,20.84,Mateo,Lopez,76,CDMX,2023-09-26 14:46:54.103525888,Premium,,Uso medio,Adulto Mayor
12315,3,3,34.52,Carlos,Ramirez,38,Bogotá,2023-09-26 21:21:12.018004504,Premium,,Bajo uso,Adulto
12316,6,4,21.04,Sofia,Garcia,33,GDL,2023-09-27 03:55:29.932483120,Basico,,Uso medio,Adulto
12317,3,7,34.95,Luis,Ramirez,26,CDMX,2023-09-27 10:29:47.846961744,Basico,,Uso medio,Joven
12318,6,7,18.89,Carlos,Gomez,30,Bogotá,2023-09-27 17:04:05.761440360,Basico,,Uso medio,Adulto
12319,3,5,22.65,Mariana,Ramirez,45,Medellín,2023-09-27 23:38:23.675918984,Basico,,Uso medio,Adulto
12320,3,4,16.68,Luis,Lopez,44,CDMX,2023-09-28 06:12:41.590397600,Premium,,Bajo uso,Adulto
12321,7,4,13.879999999999999,Luis,Gomez,68,Bogotá,2023-09-28 12:46:59.504876224,Basico,,Uso medio,Adulto Mayor
12322,8,2,4.7,Ana,Torres,69,Medellín,2023-09-28 19:21:17.419354840,Basico,,Uso medio,Adulto Mayor
12323,2,2,6.97,Mateo,Garcia,34,,2023-09-29 01:55:35.333833464,Basico,,Bajo uso,Adulto
12324,5,3,9.52,Carlos,Garcia,55,Medellín,2023-09-29 08:29:53.248312080,Basico,,Uso medio,Adulto
12325,4,7,24.55,Luis,Ramirez,53,GDL,2023-09-29 15:04:11.162790704,Basico,,Uso medio,Adulto
12326,12,7,15.25,Ana,Gomez,18,Medellín,2023-09-29 21:38:29.077269320,Basico,,Alto uso,Joven
12327,5,3,17.979999999999997,Mariana,Torres,35,Bogotá,2023-09-30 04:12:46.991747944,Basico,"1,73483E+18",Uso medio,Adulto
12328,9,2,2.38,Sofia,Gomez,47,GDL,2023-09-30 10:47:04.906226560,Basico,,Uso medio,Adulto
12329,7,4,18.39,Carlos,Garcia,68,,2023-09-30 17:21:22.820705176,Premium,,Uso medio,Adulto Mayor
12330,9,6,28.64,Luis,Gomez,26,Bogotá,2023-09-30 23:55:40.735183800,Basico,,Uso medio,Joven
12331,6,2,9.89,Mateo,Torres,30,,2023-10-01 06:29:58.649662416,Basico,,Uso medio,Adulto
12332,7,6,16.12,Ana,Ramirez,57,Medellín,2023-10-01 13:04:16.564141040,Basico,,Uso medio,Adulto
12333,7,6,31.8,Luis,Lopez,72,Medellín,2023-10-01 19:38:34.478619656,Basico,,Uso medio,Adulto Mayor
12334,6,4,3.29,Mateo,Gomez,62,Medellín,2023-10-02 02:12:52.393098280,Basico,,Uso medio,Adulto Mayor
12335,6,4,11.989999999999998,Luis,Lopez,32,Bogotá,2023-10-02 08:47:10.307576896,Premium,,Uso medio,Adulto
12336,6,5,39.83,Carlos,Garcia,60,Bogotá,2023-10-02 15:21:28.222055520,Basico,,Uso medio,Adulto Mayor
12337,6,3,7.17,Carlos,Ramirez,61,,2023-10-02 21:55:46.136534136,Premium,,Uso medio,Adulto Mayor
12338,8,5,42.879999999999995,Carlos,Ramirez,63,Medellín,2023-10-03 04:30:04.051012760,Basico,,Uso medio,Adulto Mayor
12339,2,4,16.34,Mariana,Gomez,21,,2023-10-03 11:04:21.965491376,Premium,,Bajo uso,Joven
12340,2,5,38.57,Mariana,Ramirez,50,,2023-10-03 17:38:39.879969992,Premium,,Uso medio,Adulto
12341,6,7,26.82,Ana,Gomez,41,,2023-10-04 00:12:57.794448616,Basico,,Uso medio,Adulto
12342,6,5,41.2,Carlos,Gomez,53,Medellín,2023-10-04 06:47:15.708927232,Basico,"1,71893E+18",Uso medio,Adulto
12343,7,6,19.71,Mateo,Lopez,68,Bogotá,2023-10-04 13:21:33.623405856,Basico,,Uso medio,Adulto Mayor
12344,4,7,24.73,Luis,Ramirez,58,CDMX,2023-10-04 19:55:51.537884472,Basico,"1,71815E+18",Uso medio,Adulto
12345,3,3,9.59,Sofia,Gomez,27,Medellín,2023-10-05 02:30:09.452363096,Premium,,Bajo uso,Joven
12346,3,5,8.28,Mateo,Lopez,53,GDL,2023-10-05 09:04:27.366841712,Basico,,Uso medio,Adulto
12347,4,4,11.49,Mariana,Torres,37,GDL,2023-10-05 15:38:45.281320336,Basico,,Bajo uso,Adulto
12348,6,5,39.53,Mariana,Lopez,79,GDL,2023-10-05 22:13:03.195798952,Premium,,Uso medio,Adulto Mayor
12349,6,7,19.1,Mateo,Lopez,58,,2023-10-06 04:47:21.110277576,Premium,"1,71841E+18",Uso medio,Adulto
12350,4,3,21.71,Mariana,Gomez,62,,2023-10-06 11:21:39.024756192,Basico,,Bajo uso,Adulto Mayor
12351,6,3,15.42,Carlos,Garcia,61,Medellín,2023-10-06 17:55:56.939234808,Premium,,Uso medio,Adulto Mayor
12352,3,3,2.46,Ana,Garcia,28,Bogotá,2023-10-07 00:30:14.853713432,Basico,,Bajo uso,Joven
12353,3,8,36.949999999999996,Luis,Garcia,29,Medellín,2023-10-07 07:04:32.768192048,Premium,,Uso medio,Joven
12354,6,6,22.22,Ana,Lopez,79,Medellín,2023-10-07 13:38:50.682670672,Premium,,Uso medio,Adulto Mayor
12355,3,6,32.26,Luis,Gomez,35,Bogotá,2023-10-07 20:13:08.597149288,Premium,,Uso medio,Adulto
12356,4,3,12.649999999999999,Luis,Ramirez,47,MTY,2023-10-08 02:47:26.511627912,Basico,,Bajo uso,Adulto
12357,6,6,15.98,Ana,Lopez,61,MTY,2023-10-08 09:21:44.426106528,Basico,,Uso medio,Adulto Mayor
12358,6,1,2.09,Mateo,Lopez,65,Bogotá,2023-10-08 15:56:02.340585152,Basico,,Uso medio,Adulto Mayor
12359,7,10,66.61,Luis,Gomez,54,Medellín,2023-10-08 22:30:20.255063768,Basico,"1,73491E+18",Alto uso,Adulto
12360,8,6,30.72,Ana,Torres,47,Bogotá,2023-10-09 05:04:38.169542392,Basico,,Uso medio,Adulto
12361,1,4,32.68,Luis,Lopez,37,,2023-10-09 11:38:56.084021008,Premium,,Bajo uso,Adulto
12362,5,7,47.43,Sofia,Torres,42,CDMX,2023-10-09 18:13:13.998499632,Basico,"1,7331E+18",Uso medio,Adulto
12363,4,6,36.730000000000004,Mateo,Torres,29,MTY,2023-10-10 00:47:31.912978248,Basico,"1,71988E+18",Uso medio,Joven
12364,7,6,40.29,Carlos,Garcia,38,Bogotá,2023-10-10 07:21:49.827456864,Premium,,Uso medio,Adulto
12365,7,3,17.42,Luis,Gomez,42,CDMX,2023-10-10 13:56:07.741935488,Premium,,Uso medio,Adulto
12366,7,6,21.05,Sofia,Torres,28,MTY,2023-10-10 20:30:25.656414104,Basico,,Uso medio,Joven
12367,8,6,47.27,Carlos,Gomez,26,GDL,2023-10-11 03:04:43.570892728,Basico,,Uso medio,Joven
12368,4,3,19.5,Carlos,Garcia,79,Bogotá,2023-10-11 09:39:01.485371344,Premium,,Bajo uso,Adulto Mayor
12369,7,4,9.33,Luis,Gomez,67,MTY,2023-10-11 16:13:19.399849968,Premium,,Uso medio,Adulto Mayor
12370,7,7,19.17,Ana,Lopez,79,Medellín,2023-10-11 22:47:37.314328584,Basico,,Uso medio,Adulto Mayor
12371,4,7,39.54,Luis,Torres,47,Bogotá,2023-10-12 05:21:55.228807208,Basico,,Uso medio,Adulto
12372,10,5,38.160000000000004,Sofia,Gomez,42,CDMX,2023-10-12 11:56:13.143285824,Basico,,Alto uso,Adulto
12373,2,3,15.56,Carlos,Ramirez,52,Cali,2023-10-12 18:30:31.057764448,Premium,,Bajo uso,Adulto
12374,2,4,20.86,Luis,Gomez,69,CDMX,2023-10-13 01:04:48.972243064,Basico,"1,72359E+18",Bajo uso,Adulto Mayor
12375,3,3,29.67,Ana,Torres,49,Cali,2023-10-13 07:39:06.886721680,Basico,,Bajo uso,Adulto
12376,12,2,7.47,Luis,Garcia,66,,2023-10-13 14:13:24.801200304,Basico,,Alto uso,Adulto Mayor
12377,5,3,24.96,Mateo,Garcia,31,MTY,2023-10-13 20:47:42.715678920,Premium,,Uso medio,Adulto
12378,5,4,14.209999999999999,Ana,Torres,18,,2023-10-14 03:22:00.630157544,Basico,,Uso medio,Joven
12379,6,3,14.030000000000001,Sofia,Lopez,34,Cali,2023-10-14 09:56:18.544636160,Basico,,Uso medio,Adulto
12380,6,5,8.5,Carlos,Lopez,42,,2023-10-14 16:30:36.459114784,Premium,,Uso medio,Adulto
12381,2,3,10.92,Luis,Garcia,76,Medellín,2023-10-14 23:04:54.373593400,Basico,,Bajo uso,Adulto Mayor
12382,9,6,33.82,Ana,Garcia,25,GDL,2023-10-15 05:39:12.288072024,Basico,,Uso medio,Joven
12383,8,7,29.45,Mateo,Torres,22,,2023-10-15 12:13:30.202550640,Premium,,Uso medio,Joven
12384,5,6,29.69,Ana,Lopez,22,GDL,2023-10-15 18:47:48.117029264,Basico,,Uso medio,Joven
12385,9,2,6.18,Mariana,Garcia,58,GDL,2023-10-16 01:22:06.031507880,Premium,,Uso medio,Adulto
12386,7,5,34.11,Mateo,Lopez,52,GDL,2023-10-16 07:56:23.945986496,Basico,,Uso medio,Adulto
12387,5,1,1.4,Sofia,Garcia,36,MTY,2023-10-16 14:30:41.860465120,Basico,,Uso medio,Adulto
12388,2,1,9.64,Carlos,Gomez,40,Bogotá,2023-10-16 21:04:59.774943736,Premium,,Bajo uso,Adulto
12389,0,9,27.39,Sofia,Ramirez,26,Medellín,2023-10-17 03:39:17.689422360,Basico,,Uso medio,Joven
12390,6,5,38.76,Luis,Gomez,71,,2023-10-17 10:13:35.603900976,Premium,,Uso medio,Adulto Mayor
12391,4,6,12.540000000000001,Ana,Garcia,47,CDMX,2023-10-17 16:47:53.518379600,Basico,,Uso medio,Adulto
12392,4,1,3.29,Mariana,Ramirez,67,,2023-10-17 23:22:11.432858216,Basico,,Bajo uso,Adulto Mayor
12393,4,0,0.0,Mateo,Ramirez,33,,2023-10-18 05:56:29.347336840,Premium,,Bajo uso,Adulto
12394,3,5,22.34,Mateo,Garcia,50,CDMX,2023-10-18 12:30:47.261815456,Basico,,Uso medio,Adulto
12395,5,4,12.43,Ana,Garcia,19,MTY,2023-10-18 19:05:05.176294080,Basico,,Uso medio,Joven
12396,6,3,11.17,Mariana,Lopez,31,Cali,2023-10-19 01:39:23.090772696,Basico,,Uso medio,Adulto
12397,5,2,4.88,Ana,Garcia,63,Medellín,2023-10-19 08:13:41.005251320,Basico,,Uso medio,Adulto Mayor
12398,7,8,38.699999999999996,Luis,Torres,18,Cali,2023-10-19 14:47:58.919729936,Premium,,Uso medio,Joven
12399,7,5,78.6,Sofia,Garcia,43,Medellín,2023-10-19 21:22:16.834208552,Premium,,Uso medio,Adulto
12400,4,4,35.91,Mateo,Torres,75,Bogotá,2023-10-20 03:56:34.748687176,Premium,,Bajo uso,Adulto Mayor
12401,6,1,0.14,Luis,Garcia,42,CDMX,2023-10-20 10:30:52.663165792,Premium,"1,72524E+18",Uso medio,Adulto
12402,2,2,10.96,Sofia,Lopez,33,Bogotá,2023-10-20 17:05:10.577644416,Basico,,Bajo uso,Adulto
12403,4,3,5.94,Luis,Torres,32,CDMX,2023-10-20 23:39:28.492123032,Basico,,Bajo uso,Adulto
12404,5,8,17.2,Mariana,Gomez,43,Medellín,2023-10-21 06:13:46.406601656,Premium,,Uso medio,Adulto
12405,9,4,22.71,Mateo,Torres,64,Cali,2023-10-21 12:48:04.321080272,Basico,,Uso medio,Adulto Mayor
12406,5,3,14.64,Ana,Lopez,61,Bogotá,2023-10-21 19:22:22.235558896,Basico,,Uso medio,Adulto Mayor
12407,1,5,25.93,Ana,Torres,33,,2023-10-22 01:56:40.150037512,Premium,,Uso medio,Adulto
12408,8,4,24.39,Sofia,Garcia,31,Bogotá,2023-10-22 08:30:58.064516136,Basico,,Uso medio,Adulto
12409,8,1,7.33,Carlos,Garcia,46,Medellín,2023-10-22 15:05:15.978994752,Basico,"1,71962E+18",Uso medio,Adulto
12410,6,4,19.79,Mariana,Lopez,41,Medellín,2023-10-22 21:39:33.893473368,Basico,,Uso medio,Adulto
12411,3,4,10.76,Sofia,Ramirez,64,,2023-10-23 04:13:51.807951992,Premium,"1,72446E+18",Bajo uso,Adulto Mayor
12412,1,7,19.939999999999998,Carlos,Garcia,72,Medellín,2023-10-23 10:48:09.722430608,Basico,,Uso medio,Adulto Mayor
12413,4,6,13.51,Luis,Gomez,32,CDMX,2023-10-23 17:22:27.636909232,Basico,,Uso medio,Adulto
12414,3,3,18.27,Mariana,Lopez,36,,2023-10-23 23:56:45.551387848,Premium,,Bajo uso,Adulto
12415,4,5,129.75,Luis,Torres,25,Medellín,2023-10-24 06:31:03.465866472,Premium,,Uso medio,Joven
12416,7,6,15.25,Mateo,Torres,51,CDMX,2023-10-24 13:05:21.380345088,Premium,"1,73344E+18",Uso medio,Adulto
12417,6,5,42.6,Mariana,Gomez,19,Medellín,2023-10-24 19:39:39.294823712,Basico,,Uso medio,Joven
12418,7,7,49.8,Carlos,Garcia,44,,2023-10-25 02:13:57.209302328,Basico,,Uso medio,Adulto
12419,4,5,17.37,Mateo,Lopez,27,Bogotá,2023-10-25 08:48:15.123780952,Basico,,Uso medio,Joven
12420,5,4,31.98,Ana,Gomez,52,MTY,2023-10-25 15:22:33.038259568,Basico,,Uso medio,Adulto
12421,5,5,28.1,Carlos,Garcia,40,Cali,2023-10-25 21:56:50.952738184,Basico,,Uso medio,Adulto
12422,5,7,29.11,Sofia,Lopez,66,Cali,2023-10-26 04:31:08.867216808,Basico,"1,73042E+18",Uso medio,Adulto Mayor
12423,9,6,65.84,Ana,Torres,25,Bogotá,2023-10-26 11:05:26.781695424,Basico,,Uso medio,Joven
12424,11,6,24.740000000000002,Ana,Lopez,45,CDMX,2023-10-26 17:39:44.696174048,Premium,"1,72515E+18",Alto uso,Adulto
12425,9,6,29.71,Sofia,Ramirez,40,GDL,2023-10-27 00:14:02.610652664,Premium,,Uso medio,Adulto
12426,1,6,32.02,Mariana,Lopez,21,Medellín,2023-10-27 06:48:20.525131288,Basico,,Uso medio,Joven
12427,8,4,7.99,Ana,Ramirez,31,Cali,2023-10-27 13:22:38.439609904,Basico,,Uso medio,Adulto
12428,8,5,31.509999999999998,Carlos,Lopez,47,GDL,2023-10-27 19:56:56.354088528,Basico,,Uso medio,Adulto
12429,8,7,31.189999999999998,Mateo,Ramirez,70,MTY,2023-10-28 02:31:14.268567144,Basico,,Uso medio,Adulto Mayor
12430,6,6,26.089999999999996,Ana,Torres,59,CDMX,2023-10-28 09:05:32.183045768,Basico,,Uso medio,Adulto
12431,4,3,2.8600000000000003,Carlos,Garcia,46,Medellín,2023-10-28 15:39:50.097524384,Basico,"1,73172E+18",Bajo uso,Adulto
12432,6,2,11.11,Luis,Ramirez,18,CDMX,2023-10-28 22:14:08.012003008,Premium,,Uso medio,Joven
12433,8,3,5.319999999999999,Carlos,Ramirez,21,CDMX,2023-10-29 04:48:25.926481624,Premium,,Uso medio,Joven
12434,1,2,44.43,Mateo,Torres,47,CDMX,2023-10-29 11:22:43.840960240,Basico,,Bajo uso,Adulto
12435,5,4,19.78,Carlos,Ramirez,49,Medellín,2023-10-29 17:57:01.755438864,Premium,,Uso medio,Adulto
12436,3,3,19.82,Sofia,Gomez,50,Bogotá,2023-10-30 00:31:19.669917480,Premium,,Bajo uso,Adulto
12437,4,6,27.479999999999997,Mateo,Torres,66,GDL,2023-10-30 07:05:37.584396104,Premium,,Uso medio,Adulto Mayor
12438,4,6,28.03,Mariana,Gomez,43,,2023-10-30 13:39:55.498874720,Basico,,Uso medio,Adulto
12439,4,4,16.119999999999997,Luis,Torres,34,GDL,2023-10-30 20:14:13.413353344,Basico,"1,71832E+18",Bajo uso,Adulto
12440,2,7,32.51,Sofia,Ramirez,56,MTY,2023-10-31 02:48:31.327831960,Premium,,Uso medio,Adulto
12441,6,7,41.910000000000004,Mariana,Gomez,40,,2023-10-31 09:22:49.242310584,Basico,,Uso medio,Adulto
12442,1,6,12.34,Carlos,Ramirez,49,Bogotá,2023-10-31 15:57:07.156789200,Premium,,Uso medio,Adulto
12443,10,4,28.77,Mateo,Torres,69,Bogotá,2023-10-31 22:31:25.071267824,Premium,,Alto uso,Adulto Mayor
12444,4,2,8.75,Luis,Ramirez,32,CDMX,2023-11-01 05:05:42.985746440,Premium,,Bajo uso,Adulto
12445,4,6,32.74,Sofia,Gomez,30,Cali,2023-11-01 11:40:00.900225056,Basico,,Uso medio,Adulto
12446,6,6,9.48,Mariana,Gomez,77,Bogotá,2023-11-01 18:14:18.814703680,Basico,,Uso medio,Adulto Mayor
12447,4,5,10.68,Mariana,Ramirez,19,Cali,2023-11-02 00:48:36.729182296,Premium,,Uso medio,Joven
12448,1,1,1.75,Luis,Lopez,77,GDL,2023-11-02 07:22:54.643660920,Premium,,Bajo uso,Adulto Mayor
12449,5,4,28.69,Carlos,Torres,36,Bogotá,2023-11-02 13:57:12.558139536,Basico,,Uso medio,Adulto
12450,5,5,18.68,Luis,Torres,41,Cali,2023-11-02 20:31:30.472618160,Premium,,Uso medio,Adulto
12451,4,9,51.35,Mariana,Ramirez,62,,2023-11-03 03:05:48.387096776,Premium,,Uso medio,Adulto Mayor
12452,4,6,8.36,Ana,Lopez,41,CDMX,2023-11-03 09:40:06.301575400,Basico,,Uso medio,Adulto
12453,6,8,41.07,Sofia,Gomez,28,Cali,2023-11-03 16:14:24.216054016,Premium,,Uso medio,Joven
12454,11,4,1.17,Luis,Garcia,76,MTY,2023-11-03 22:48:42.130532640,Basico,"1,7318E+18",Alto uso,Adulto Mayor
12455,4,2,1.66,Mariana,Garcia,39,Bogotá,2023-11-04 05:23:00.045011256,Basico,,Bajo uso,Adulto
12456,3,1,5.45,Carlos,Ramirez,32,GDL,2023-11-04 11:57:17.959489872,Basico,,Bajo uso,Adulto
12457,8,7,24.25,Mariana,Lopez,27,Medellín,2023-11-04 18:31:35.873968496,Premium,,Uso medio,Joven
12458,6,7,42.32,Carlos,Lopez,58,MTY,2023-11-05 01:05:53.788447112,Premium,,Uso medio,Adulto
12459,1,2,14.01,Luis,Torres,44,MTY,2023-11-05 07:40:11.702925736,Basico,,Bajo uso,Adulto
12460,10,6,29.64,Carlos,Gomez,77,CDMX,2023-11-05 14:14:29.617404352,Premium,,Alto uso,Adulto Mayor
12461,4,5,49.35,Mateo,Lopez,26,CDMX,2023-11-05 20:48:47.531882976,Premium,,Uso medio,Joven
12462,7,6,48.519999999999996,Mateo,Garcia,69,,2023-11-06 03:23:05.446361592,Premium,,Uso medio,Adulto Mayor
12463,10,2,11.92,Mateo,Gomez,45,,2023-11-06 09:57:23.360840216,Basico,,Alto uso,Adulto
12464,6,6,53.85,Ana,Gomez,18,Cali,2023-11-06 16:31:41.275318832,Basico,,Uso medio,Joven
12465,7,5,26.93,Luis,Ramirez,34,GDL,2023-11-06 23:05:59.189797456,Basico,"1,71755E+18",Uso medio,Adulto
12466,7,1,6.19,Mariana,Lopez,48,Bogotá,2023-11-07 05:40:17.104276072,Premium,,Uso medio,Adulto
12467,6,4,9.41,Mariana,Ramirez,61,Medellín,2023-11-07 12:14:35.018754688,Basico,,Uso medio,Adulto Mayor
12468,8,4,17.77,Ana,Lopez,27,,2023-11-07 18:48:52.933233312,Premium,,Uso medio,Joven
12469,10,4,8.78,Carlos,Torres,47,Bogotá,2023-11-08 01:23:10.847711928,Premium,,Alto uso,Adulto
12470,4,6,47.39,Ana,Ramirez,54,Cali,2023-11-08 07:57:28.762190552,Premium,,Uso medio,Adulto
12471,10,5,24.53,Carlos,Ramirez,79,,2023-11-08 14:31:46.676669168,Premium,"1,71737E+18",Alto uso,Adulto Mayor
12472,6,7,141.37,Carlos,Garcia,46,,2023-11-08 21:06:04.591147792,Basico,"1,71919E+18",Uso medio,Adulto
12473,7,3,23.630000000000003,Sofia,Ramirez,35,GDL,2023-11-09 03:40:22.505626408,Premium,,Uso medio,Adulto
12474,5,3,15.86,Mariana,Lopez,64,CDMX,2023-11-09 10:14:40.420105032,Basico,,Uso medio,Adulto Mayor
12475,7,4,8.49,Mateo,Garcia,55,Bogotá,,Premium,,Uso medio,Adulto
12476,4,4,14.959999999999999,Carlos,Ramirez,56,Bogotá,2023-11-09 23:23:16.249062272,Premium,,Bajo uso,Adulto
12477,4,3,8.4,Sofia,Ramirez,66,GDL,2023-11-10 05:57:34.163540888,Premium,,Bajo uso,Adulto Mayor
12478,6,6,10.18,Mariana,Torres,23,GDL,2023-11-10 12:31:52.078019512,Premium,"1,72074E+18",Uso medio,Joven
12479,9,7,24.13,Mateo,Ramirez,57,Cali,2023-11-10 19:06:09.992498128,Basico,,Uso medio,Adulto
12480,3,2,7.0600000000000005,Carlos,Gomez,29,Bogotá,2023-11-11 01:40:27.906976744,Basico,,Bajo uso,Joven
12481,3,5,36.56,Carlos,Garcia,70,MTY,2023-11-11 08:14:45.821455368,Premium,,Uso medio,Adulto Mayor
12482,6,4,14.15,Ana,Gomez,31,Medellín,2023-11-11 14:49:03.735933984,Basico,,Uso medio,Adulto
12483,3,2,3.6100000000000003,Ana,Garcia,61,Medellín,2023-11-11 21:23:21.650412608,Basico,,Bajo uso,Adulto Mayor
12484,5,4,31.660000000000004,Mariana,Torres,72,Cali,2023-11-12 03:57:39.564891224,Basico,"1,71763E+18",Uso medio,Adulto Mayor
12485,5,2,4.949999999999999,Mateo,Ramirez,27,CDMX,2023-11-12 10:31:57.479369848,Basico,,Uso medio,Joven
12486,3,7,24.86,Carlos,Ramirez,71,Medellín,2023-11-12 17:06:15.393848464,Basico,,Uso medio,Adulto Mayor
12487,8,3,24.58,Mariana,Ramirez,37,Bogotá,2023-11-12 23:40:33.308327088,Premium,,Uso medio,Adulto
12488,2,7,18.88,Mariana,Garcia,32,CDMX,2023-11-13 06:14:51.222805704,Basico,,Uso medio,Adulto
12489,7,6,37.269999999999996,Luis,Ramirez,48,Cali,2023-11-13 12:49:09.137284328,Basico,,Uso medio,Adulto
12490,6,6,16.84,Ana,Gomez,24,MTY,2023-11-13 19:23:27.051762944,Premium,,Uso medio,Joven
12491,3,7,29.060000000000002,Mateo,Ramirez,75,MTY,2023-11-14 01:57:44.966241560,Basico,"1,71737E+18",Uso medio,Adulto Mayor
12492,7,12,50.02,Carlos,Torres,58,Bogotá,2023-11-14 08:32:02.880720184,Basico,"1,72644E+18",Alto uso,Adulto
12493,7,6,13.81,Mariana,Gomez,27,MTY,2023-11-14 15:06:20.795198800,Premium,,Uso medio,Joven
12494,5,5,49.32,Carlos,Ramirez,27,MTY,2023-11-14 21:40:38.709677424,Premium,,Uso medio,Joven
12495,5,4,8.95,Luis,Ramirez,65,Cali,2023-11-15 04:14:56.624156040,Basico,,Uso medio,Adulto Mayor
12496,4,5,19.44,Mateo,Lopez,78,CDMX,2023-11-15 10:49:14.538634664,Premium,"1,72428E+18",Uso medio,Adulto Mayor
12497,5,3,25.740000000000002,Mariana,Garcia,56,,2023-11-15 17:23:32.453113280,Premium,,Uso medio,Adulto
12498,9,4,8.8,Carlos,Gomez,45,Bogotá,2023-11-15 23:57:50.367591904,Basico,,Uso medio,Adulto
12499,1,4,26.689999999999998,Ana,Lopez,47,GDL,2023-11-16 06:32:08.282070520,Basico,,Bajo uso,Adulto
12500,9,2,20.64,Luis,Torres,54,CDMX,2023-11-16 13:06:26.196549144,Premium,,Uso medio,Adulto
12501,3,1,3.1,Mateo,Garcia,72,Bogotá,2023-11-16 19:40:44.111027760,Basico,,Bajo uso,Adulto Mayor
12502,2,6,51.97,Luis,Gomez,20,Medellín,2023-11-17 02:15:02.025506376,Basico,,Uso medio,Joven
12503,8,7,38.660000000000004,Ana,Ramirez,67,CDMX,2023-11-17 08:49:19.939985000,Premium,,Uso medio,Adulto Mayor
12504,2,5,12.639999999999999,Mateo,Gomez,60,GDL,2023-11-17 15:23:37.854463616,Basico,,Uso medio,Adulto Mayor
12505,5,5,12.36,Luis,Ramirez,32,Cali,2023-11-17 21:57:55.768942240,Basico,,Uso medio,Adulto
12506,9,6,26.48,Sofia,Garcia,38,CDMX,2023-11-18 04:32:13.683420856,Basico,"1,728E+18",Uso medio,Adulto
12507,6,1,12.3,Ana,Ramirez,69,,2023-11-18 11:06:31.597899480,Premium,,Uso medio,Adulto Mayor
12508,5,3,16.07,Ana,Torres,54,Medellín,2023-11-18 17:40:49.512378096,Basico,"1,72048E+18",Uso medio,Adulto
12509,4,5,28.32,Ana,Ramirez,73,Bogotá,2023-11-19 00:15:07.426856720,Basico,,Uso medio,Adulto Mayor
12510,1,5,19.509999999999998,Sofia,Torres,29,MTY,2023-11-19 06:49:25.341335336,Basico,,Uso medio,Joven
12511,6,11,48.75,Sofia,Garcia,21,CDMX,2023-11-19 13:23:43.255813960,Basico,"1,73146E+18",Alto uso,Joven
12512,4,3,22.78,Carlos,Garcia,64,Cali,2023-11-19 19:58:01.170292576,Premium,,Bajo uso,Adulto Mayor
12513,6,5,16.71,Mariana,Gomez,26,CDMX,2023-11-20 02:32:19.084771200,Premium,,Uso medio,Joven
12514,1,6,10.950000000000001,Luis,Torres,56,MTY,2023-11-20 09:06:36.999249816,Basico,,Uso medio,Adulto
12515,5,7,52.61,Carlos,Torres,59,Bogotá,2023-11-20 15:40:54.913728432,Premium,,Uso medio,Adulto
12516,3,8,33.26,Luis,Lopez,78,GDL,2023-11-20 22:15:12.828207056,Premium,,Uso medio,Adulto Mayor
12517,4,3,15.66,Mariana,Lopez,45,Bogotá,2023-11-21 04:49:30.742685672,Premium,,Bajo uso,Adulto
12518,3,5,20.51,Sofia,Lopez,40,Cali,2023-11-21 11:23:48.657164296,Basico,,Uso medio,Adulto
12519,4,10,30.13,Mariana,Ramirez,47,Bogotá,2023-11-21 17:58:06.571642912,Basico,,Alto uso,Adulto
12520,8,8,20.94,Sofia,Lopez,62,,2023-11-22 00:32:24.486121536,Premium,"1,721E+18",Uso medio,Adulto Mayor
12521,5,3,29.21,Mariana,Torres,78,Cali,2023-11-22 07:06:42.400600152,Basico,"1,73448E+18",Uso medio,Adulto Mayor
12522,6,6,14.74,Carlos,Ramirez,57,MTY,2023-11-22 13:41:00.315078776,Basico,,Uso medio,Adulto
12523,1,4,10.93,Mateo,Garcia,61,MTY,2023-11-22 20:15:18.229557392,Basico,,Bajo uso,Adulto Mayor
12524,4,6,39.47,Carlos,Gomez,39,Bogotá,2023-11-23 02:49:36.144036016,Premium,,Uso medio,Adulto
12525,5,1,0.32,Luis,Lopez,41,Medellín,2023-11-23 09:23:54.058514632,Basico,,Uso medio,Adulto
12526,4,9,35.57,Carlos,Garcia,68,GDL,2023-11-23 15:58:11.972993248,Basico,,Uso medio,Adulto Mayor
12527,8,9,44.35,Ana,Torres,75,,2023-11-23 22:32:29.887471872,Basico,,Uso medio,Adulto Mayor
12528,5,3,37.82,Luis,Gomez,43,Medellín,2023-11-24 05:06:47.801950488,Premium,,Uso medio,Adulto
12529,4,6,27.38,Mariana,Garcia,47,MTY,2023-11-24 11:41:05.716429112,Basico,"1,72584E+18",Uso medio,Adulto
12530,6,4,10.89,Luis,Gomez,50,Medellín,2023-11-24 18:15:23.630907728,Basico,,Uso medio,Adulto
12531,3,4,15.39,Mateo,Lopez,33,MTY,2023-11-25 00:49:41.545386352,Basico,,Bajo uso,Adulto
12532,7,2,7.470000000000001,Sofia,Torres,39,Cali,2023-11-25 07:23:59.459864968,Basico,,Uso medio,Adulto
12533,5,7,19.14,Mariana,Gomez,66,Bogotá,2023-11-25 13:58:17.374343592,Basico,,Uso medio,Adulto Mayor
12534,5,2,3.72,Luis,Garcia,74,CDMX,2023-11-25 20:32:35.288822208,Basico,,Uso medio,Adulto Mayor
12535,9,5,23.73,Mariana,Lopez,79,CDMX,2023-11-26 03:06:53.203300832,Premium,"1,73431E+18",Uso medio,Adulto Mayor
12536,7,3,19.66,Mariana,Lopez,67,,2023-11-26 09:41:11.117779448,Basico,,Uso medio,Adulto Mayor
12537,5,0,0.0,Mariana,Garcia,60,Bogotá,2023-11-26 16:15:29.032258064,Premium,,Uso medio,Adulto Mayor
12538,7,3,10.01,Sofia,Garcia,35,,2023-11-26 22:49:46.946736688,Basico,"1,73457E+18",Uso medio,Adulto
12539,3,0,0.0,Carlos,Gomez,24,CDMX,2023-11-27 05:24:04.861215304,Basico,,Bajo uso,Joven
12540,6,4,20.130000000000003,Mariana,Ramirez,67,GDL,2023-11-27 11:58:22.775693928,Basico,,Uso medio,Adulto Mayor
12541,5,5,30.46,Ana,Lopez,43,GDL,2023-11-27 18:32:40.690172544,Basico,,Uso medio,Adulto
12542,7,7,46.769999999999996,Mateo,Gomez,25,Bogotá,2023-11-28 01:06:58.604651168,Basico,"1,73068E+18",Uso medio,Joven
12543,4,4,12.17,Sofia,Garcia,23,MTY,2023-11-28 07:41:16.519129784,Basico,"1,73275E+18",Bajo uso,Joven
12544,6,5,27.95,Luis,Gomez,47,CDMX,2023-11-28 14:15:34.433608408,Premium,,Uso medio,Adulto
12545,3,6,28.560000000000002,Sofia,Garcia,56,Medellín,2023-11-28 20:49:52.348087024,Basico,,Uso medio,Adulto
12546,6,2,20.16,Luis,Torres,40,Bogotá,2023-11-29 03:24:10.262565648,Basico,,Uso medio,Adulto
12547,7,5,22.98,Sofia,Garcia,49,GDL,2023-11-29 09:58:28.177044264,Basico,,Uso medio,Adulto
12548,4,4,23.17,Luis,Garcia,39,Bogotá,2023-11-29 16:32:46.091522888,Basico,,Bajo uso,Adulto
12549,3,11,65.79,Mariana,Garcia,59,Medellín,2023-11-29 23:07:04.006001504,Basico,,Alto uso,Adulto
12550,9,6,17.44,Carlos,Ramirez,60,GDL,2023-11-30 05:41:21.920480120,Basico,,Uso medio,Adulto Mayor
12551,9,5,27.52,Luis,Garcia,74,GDL,2023-11-30 12:15:39.834958744,Basico,,Uso medio,Adulto Mayor
12552,7,8,50.81,Luis,Lopez,62,MTY,2023-11-30 18:49:57.749437360,Basico,,Uso medio,Adulto Mayor
12553,6,6,34.09,Ana,Lopez,26,Medellín,2023-12-01 01:24:15.663915984,Basico,,Uso medio,Joven
12554,5,5,12.84,Luis,Gomez,48,Cali,2023-12-01 07:58:33.578394600,Basico,"1,73379E+18",Uso medio,Adulto
12555,1,5,32.15,Ana,Ramirez,24,MTY,2023-12-01 14:32:51.492873224,Basico,,Uso medio,Joven
12556,7,10,34.699999999999996,Mateo,Gomez,26,GDL,2023-12-01 21:07:09.407351840,Basico,,Alto uso,Joven
12557,3,4,29.92,Mariana,Lopez,30,,2023-12-02 03:41:27.321830464,Basico,,Bajo uso,Adulto
12558,7,3,13.72,Ana,Lopez,75,,2023-12-02 10:15:45.236309080,Basico,,Uso medio,Adulto Mayor
12559,2,4,9.31,Carlos,Torres,20,Medellín,2023-12-02 16:50:03.150787704,Basico,,Bajo uso,Joven
12560,3,5,18.07,Mariana,Garcia,52,,2023-12-02 23:24:21.065266320,Basico,,Uso medio,Adulto
12561,4,4,14.719999999999999,Ana,Lopez,50,Medellín,2023-12-03 05:58:38.979744936,Basico,"1,71979E+18",Bajo uso,Adulto
12562,8,6,34.64,Mariana,Gomez,38,Medellín,2023-12-03 12:32:56.894223560,Basico,,Uso medio,Adulto
12563,6,7,19.27,Mariana,Gomez,48,MTY,2023-12-03 19:07:14.808702176,Basico,"1,73448E+18",Uso medio,Adulto
12564,7,9,35.599999999999994,Mariana,Garcia,69,Bogotá,2023-12-04 01:41:32.723180800,Basico,,Uso medio,Adulto Mayor
12565,7,5,35.75,Mateo,Garcia,51,CDMX,2023-12-04 08:15:50.637659416,Basico,,Uso medio,Adulto
12566,9,5,18.75,Carlos,Torres,49,Cali,2023-12-04 14:50:08.552138040,Premium,,Uso medio,Adulto
12567,9,4,11.969999999999999,Sofia,Ramirez,74,,2023-12-04 21:24:26.466616656,Premium,,Uso medio,Adulto Mayor
12568,4,3,7.84,Sofia,Gomez,52,Medellín,2023-12-05 03:58:44.381095280,Basico,,Bajo uso,Adulto
12569,4,5,20.259999999999998,Ana,Garcia,32,MTY,2023-12-05 10:33:02.295573896,Premium,,Uso medio,Adulto
12570,5,5,4.96,Mariana,Gomez,73,CDMX,2023-12-05 17:07:20.210052520,Basico,,Uso medio,Adulto Mayor
12571,4,0,0.0,Ana,Garcia,49,GDL,2023-12-05 23:41:38.124531136,Basico,,Bajo uso,Adulto
12572,2,4,26.93,Mateo,Lopez,23,GDL,2023-12-06 06:15:56.039009752,Premium,,Bajo uso,Joven
12573,4,3,21.45,Mateo,Gomez,79,Medellín,2023-12-06 12:50:13.953488376,Premium,,Bajo uso,Adulto Mayor
12574,10,4,15.8,Luis,Lopez,62,,2023-12-06 19:24:31.867966992,Premium,,Alto uso,Adulto Mayor
12575,6,3,16.63,Mateo,Gomez,38,CDMX,2023-12-07 01:58:49.782445616,Basico,,Uso medio,Adulto
12576,5,4,8.59,Luis,Ramirez,50,CDMX,2023-12-07 08:33:07.696924232,Basico,"1,7267E+18",Uso medio,Adulto
12577,7,4,20.759999999999998,Carlos,Torres,49,Medellín,2023-12-07 15:07:25.611402856,Basico,"1,72238E+18",Uso medio,Adulto
12578,3,4,28.749999999999996,Ana,Lopez,69,GDL,2023-12-07 21:41:43.525881472,Basico,,Bajo uso,Adulto Mayor
12579,2,8,39.21,Carlos,Garcia,36,,2023-12-08 04:16:01.440360096,Basico,,Uso medio,Adulto
12580,5,2,11.629999999999999,Mateo,Ramirez,50,MTY,2023-12-08 10:50:19.354838712,Premium,,Uso medio,Adulto
12581,4,5,16.990000000000002,Carlos,Gomez,45,GDL,2023-12-08 17:24:37.269317336,Basico,"1,72394E+18",Uso medio,Adulto
12582,5,2,10.98,Carlos,Lopez,48,GDL,2023-12-08 23:58:55.183795952,Basico,,Uso medio,Adulto
12583,3,2,14.790000000000001,Carlos,Gomez,38,CDMX,2023-12-09 06:33:13.098274576,Basico,,Bajo uso,Adulto
12584,3,4,18.46,Mateo,Gomez,71,Bogotá,2023-12-09 13:07:31.012753192,Basico,,Bajo uso,Adulto Mayor
12585,11,6,26.29,Mariana,Gomez,51,CDMX,2023-12-09 19:41:48.927231808,Basico,,Alto uso,Adulto
12586,5,6,43.05,Carlos,Torres,32,Bogotá,2023-12-10 02:16:06.841710432,Premium,,Uso medio,Adulto
12587,5,4,32.46,Luis,Torres,31,Bogotá,2023-12-10 08:50:24.756189048,Basico,,Uso medio,Adulto
12588,2,5,14.93,Mateo,Garcia,36,CDMX,2023-12-10 15:24:42.670667672,Basico,,Uso medio,Adulto
12589,4,3,19.42,Carlos,Lopez,60,CDMX,2023-12-10 21:59:00.585146288,Premium,,Bajo uso,Adulto Mayor
12590,6,4,12.01,Mariana,Ramirez,79,Bogotá,2023-12-11 04:33:18.499624912,Premium,,Uso medio,Adulto Mayor
12591,5,2,8.39,Mateo,Ramirez,32,Medellín,2023-12-11 11:07:36.414103528,Premium,,Uso medio,Adulto
12592,6,7,29.349999999999998,Sofia,Ramirez,23,,2023-12-11 17:41:54.328582152,Premium,,Uso medio,Joven
12593,5,9,36.43,Mariana,Gomez,69,CDMX,2023-12-12 00:16:12.243060768,Basico,,Uso medio,Adulto Mayor
12594,4,6,22.01,Luis,Torres,26,CDMX,2023-12-12 06:50:30.157539392,Premium,,Uso medio,Joven
12595,11,1,0.88,Carlos,Lopez,54,CDMX,2023-12-12 13:24:48.072018008,Basico,,Alto uso,Adulto
12596,7,7,21.65,Sofia,Gomez,37,Bogotá,2023-12-12 19:59:05.986496624,Premium,,Uso medio,Adulto
12597,6,3,4.529999999999999,Sofia,Torres,51,Medellín,2023-12-13 02:33:23.900975248,Premium,,Uso medio,Adulto
12598,5,7,39.98,Mateo,Torres,55,Cali,2023-12-13 09:07:41.815453864,Basico,,Uso medio,Adulto
12599,7,3,8.879999999999999,Sofia,Lopez,43,Medellín,2023-12-13 15:41:59.729932488,Basico,,Uso medio,Adulto
12600,4,4,7.93,Luis,Lopez,35,GDL,2023-12-13 22:16:17.644411104,Basico,,Bajo uso,Adulto
12601,2,2,4.46,Luis,Lopez,45,Bogotá,2023-12-14 04:50:35.558889728,Premium,,Bajo uso,Adulto
12602,3,5,19.91,Ana,Gomez,78,,2023-12-14 11:24:53.473368344,Basico,,Uso medio,Adulto Mayor
12603,4,6,52.04,Luis,Garcia,72,MTY,2023-12-14 17:59:11.387846968,Premium,,Uso medio,Adulto Mayor
12604,4,9,49.25,Mariana,Lopez,68,Bogotá,2023-12-15 00:33:29.302325584,Basico,,Uso medio,Adulto Mayor
12605,6,5,34.09,Sofia,Garcia,26,,2023-12-15 07:07:47.216804208,Basico,,Uso medio,Joven
12606,7,6,35.35,Luis,Gomez,49,Medellín,2023-12-15 13:42:05.131282824,Premium,,Uso medio,Adulto
12607,6,4,42.81,Mateo,Garcia,76,Medellín,2023-12-15 20:16:23.045761440,Basico,,Uso medio,Adulto Mayor
12608,4,5,18.9,Ana,Ramirez,70,GDL,2023-12-16 02:50:40.960240064,Basico,,Uso medio,Adulto Mayor
12609,5,5,38.78,Sofia,Garcia,73,Bogotá,2023-12-16 09:24:58.874718680,Basico,,Uso medio,Adulto Mayor
12610,9,1,0.18,Ana,Lopez,76,CDMX,2023-12-16 15:59:16.789197304,Premium,,Uso medio,Adulto Mayor
12611,8,3,12.56,Sofia,Gomez,23,Medellín,2023-12-16 22:33:34.703675920,Premium,"1,72394E+18",Uso medio,Joven
12612,3,8,54.879999999999995,Mateo,Lopez,31,CDMX,2023-12-17 05:07:52.618154544,Premium,,Uso medio,Adulto
12613,3,4,20.23,Ana,Ramirez,45,Cali,2023-12-17 11:42:10.532633160,Premium,,Bajo uso,Adulto
12614,2,7,27.240000000000002,Carlos,Lopez,75,Cali,2023-12-17 18:16:28.447111784,Basico,,Uso medio,Adulto Mayor
12615,4,7,52.55,Mariana,Lopez,41,Bogotá,2023-12-18 00:50:46.361590400,Basico,"1,72705E+18",Uso medio,Adulto
12616,2,5,24.9,Mariana,Lopez,78,CDMX,2023-12-18 07:25:04.276069024,Basico,,Uso medio,Adulto Mayor
12617,5,6,30.22,Sofia,Torres,30,CDMX,2023-12-18 13:59:22.190547640,Basico,,Uso medio,Adulto
12618,4,4,8.94,Carlos,Ramirez,60,Cali,2023-12-18 20:33:40.105026264,Basico,,Bajo uso,Adulto Mayor
12619,7,4,18.97,Ana,Lopez,29,Medellín,2023-12-19 03:07:58.019504880,Basico,,Uso medio,Joven
12620,4,2,2.3600000000000003,Carlos,Lopez,68,Medellín,2023-12-19 09:42:15.933983496,Basico,,Bajo uso,Adulto Mayor
12621,4,4,18.48,Carlos,Lopez,36,MTY,2023-12-19 16:16:33.848462120,Basico,,Bajo uso,Adulto
12622,6,3,18.939999999999998,Ana,Gomez,38,Bogotá,2023-12-19 22:50:51.762940736,Premium,"1,73396E+18",Uso medio,Adulto
12623,3,3,14.86,Mateo,Torres,44,Medellín,2023-12-20 05:25:09.677419360,Premium,,Bajo uso,Adulto
12624,3,4,9.44,Carlos,Gomez,75,Bogotá,2023-12-20 11:59:27.591897976,Basico,,Bajo uso,Adulto Mayor
12625,7,5,52.28,Carlos,Torres,36,Medellín,2023-12-20 18:33:45.506376600,Premium,,Uso medio,Adulto
12626,7,4,18.07,Mateo,Lopez,41,Cali,2023-12-21 01:08:03.420855216,Premium,,Uso medio,Adulto
12627,9,9,29.33,Carlos,Ramirez,43,GDL,2023-12-21 07:42:21.335333840,Basico,,Uso medio,Adulto
12628,4,4,25.080000000000002,Carlos,Garcia,62,CDMX,2023-12-21 14:16:39.249812456,Basico,,Bajo uso,Adulto Mayor
12629,7,2,13.02,Carlos,Garcia,45,Bogotá,2023-12-21 20:50:57.164291080,Basico,,Uso medio,Adulto
12630,7,6,36.260000000000005,Mariana,Lopez,63,CDMX,2023-12-22 03:25:15.078769696,Basico,,Uso medio,Adulto Mayor
12631,5,7,29.21,Luis,Gomez,73,Cali,2023-12-22 09:59:32.993248312,Premium,,Uso medio,Adulto Mayor
12632,5,5,17.349999999999998,Mateo,Ramirez,35,Medellín,2023-12-22 16:33:50.907726936,Premium,,Uso medio,Adulto
12633,6,7,70.11999999999999,Carlos,Torres,61,,2023-12-22 23:08:08.822205552,Premium,,Uso medio,Adulto Mayor
12634,5,2,19.740000000000002,Mariana,Lopez,53,Medellín,2023-12-23 05:42:26.736684176,Basico,,Uso medio,Adulto
12635,8,4,16.95,Mateo,Ramirez,59,CDMX,2023-12-23 12:16:44.651162792,Premium,,Uso medio,Adulto
12636,7,9,23.51,Sofia,Ramirez,46,GDL,2023-12-23 18:51:02.565641416,Basico,,Uso medio,Adulto
12637,5,7,45.06,Sofia,Torres,34,Cali,2023-12-24 01:25:20.480120032,Premium,,Uso medio,Adulto
12638,9,5,10.17,Carlos,Ramirez,21,CDMX,2023-12-24 07:59:38.394598656,Basico,,Uso medio,Joven
12639,6,7,34.18,Mariana,Gomez,61,Medellín,2023-12-24 14:33:56.309077272,Basico,,Uso medio,Adulto Mayor
12640,8,8,31.65,Mariana,Gomez,62,Cali,2023-12-24 21:08:14.223555896,Basico,,Uso medio,Adulto Mayor
12641,3,3,19.28,Mateo,Gomez,78,MTY,2023-12-25 03:42:32.138034512,Premium,,Bajo uso,Adulto Mayor
12642,2,5,11.9,Mateo,Ramirez,76,MTY,2023-12-25 10:16:50.052513128,Basico,,Uso medio,Adulto Mayor
12643,6,6,20.96,Mariana,Gomez,46,Bogotá,2023-12-25 16:51:07.966991752,Basico,,Uso medio,Adulto
12644,3,3,8.69,Mateo,Torres,21,,2023-12-25 23:25:25.881470368,Premium,,Bajo uso,Joven
12645,10,6,39.339999999999996,Mariana,Ramirez,27,GDL,2023-12-26 05:59:43.795948992,Premium,,Alto uso,Joven
12646,6,6,41.48,Luis,Garcia,42,,2023-12-26 12:34:01.710427608,Basico,,Uso medio,Adulto
12647,8,4,13.21,Mariana,Ramirez,48,Bogotá,2023-12-26 19:08:19.624906232,Premium,,Uso medio,Adulto
12648,11,5,18.48,Sofia,Torres,20,,2023-12-27 01:42:37.539384848,Basico,,Alto uso,Joven
12649,2,4,34.949999999999996,Mateo,Garcia,64,CDMX,2023-12-27 08:16:55.453863472,Basico,,Bajo uso,Adulto Mayor
12650,8,4,11.08,Mariana,Ramirez,19,CDMX,2023-12-27 14:51:13.368342088,Basico,,Uso medio,Joven
12651,3,6,41.41,Mariana,Gomez,74,Cali,2023-12-27 21:25:31.282820712,Basico,,Uso medio,Adulto Mayor
12652,4,1,7.45,Mateo,Lopez,42,,2023-12-28 03:59:49.197299328,Basico,,Bajo uso,Adulto
12653,6,4,20.31,Luis,Lopez,66,Bogotá,2023-12-28 10:34:07.111777952,Basico,,Uso medio,Adulto Mayor
12654,7,3,21.32,Luis,Gomez,23,Medellín,2023-12-28 17:08:25.026256568,Basico,,Uso medio,Joven
12655,1,8,33.72,Mateo,Lopez,43,,2023-12-28 23:42:42.940735184,Premium,"1,72385E+18",Uso medio,Adulto
12656,1,6,68.04,Ana,Lopez,25,CDMX,2023-12-29 06:17:00.855213808,Premium,"1,71755E+18",Uso medio,Joven
12657,7,1,1.96,Mateo,Gomez,52,Bogotá,2023-12-29 12:51:18.769692424,Basico,,Uso medio,Adulto
12658,6,4,26.830000000000002,Mateo,Gomez,44,,2023-12-29 19:25:36.684171048,Basico,,Uso medio,Adulto
12659,7,3,16.27,Luis,Ramirez,42,MTY,2023-12-30 01:59:54.598649664,Basico,,Uso medio,Adulto
12660,6,6,27.19,Luis,Ramirez,35,MTY,2023-12-30 08:34:12.513128288,Premium,,Uso medio,Adulto
12661,7,4,9.780000000000001,Mateo,Gomez,71,Cali,2023-12-30 15:08:30.427606904,Basico,,Uso medio,Adulto Mayor
12662,5,2,10.49,Mateo,Torres,18,MTY,2023-12-30 21:42:48.342085528,Basico,,Uso medio,Joven
12663,7,5,16.39,Mateo,Lopez,78,CDMX,2023-12-31 04:17:06.256564144,Basico,,Uso medio,Adulto Mayor
12664,8,6,19.75,Luis,Ramirez,65,,2023-12-31 10:51:24.171042768,Basico,,Uso medio,Adulto Mayor
12665,7,6,31.560000000000002,Mateo,Lopez,56,Bogotá,2023-12-31 17:25:42.085521384,Basico,,Uso medio,Adulto
12666,13,3,11.5,Mateo,Garcia,20,Cali,2024-01-01 00:00:00.000000000,Premium,,Alto uso,Joven
12667,3,7,33.269999999999996,Carlos,Gomez,72,Cali,2024-01-01 06:34:17.914478624,Premium,,Uso medio,Adulto Mayor
12668,5,7,87.56,Ana,Torres,21,CDMX,2024-01-01 13:08:35.828957240,Basico,,Uso medio,Joven
12669,4,5,27.62,Sofia,Garcia,58,CDMX,2024-01-01 19:42:53.743435864,Basico,,Uso medio,Adulto
12670,9,4,31.9,Ana,Garcia,54,MTY,2024-01-02 02:17:11.657914480,Premium,,Uso medio,Adulto
12671,7,3,7.73,Carlos,Garcia,68,MTY,2024-01-02 08:51:29.572393104,Basico,,Uso medio,Adulto Mayor
12672,6,5,17.64,Sofia,Gomez,32,Medellín,2024-01-02 15:25:47.486871720,Basico,,Uso medio,Adulto
12673,4,3,1.75,Mateo,Ramirez,25,Medellín,2024-01-02 22:00:05.401350344,Premium,,Bajo uso,Joven
12674,5,3,2.61,Carlos,Gomez,55,Bogotá,2024-01-03 04:34:23.315828960,Premium,"1,72022E+18",Uso medio,Adulto
12675,3,4,31.57,Mateo,Ramirez,67,GDL,2024-01-03 11:08:41.230307584,Basico,,Bajo uso,Adulto Mayor
12676,15,3,24.98,Luis,Garcia,36,MTY,2024-01-03 17:42:59.144786200,Basico,,Alto uso,Adulto
12677,9,6,73.0,Mariana,Garcia,73,Bogotá,2024-01-04 00:17:17.059264816,Premium,,Uso medio,Adulto Mayor
12678,8,6,18.49,Carlos,Torres,64,Bogotá,2024-01-04 06:51:34.973743440,Premium,,Uso medio,Adulto Mayor
12679,8,8,51.11,Luis,Ramirez,43,CDMX,2024-01-04 13:25:52.888222056,Premium,"1,73232E+18",Uso medio,Adulto
12680,9,4,11.87,Carlos,Garcia,56,Medellín,2024-01-04 20:00:10.802700680,Premium,,Uso medio,Adulto
12681,4,7,25.29,Carlos,Lopez,27,CDMX,2024-01-05 02:34:28.717179296,Basico,,Uso medio,Joven
12682,3,1,5.47,Luis,Torres,55,MTY,2024-01-05 09:08:46.631657920,Basico,,Bajo uso,Adulto
12683,4,7,51.86,Sofia,Gomez,31,Medellín,2024-01-05 15:43:04.546136536,Basico,,Uso medio,Adulto
12684,6,2,6.6899999999999995,Ana,Torres,66,CDMX,2024-01-05 22:17:22.460615160,Basico,,Uso medio,Adulto Mayor
12685,6,3,5.2700000000000005,Mateo,Lopez,58,Bogotá,2024-01-06 04:51:40.375093776,Basico,,Uso medio,Adulto
12686,9,6,33.05,Carlos,Ramirez,36,MTY,2024-01-06 11:25:58.289572400,Basico,,Uso medio,Adulto
12687,3,1,11.68,Mateo,Gomez,47,CDMX,2024-01-06 18:00:16.204051016,Premium,,Bajo uso,Adulto
12688,3,3,11.86,Mariana,Gomez,22,GDL,2024-01-07 00:34:34.118529632,Premium,,Bajo uso,Joven
12689,4,4,19.55,Luis,Ramirez,72,,2024-01-07 07:08:52.033008256,Basico,,Bajo uso,Adulto Mayor
12690,7,2,21.64,Mateo,Torres,48,Bogotá,2024-01-07 13:43:09.947486872,Basico,,Uso medio,Adulto
12691,3,1,6.26,Luis,Garcia,24,,2024-01-07 20:17:27.861965496,Basico,,Bajo uso,Joven
12692,6,6,24.92,Mateo,Torres,36,Bogotá,2024-01-08 02:51:45.776444112,Basico,,Uso medio,Adulto
12693,7,3,7.76,Ana,Lopez,48,Bogotá,2024-01-08 09:26:03.690922736,Premium,,Uso medio,Adulto
12694,4,8,23.04,Ana,Garcia,69,MTY,2024-01-08 16:00:21.605401352,Basico,,Uso medio,Adulto Mayor
12695,7,6,16.98,Ana,Torres,75,MTY,2024-01-08 22:34:39.519879976,Basico,,Uso medio,Adulto Mayor
12696,6,8,36.29,Ana,Ramirez,56,GDL,2024-01-09 05:08:57.434358592,Basico,,Uso medio,Adulto
12697,3,6,48.339999999999996,Ana,Lopez,41,MTY,2024-01-09 11:43:15.348837216,Premium,,Uso medio,Adulto
12698,8,3,19.389999999999997,Ana,Lopez,51,Bogotá,2024-01-09 18:17:33.263315832,Premium,,Uso medio,Adulto
12699,13,2,10.180000000000001,Luis,Lopez,74,GDL,2024-01-10 00:51:51.177794456,Premium,,Alto uso,Adulto Mayor
12700,1,8,22.7,Carlos,Garcia,40,GDL,2024-01-10 07:26:09.092273072,Basico,"1,73517E+18",Uso medio,Adulto
12701,8,3,38.239999999999995,Mateo,Gomez,65,GDL,2024-01-10 14:00:27.006751688,Basico,,Uso medio,Adulto Mayor
12702,5,5,19.630000000000003,Ana,Garcia,62,Bogotá,2024-01-10 20:34:44.921230312,Basico,,Uso medio,Adulto Mayor
12703,8,5,40.72,Luis,Torres,57,Medellín,2024-01-11 03:09:02.835708928,Basico,,Uso medio,Adulto
12704,9,4,10.370000000000001,Luis,Gomez,23,,2024-01-11 09:43:20.750187552,Basico,,Uso medio,Joven
12705,4,9,39.43,Luis,Torres,55,GDL,2024-01-11 16:17:38.664666168,Basico,,Uso medio,Adulto
12706,3,6,41.86,Carlos,Gomez,58,GDL,2024-01-11 22:51:56.579144792,Basico,,Uso medio,Adulto
12707,2,7,48.57,Mateo,Garcia,53,MTY,2024-01-12 05:26:14.493623408,Basico,,Uso medio,Adulto
12708,6,6,13.790000000000001,Carlos,Lopez,44,,2024-01-12 12:00:32.408102032,Basico,,Uso medio,Adulto
12709,9,5,34.71,Sofia,Ramirez,28,CDMX,2024-01-12 18:34:50.322580648,Basico,,Uso medio,Joven
12710,6,4,13.34,Luis,Lopez,22,Medellín,2024-01-13 01:09:08.237059272,Premium,"1,7204E+18",Uso medio,Joven
12711,8,3,132.92,Sofia,Garcia,74,Bogotá,2024-01-13 07:43:26.151537888,Premium,,Uso medio,Adulto Mayor
12712,7,3,4.49,Mariana,Gomez,34,CDMX,2024-01-13 14:17:44.066016504,Basico,,Uso medio,Adulto
12713,7,5,26.35,Ana,Lopez,69,MTY,2024-01-13 20:52:01.980495128,Basico,,Uso medio,Adulto Mayor
12714,7,5,20.45,Ana,Garcia,24,GDL,2024-01-14 03:26:19.894973744,Premium,,Uso medio,Joven
12715,5,3,8.57,Carlos,Torres,44,,2024-01-14 10:00:37.809452368,Basico,"1,73085E+18",Uso medio,Adulto
12716,7,6,18.55,Mateo,Ramirez,64,Bogotá,2024-01-14 16:34:55.723930984,Premium,,Uso medio,Adulto Mayor
12717,6,5,11.18,Sofia,Lopez,74,Bogotá,2024-01-14 23:09:13.638409608,Basico,,Uso medio,Adulto Mayor
12718,4,5,23.96,Mateo,Gomez,32,Bogotá,2024-01-15 05:43:31.552888224,Premium,,Uso medio,Adulto
12719,7,3,8.9,Carlos,Torres,63,Medellín,2024-01-15 12:17:49.467366848,Premium,,Uso medio,Adulto Mayor
12720,5,5,20.96,Ana,Garcia,30,Bogotá,2024-01-15 18:52:07.381845464,Premium,,Uso medio,Adulto
12721,9,5,46.14,Mateo,Ramirez,28,CDMX,2024-01-16 01:26:25.296324088,Premium,,Uso medio,Joven
12722,7,2,8.48,Mateo,Gomez,77,MTY,2024-01-16 08:00:43.210802704,Basico,"1,72757E+18",Uso medio,Adulto Mayor
12723,2,2,4.99,Ana,Garcia,62,GDL,2024-01-16 14:35:01.125281320,Basico,,Bajo uso,Adulto Mayor
12724,4,5,37.13,Sofia,Garcia,43,Medellín,2024-01-16 21:09:19.039759944,Basico,,Uso medio,Adulto
12725,2,6,32.0,Ana,Lopez,39,CDMX,2024-01-17 03:43:36.954238560,Basico,,Uso medio,Adulto
12726,8,7,27.509999999999998,Mateo,Lopez,45,Bogotá,2024-01-17 10:17:54.868717184,Basico,,Uso medio,Adulto
12727,3,3,19.37,Sofia,Gomez,41,GDL,2024-01-17 16:52:12.783195800,Basico,,Bajo uso,Adulto
12728,8,3,27.919999999999998,Sofia,Garcia,46,,2024-01-17 23:26:30.697674424,Premium,,Uso medio,Adulto
12729,6,5,30.54,Ana,Lopez,26,MTY,2024-01-18 06:00:48.612153040,Basico,,Uso medio,Joven
12730,9,3,16.880000000000003,Mateo,Ramirez,59,MTY,2024-01-18 12:35:06.526631664,Basico,,Uso medio,Adulto
12731,5,4,11.73,Carlos,Ramirez,21,,2024-01-18 19:09:24.441110280,Basico,,Uso medio,Joven
12732,5,9,38.18,Mateo,Garcia,66,Bogotá,2024-01-19 01:43:42.355588904,Basico,,Uso medio,Adulto Mayor
12733,4,6,32.11,Luis,Lopez,63,,2024-01-19 08:18:00.270067520,Basico,"1,73137E+18",Uso medio,Adulto Mayor
12734,3,3,20.32,Mariana,Gomez,73,CDMX,2024-01-19 14:52:18.184546144,Premium,,Bajo uso,Adulto Mayor
12735,4,6,35.980000000000004,Carlos,Gomez,35,MTY,2024-01-19 21:26:36.099024760,Basico,,Uso medio,Adulto
12736,7,11,87.38000000000001,Sofia,Gomez,60,Medellín,2024-01-20 04:00:54.013503376,Basico,,Alto uso,Adulto Mayor
12737,4,6,30.76,Carlos,Ramirez,33,,2024-01-20 10:35:11.927982000,Basico,,Uso medio,Adulto
12738,4,6,31.0,Sofia,Lopez,50,GDL,2024-01-20 17:09:29.842460616,Basico,,Uso medio,Adulto
12739,7,5,12.22,Sofia,Lopez,46,,2024-01-20 23:43:47.756939240,Premium,,Uso medio,Adulto
12740,6,4,1.8599999999999999,Carlos,Ramirez,56,Bogotá,2024-01-21 06:18:05.671417856,Basico,,Uso medio,Adulto
12741,8,2,19.97,Sofia,Gomez,77,Cali,2024-01-21 12:52:23.585896480,Basico,,Uso medio,Adulto Mayor
12742,3,7,32.55,Sofia,Gomez,27,MTY,2024-01-21 19:26:41.500375096,Basico,,Uso medio,Joven
12743,3,4,41.57,Luis,Garcia,26,GDL,,Premium,"1,72463E+18",Bajo uso,Joven
12744,2,5,29.62,Mateo,Torres,76,,2024-01-22 08:35:17.329332336,Basico,,Uso medio,Adulto Mayor
12745,10,4,15.35,Mateo,Lopez,48,,2024-01-22 15:09:35.243810960,Premium,,Alto uso,Adulto
12746,5,8,34.76,Mariana,Lopez,45,Bogotá,2024-01-22 21:43:53.158289576,Basico,,Uso medio,Adulto
12747,6,6,45.33,Mariana,Lopez,77,CDMX,2024-01-23 04:18:11.072768192,Basico,,Uso medio,Adulto Mayor
12748,7,4,36.370000000000005,Luis,Torres,74,CDMX,2024-01-23 10:52:28.987246816,Premium,"1,73474E+18",Uso medio,Adulto Mayor
12749,10,7,39.269999999999996,Mariana,Garcia,20,Bogotá,2024-01-23 17:26:46.901725432,Basico,,Alto uso,Joven
12750,2,5,24.74,Carlos,Torres,71,CDMX,2024-01-24 00:01:04.816204056,Basico,,Uso medio,Adulto Mayor
12751,1,6,10.85,Ana,Gomez,72,MTY,2024-01-24 06:35:22.730682672,Basico,,Uso medio,Adulto Mayor
12752,6,6,24.52,Ana,Gomez,31,MTY,2024-01-24 13:09:40.645161296,Basico,,Uso medio,Adulto
12753,4,7,37.55,Ana,Lopez,75,Medellín,2024-01-24 19:43:58.559639912,Premium,,Uso medio,Adulto Mayor
12754,3,1,2.27,Luis,Ramirez,42,CDMX,2024-01-25 02:18:16.474118536,Basico,,Bajo uso,Adulto
12755,3,4,29.29,Luis,Lopez,32,Bogotá,2024-01-25 08:52:34.388597152,Premium,,Bajo uso,Adulto
12756,5,5,6.21,Sofia,Ramirez,19,Bogotá,2024-01-25 15:26:52.303075776,Basico,"1,73102E+18",Uso medio,Joven
12757,4,5,40.07,Ana,Torres,41,Medellín,2024-01-25 22:01:10.217554392,Basico,,Uso medio,Adulto
12758,3,2,23.53,Carlos,Gomez,31,Bogotá,2024-01-26 04:35:28.132033008,Premium,,Bajo uso,Adulto
12759,2,9,32.06,Mariana,Ramirez,65,MTY,2024-01-26 11:09:46.046511632,Basico,,Uso medio,Adulto Mayor
12760,5,7,19.05,Carlos,Torres,24,Medellín,2024-01-26 17:44:03.960990248,Basico,,Uso medio,Joven
12761,8,4,11.35,Mariana,Gomez,53,Cali,2024-01-27 00:18:21.875468872,Basico,,Uso medio,Adulto
12762,9,8,28.240000000000002,Ana,Ramirez,67,Medellín,2024-01-27 06:52:39.789947488,Basico,,Uso medio,Adulto Mayor
12763,3,3,2.0300000000000002,Ana,Lopez,41,,2024-01-27 13:26:57.704426112,Premium,,Bajo uso,Adulto
12764,5,5,23.98,Ana,Lopez,44,Medellín,2024-01-27 20:01:15.618904728,Basico,,Uso medio,Adulto
12765,1,3,5.34,Luis,Lopez,54,Cali,2024-01-28 02:35:33.533383352,Basico,,Bajo uso,Adulto
12766,5,4,9.120000000000001,Mariana,Torres,55,CDMX,2024-01-28 09:09:51.447861968,Premium,,Uso medio,Adulto
12767,6,11,44.59,Luis,Lopez,47,Bogotá,2024-01-28 15:44:09.362340592,Basico,"1,72895E+18",Alto uso,Adulto
12768,2,3,4.73,Luis,Garcia,44,Bogotá,2024-01-28 22:18:27.276819208,Basico,"1,73025E+18",Bajo uso,Adulto
12769,5,0,0.0,Mateo,Gomez,56,GDL,2024-01-29 04:52:45.191297832,Basico,,Uso medio,Adulto
12770,6,3,17.52,Carlos,Torres,47,Bogotá,2024-01-29 11:27:03.105776448,Premium,,Uso medio,Adulto
12771,2,8,63.830000000000005,Carlos,Lopez,32,GDL,2024-01-29 18:01:21.020255064,Premium,,Uso medio,Adulto
12772,3,5,16.91,Sofia,Gomez,43,Medellín,2024-01-30 00:35:38.934733688,Premium,"1,72066E+18",Uso medio,Adulto
12773,7,4,18.02,Luis,Ramirez,18,Bogotá,2024-01-30 07:09:56.849212304,Basico,,Uso medio,Joven
12774,6,5,41.75,Mariana,Lopez,73,Bogotá,2024-01-30 13:44:14.763690928,Basico,,Uso medio,Adulto Mayor
12775,7,6,39.73,Mateo,Gomez,21,,2024-01-30 20:18:32.678169544,Basico,,Uso medio,Joven
12776,3,8,50.37,Mateo,Garcia,46,MTY,2024-01-31 02:52:50.592648168,Basico,,Uso medio,Adulto
12777,4,5,9.79,Carlos,Ramirez,74,MTY,2024-01-31 09:27:08.507126784,Premium,,Uso medio,Adulto Mayor
12778,4,6,28.709999999999997,Luis,Garcia,18,MTY,2024-01-31 16:01:26.421605408,Basico,,Uso medio,Joven
12779,4,6,24.02,Sofia,Gomez,60,,2024-01-31 22:35:44.336084024,Basico,,Uso medio,Adulto Mayor
12780,6,10,61.38,Luis,Garcia,67,Bogotá,2024-02-01 05:10:02.250562648,Premium,,Alto uso,Adulto Mayor
12781,9,7,44.74,Ana,Gomez,63,Medellín,2024-02-01 11:44:20.165041264,Premium,,Uso medio,Adulto Mayor
12782,5,4,10.69,Luis,Gomez,39,GDL,2024-02-01 18:18:38.079519880,Basico,,Uso medio,Adulto
12783,4,2,6.8100000000000005,Ana,Garcia,28,Bogotá,2024-02-02 00:52:55.993998504,Basico,"1,73223E+18",Bajo uso,Joven
12784,4,5,16.34,Ana,Gomez,27,GDL,2024-02-02 07:27:13.908477120,Basico,,Uso medio,Joven
12785,5,3,16.240000000000002,Sofia,Lopez,76,Medellín,2024-02-02 14:01:31.822955744,Basico,,Uso medio,Adulto Mayor
12786,7,4,137.05,Mariana,Gomez,79,Cali,2024-02-02 20:35:49.737434360,Basico,,Uso medio,Adulto Mayor
12787,4,1,4.17,Carlos,Torres,34,Medellín,2024-02-03 03:10:07.651912984,Basico,,Bajo uso,Adulto
12788,6,2,5.19,Luis,Gomez,53,Medellín,2024-02-03 09:44:25.566391600,Premium,,Uso medio,Adulto
12789,5,9,32.06,Ana,Torres,73,Bogotá,2024-02-03 16:18:43.480870224,Basico,"1,72074E+18",Uso medio,Adulto Mayor
12790,2,6,14.77,Luis,Gomez,64,Medellín,2024-02-03 22:53:01.395348840,Basico,"1,72161E+18",Uso medio,Adulto Mayor
12791,5,3,14.08,Mariana,Gomez,43,Bogotá,2024-02-04 05:27:19.309827464,Basico,,Uso medio,Adulto
12792,6,7,26.560000000000002,Carlos,Garcia,65,Medellín,2024-02-04 12:01:37.224306080,Basico,,Uso medio,Adulto Mayor
12793,2,7,33.17,Mariana,Lopez,38,GDL,2024-02-04 18:35:55.138784696,Basico,,Uso medio,Adulto
12794,12,3,7.01,Carlos,Lopez,30,CDMX,2024-02-05 01:10:13.053263320,Premium,,Alto uso,Adulto
12795,10,5,27.81,Mateo,Ramirez,26,Bogotá,2024-02-05 07:44:30.967741936,Premium,,Alto uso,Joven
12796,6,3,8.84,Carlos,Garcia,28,Bogotá,2024-02-05 14:18:48.882220560,Basico,,Uso medio,Joven
12797,6,3,21.919999999999998,Sofia,Garcia,28,GDL,2024-02-05 20:53:06.796699176,Premium,,Uso medio,Joven
12798,10,6,20.490000000000002,Mariana,Lopez,23,Medellín,2024-02-06 03:27:24.711177800,Basico,,Alto uso,Joven
12799,5,4,27.83,Ana,Garcia,18,CDMX,2024-02-06 10:01:42.625656416,Basico,,Uso medio,Joven
12800,2,3,9.27,Mateo,Lopez,71,GDL,2024-02-06 16:36:00.540135040,Basico,,Bajo uso,Adulto Mayor
12801,5,4,17.42,Sofia,Garcia,23,Medellín,2024-02-06 23:10:18.454613656,Premium,,Uso medio,Joven
12802,9,5,17.18,Luis,Gomez,30,Bogotá,2024-02-07 05:44:36.369092280,Basico,,Uso medio,Adulto
12803,2,4,19.63,Mariana,Lopez,39,Medellín,2024-02-07 12:18:54.283570896,Basico,,Bajo uso,Adulto
12804,5,3,15.14,Ana,Lopez,73,Bogotá,2024-02-07 18:53:12.198049520,Premium,,Uso medio,Adulto Mayor
12805,5,7,53.36,Carlos,Torres,48,,2024-02-08 01:27:30.112528136,Basico,,Uso medio,Adulto
12806,8,5,47.04,Ana,Garcia,39,Bogotá,2024-02-08 08:01:48.027006752,Basico,,Uso medio,Adulto
12807,1,1,0.25,Luis,Garcia,54,CDMX,2024-02-08 14:36:05.941485376,Basico,,Bajo uso,Adulto
12808,4,3,8.49,Mateo,Lopez,64,MTY,2024-02-08 21:10:23.855963992,Premium,,Bajo uso,Adulto Mayor
12809,6,2,10.530000000000001,Mateo,Gomez,44,CDMX,2024-02-09 03:44:41.770442616,Basico,,Uso medio,Adulto
12810,10,7,33.67,Mariana,Gomez,67,,2024-02-09 10:18:59.684921232,Basico,,Alto uso,Adulto Mayor
12811,2,8,46.39,Mateo,Gomez,69,CDMX,2024-02-09 16:53:17.599399856,Premium,,Uso medio,Adulto Mayor
12812,2,3,17.79,Mariana,Garcia,31,MTY,2024-02-09 23:27:35.513878472,Basico,,Bajo uso,Adulto
12813,5,2,5.57,Mariana,Torres,64,GDL,2024-02-10 06:01:53.428357096,Basico,"1,72532E+18",Uso medio,Adulto Mayor
12814,7,5,25.490000000000002,Mariana,Lopez,75,Cali,2024-02-10 12:36:11.342835712,Premium,,Uso medio,Adulto Mayor
12815,3,1,1.47,Carlos,Ramirez,22,MTY,2024-02-10 19:10:29.257314336,Premium,,Bajo uso,Joven
12816,7,7,40.28,Sofia,Torres,75,,2024-02-11 01:44:47.171792952,Premium,,Uso medio,Adulto Mayor
12817,4,5,26.28,Mariana,Ramirez,53,CDMX,2024-02-11 08:19:05.086271568,Basico,"1,71841E+18",Uso medio,Adulto
12818,8,3,13.580000000000002,Mariana,Torres,49,CDMX,2024-02-11 14:53:23.000750192,Basico,"1,73362E+18",Uso medio,Adulto
12819,5,7,37.93,Sofia,Gomez,51,GDL,2024-02-11 21:27:40.915228808,Premium,,Uso medio,Adulto
12820,6,6,18.53,Ana,Garcia,24,Cali,2024-02-12 04:01:58.829707432,Premium,,Uso medio,Joven
12821,4,6,56.7,Mariana,Ramirez,59,,2024-02-12 10:36:16.744186048,Basico,,Uso medio,Adulto
12822,5,2,4.33,Carlos,Torres,65,CDMX,2024-02-12 17:10:34.658664672,Basico,,Uso medio,Adulto Mayor
12823,6,7,44.45,Mateo,Garcia,27,CDMX,2024-02-12 23:44:52.573143288,Basico,"1,72956E+18",Uso medio,Joven
12824,6,6,50.32,Mateo,Ramirez,67,Medellín,2024-02-13 06:19:10.487621912,Basico,,Uso medio,Adulto Mayor
12825,8,4,40.26,Luis,Lopez,34,CDMX,2024-02-13 12:53:28.402100528,Premium,,Uso medio,Adulto
12826,7,4,12.129999999999999,Luis,Torres,47,CDMX,2024-02-13 19:27:46.316579152,Basico,,Uso medio,Adulto
12827,7,5,16.5,Mateo,Lopez,38,CDMX,2024-02-14 02:02:04.231057768,Basico,,Uso medio,Adulto
12828,6,2,13.940000000000001,Mateo,Gomez,77,CDMX,2024-02-14 08:36:22.145536384,Basico,,Uso medio,Adulto Mayor
12829,3,6,59.04,Carlos,Lopez,30,GDL,2024-02-14 15:10:40.060015008,Basico,,Uso medio,Adulto
12830,5,2,1.0899999999999999,Sofia,Lopez,18,CDMX,2024-02-14 21:44:57.974493624,Basico,,Uso medio,Joven
12831,6,7,34.47,Luis,Torres,18,MTY,2024-02-15 04:19:15.888972248,Premium,,Uso medio,Joven
12832,6,5,31.740000000000002,Sofia,Gomez,64,Cali,2024-02-15 10:53:33.803450864,Basico,,Uso medio,Adulto Mayor
12833,3,7,43.67,Carlos,Lopez,50,MTY,2024-02-15 17:27:51.717929488,Basico,,Uso medio,Adulto
12834,2,1,0.67,Mateo,Garcia,55,Medellín,2024-02-16 00:02:09.632408104,Basico,,Bajo uso,Adulto
12835,8,2,22.52,Mariana,Ramirez,42,CDMX,2024-02-16 06:36:27.546886728,Premium,"1,71867E+18",Uso medio,Adulto
12836,6,3,19.729999999999997,Sofia,Lopez,43,Medellín,2024-02-16 13:10:45.461365344,Premium,,Uso medio,Adulto
12837,10,2,5.66,Mateo,Gomez,30,MTY,2024-02-16 19:45:03.375843968,Basico,"1,73163E+18",Alto uso,Adulto
12838,6,3,31.299999999999997,Mateo,Lopez,76,Medellín,2024-02-17 02:19:21.290322584,Premium,"1,71763E+18",Uso medio,Adulto Mayor
12839,5,4,6.029999999999999,Ana,Ramirez,45,CDMX,2024-02-17 08:53:39.204801208,Basico,,Uso medio,Adulto
12840,5,5,16.509999999999998,Sofia,Gomez,50,,2024-02-17 15:27:57.119279824,Basico,,Uso medio,Adulto
12841,7,5,25.56,Mariana,Torres,54,GDL,2024-02-17 22:02:15.033758440,Premium,,Uso medio,Adulto
12842,2,6,16.71,Sofia,Gomez,47,MTY,2024-02-18 04:36:32.948237064,Basico,,Uso medio,Adulto
12843,3,8,37.15,Mateo,Torres,58,,2024-02-18 11:10:50.862715680,Basico,,Uso medio,Adulto
12844,4,3,4.3,Mariana,Gomez,47,Bogotá,2024-02-18 17:45:08.777194304,Premium,,Bajo uso,Adulto
12845,5,4,23.38,Carlos,Ramirez,74,MTY,2024-02-19 00:19:26.691672920,Premium,,Uso medio,Adulto Mayor
12846,3,7,39.269999999999996,Ana,Ramirez,66,,2024-02-19 06:53:44.606151544,Basico,,Uso medio,Adulto Mayor
12847,5,1,1.18,Mateo,Gomez,65,MTY,2024-02-19 13:28:02.520630160,Premium,,Uso medio,Adulto Mayor
12848,3,5,18.17,Luis,Lopez,25,CDMX,2024-02-19 20:02:20.435108784,Basico,,Uso medio,Joven
12849,6,7,28.05,Luis,Ramirez,66,,2024-02-20 02:36:38.349587400,Basico,,Uso medio,Adulto Mayor
12850,9,6,21.6,Ana,Torres,64,GDL,2024-02-20 09:10:56.264066024,Basico,,Uso medio,Adulto Mayor
12851,4,3,13.25,Carlos,Torres,73,,2024-02-20 15:45:14.178544640,Basico,,Bajo uso,Adulto Mayor
12852,8,8,40.55,Mateo,Garcia,18,CDMX,2024-02-20 22:19:32.093023256,Premium,,Uso medio,Joven
12853,6,4,20.55,Sofia,Torres,29,Medellín,2024-02-21 04:53:50.007501880,Basico,,Uso medio,Joven
12854,4,9,44.3,Ana,Garcia,22,Bogotá,2024-02-21 11:28:07.921980496,Basico,,Uso medio,Joven
12855,4,5,14.440000000000001,Carlos,Gomez,41,,2024-02-21 18:02:25.836459120,Basico,,Uso medio,Adulto
12856,3,5,9.89,Sofia,Gomez,23,Bogotá,2024-02-22 00:36:43.750937736,Basico,"1,73172E+18",Uso medio,Joven
12857,10,3,13.64,Luis,Gomez,42,CDMX,2024-02-22 07:11:01.665416360,Basico,,Alto uso,Adulto
12858,8,1,1.59,Luis,Lopez,18,Medellín,2024-02-22 13:45:19.579894976,Premium,,Uso medio,Joven
12859,8,2,8.59,Sofia,Lopez,42,CDMX,2024-02-22 20:19:37.494373600,Basico,,Uso medio,Adulto
12860,2,3,8.9,Ana,Garcia,18,Cali,2024-02-23 02:53:55.408852216,Basico,,Bajo uso,Joven
12861,3,6,39.39,Luis,Torres,49,,2024-02-23 09:28:13.323330840,Basico,,Uso medio,Adulto
12862,6,3,11.830000000000002,Mateo,Torres,59,Bogotá,2024-02-23 16:02:31.237809456,Premium,,Uso medio,Adulto
12863,5,4,8.0,Mariana,Gomez,59,Cali,2024-02-23 22:36:49.152288072,Basico,"1,72489E+18",Uso medio,Adulto
12864,4,6,27.75,Sofia,Ramirez,20,CDMX,2024-02-24 05:11:07.066766696,Basico,,Uso medio,Joven
12865,10,4,18.0,Sofia,Lopez,66,Bogotá,2024-02-24 11:45:24.981245312,Basico,,Alto uso,Adulto Mayor
12866,8,6,48.41,Luis,Lopez,36,MTY,2024-02-24 18:19:42.895723936,Basico,,Uso medio,Adulto
12867,7,4,35.730000000000004,Ana,Gomez,77,Medellín,2024-02-25 00:54:00.810202552,Basico,,Uso medio,Adulto Mayor
12868,5,6,40.53,Mateo,Lopez,60,CDMX,2024-02-25 07:28:18.724681176,Premium,,Uso medio,Adulto Mayor
12869,3,4,24.259999999999998,Ana,Gomez,46,Cali,2024-02-25 14:02:36.639159792,Premium,,Bajo uso,Adulto
12870,4,3,30.41,Carlos,Garcia,67,CDMX,2024-02-25 20:36:54.553638416,Basico,,Bajo uso,Adulto Mayor
12871,5,6,37.86,Carlos,Torres,19,Medellín,2024-02-26 03:11:12.468117032,Premium,,Uso medio,Joven
12872,6,9,43.58,Mariana,Ramirez,26,CDMX,2024-02-26 09:45:30.382595656,Premium,,Uso medio,Joven
12873,8,3,17.61,Luis,Torres,73,Cali,2024-02-26 16:19:48.297074272,Premium,,Uso medio,Adulto Mayor
12874,6,2,13.84,Luis,Torres,34,CDMX,2024-02-26 22:54:06.211552896,Premium,,Uso medio,Adulto
12875,4,4,14.379999999999999,Luis,Garcia,77,Bogotá,2024-02-27 05:28:24.126031512,Premium,,Bajo uso,Adulto Mayor
12876,5,7,18.880000000000003,Mariana,Lopez,63,GDL,2024-02-27 12:02:42.040510128,Basico,,Uso medio,Adulto Mayor
12877,7,9,61.800000000000004,Carlos,Ramirez,53,Medellín,2024-02-27 18:36:59.954988752,Basico,"1,72601E+18",Uso medio,Adulto
12878,2,5,15.9,Ana,Lopez,78,MTY,2024-02-28 01:11:17.869467368,Basico,,Uso medio,Adulto Mayor
12879,7,7,20.16,Mariana,Torres,34,Medellín,2024-02-28 07:45:35.783945992,Premium,,Uso medio,Adulto
12880,9,4,16.65,Mariana,Gomez,66,GDL,2024-02-28 14:19:53.698424608,Basico,"1,72031E+18",Uso medio,Adulto Mayor
12881,7,5,45.07,Ana,Torres,29,Cali,2024-02-28 20:54:11.612903232,Basico,,Uso medio,Joven
12882,7,2,8.71,Luis,Lopez,77,CDMX,2024-02-29 03:28:29.527381848,Basico,,Uso medio,Adulto Mayor
12883,6,3,15.41,Mateo,Torres,37,GDL,2024-02-29 10:02:47.441860472,Premium,,Uso medio,Adulto
12884,6,8,24.650000000000002,Ana,Gomez,67,Bogotá,2024-02-29 16:37:05.356339088,Premium,,Uso medio,Adulto Mayor
12885,5,8,25.240000000000002,Carlos,Garcia,20,CDMX,2024-02-29 23:11:23.270817712,Basico,,Uso medio,Joven
12886,6,3,15.05,Sofia,Lopez,60,GDL,2024-03-01 05:45:41.185296328,Basico,,Uso medio,Adulto Mayor
12887,6,4,9.4,Sofia,Torres,74,,2024-03-01 12:19:59.099774944,Premium,,Uso medio,Adulto Mayor
12888,4,2,29.89,Mariana,Lopez,67,,2024-03-01 18:54:17.014253568,Basico,"1,73249E+18",Bajo uso,Adulto Mayor
12889,3,3,7.57,Sofia,Garcia,21,Medellín,2024-03-02 01:28:34.928732184,Basico,,Bajo uso,Joven
12890,10,3,18.259999999999998,Mateo,Torres,34,GDL,2024-03-02 08:02:52.843210808,Basico,,Alto uso,Adulto
12891,3,4,22.52,Luis,Torres,67,GDL,2024-03-02 14:37:10.757689424,Premium,,Bajo uso,Adulto Mayor
12892,2,6,30.57,Carlos,Lopez,54,Medellín,2024-03-02 21:11:28.672168048,Basico,,Uso medio,Adulto
12893,7,2,5.0,Mateo,Lopez,63,CDMX,2024-03-03 03:45:46.586646664,Basico,,Uso medio,Adulto Mayor
12894,5,4,8.57,Carlos,Gomez,59,,2024-03-03 10:20:04.501125288,Premium,"1,73189E+18",Uso medio,Adulto
12895,6,2,3.1100000000000003,Carlos,Garcia,32,GDL,2024-03-03 16:54:22.415603904,Basico,,Uso medio,Adulto
12896,4,8,40.129999999999995,Luis,Gomez,50,,2024-03-03 23:28:40.330082528,Basico,,Uso medio,Adulto
12897,5,3,9.92,Mariana,Torres,33,Bogotá,2024-03-04 06:02:58.244561144,Basico,,Uso medio,Adulto
12898,6,4,40.24,Sofia,Lopez,28,Cali,2024-03-04 12:37:16.159039760,Premium,,Uso medio,Joven
12899,9,9,38.1,Luis,Torres,72,CDMX,2024-03-04 19:11:34.073518384,Basico,,Uso medio,Adulto Mayor
12900,6,7,23.79,Mateo,Torres,37,,2024-03-05 01:45:51.987997000,Premium,,Uso medio,Adulto
12901,7,3,18.62,Mariana,Ramirez,55,GDL,2024-03-05 08:20:09.902475624,Premium,"1,72109E+18",Uso medio,Adulto
12902,6,4,16.77,Mateo,Ramirez,41,Medellín,2024-03-05 14:54:27.816954240,Premium,,Uso medio,Adulto
12903,4,5,22.45,Mariana,Torres,78,Cali,2024-03-05 21:28:45.731432864,Premium,,Uso medio,Adulto Mayor
12904,2,3,21.69,Mateo,Lopez,71,CDMX,2024-03-06 04:03:03.645911480,Premium,,Bajo uso,Adulto Mayor
12905,6,3,10.559999999999999,Luis,Torres,33,Bogotá,2024-03-06 10:37:21.560390104,Premium,"1,72014E+18",Uso medio,Adulto
12906,4,6,21.19,Mariana,Ramirez,47,Bogotá,2024-03-06 17:11:39.474868720,Premium,,Uso medio,Adulto
12907,4,8,24.990000000000002,Mariana,Lopez,51,MTY,2024-03-06 23:45:57.389347344,Premium,,Uso medio,Adulto
12908,8,5,15.59,Carlos,Torres,18,Bogotá,2024-03-07 06:20:15.303825960,Basico,,Uso medio,Joven
12909,3,3,22.689999999999998,Carlos,Garcia,41,MTY,2024-03-07 12:54:33.218304584,Basico,"1,72817E+18",Bajo uso,Adulto
12910,5,6,28.12,Ana,Garcia,41,MTY,2024-03-07 19:28:51.132783200,Basico,,Uso medio,Adulto
12911,4,6,52.96000000000001,Mateo,Torres,26,Medellín,2024-03-08 02:03:09.047261816,Basico,,Uso medio,Joven
12912,5,7,24.32,Carlos,Lopez,39,Medellín,2024-03-08 08:37:26.961740440,Premium,,Uso medio,Adulto
12913,4,2,17.34,Ana,Torres,29,GDL,2024-03-08 15:11:44.876219056,Premium,,Bajo uso,Joven
12914,2,3,9.73,Carlos,Torres,34,,2024-03-08 21:46:02.790697680,Basico,,Bajo uso,Adulto
12915,4,3,16.689999999999998,Mateo,Ramirez,79,,2024-03-09 04:20:20.705176296,Basico,,Bajo uso,Adulto Mayor
12916,4,5,27.68,Mariana,Garcia,42,Bogotá,2024-03-09 10:54:38.619654920,Basico,,Uso medio,Adulto
12917,9,3,6.07,Sofia,Ramirez,45,Bogotá,2024-03-09 17:28:56.534133536,Basico,,Uso medio,Adulto
12918,4,2,7.7,Mateo,Ramirez,78,MTY,2024-03-10 00:03:14.448612160,Premium,"1,73215E+18",Bajo uso,Adulto Mayor
12919,2,7,46.39,Luis,Torres,32,Medellín,2024-03-10 06:37:32.363090776,Basico,,Uso medio,Adulto
12920,6,4,20.919999999999998,Carlos,Ramirez,47,Medellín,2024-03-10 13:11:50.277569400,Basico,"1,72092E+18",Uso medio,Adulto
12921,3,8,66.52,Carlos,Garcia,68,GDL,2024-03-10 19:46:08.192048016,Basico,,Uso medio,Adulto Mayor
12922,4,5,15.64,Mariana,Ramirez,44,Medellín,2024-03-11 02:20:26.106526632,Basico,,Uso medio,Adulto
12923,6,5,42.71,Luis,Garcia,39,GDL,2024-03-11 08:54:44.021005256,Premium,"1,73033E+18",Uso medio,Adulto
12924,4,3,21.94,Mariana,Ramirez,27,CDMX,2024-03-11 15:29:01.935483872,Basico,,Bajo uso,Joven
12925,3,5,24.0,Luis,Garcia,78,Medellín,2024-03-11 22:03:19.849962496,Premium,,Uso medio,Adulto Mayor
12926,7,4,7.680000000000001,Sofia,Ramirez,75,Medellín,2024-03-12 04:37:37.764441112,Basico,,Uso medio,Adulto Mayor
12927,8,4,16.63,Carlos,Ramirez,48,Bogotá,2024-03-12 11:11:55.678919736,Basico,,Uso medio,Adulto
12928,3,8,47.81,Carlos,Lopez,44,Bogotá,2024-03-12 17:46:13.593398352,Basico,"1,72869E+18",Uso medio,Adulto
12929,7,4,24.43,Sofia,Garcia,29,,2024-03-13 00:20:31.507876976,Premium,"1,71988E+18",Uso medio,Joven
12930,4,5,35.03,Ana,Garcia,63,Bogotá,2024-03-13 06:54:49.422355592,Basico,,Uso medio,Adulto Mayor
12931,1,5,14.31,Mariana,Garcia,48,Medellín,2024-03-13 13:29:07.336834216,Basico,,Uso medio,Adulto
12932,7,5,34.2,Sofia,Gomez,49,CDMX,2024-03-13 20:03:25.251312832,Basico,,Uso medio,Adulto
12933,7,9,34.53,Mariana,Ramirez,49,CDMX,2024-03-14 02:37:43.165791448,Basico,,Uso medio,Adulto
12934,6,2,7.71,Mateo,Garcia,58,MTY,2024-03-14 09:12:01.080270072,Basico,,Uso medio,Adulto
12935,4,1,2.9,Carlos,Gomez,76,Bogotá,2024-03-14 15:46:18.994748688,Basico,,Bajo uso,Adulto Mayor
12936,3,2,130.84,Mariana,Lopez,62,Cali,2024-03-14 22:20:36.909227312,Premium,"1,72169E+18",Bajo uso,Adulto Mayor
12937,2,3,13.05,Luis,Garcia,52,MTY,2024-03-15 04:54:54.823705928,Basico,,Bajo uso,Adulto
12938,4,2,5.6499999999999995,Mariana,Garcia,70,MTY,2024-03-15 11:29:12.738184552,Basico,,Bajo uso,Adulto Mayor
12939,3,7,28.19,Mateo,Gomez,78,GDL,2024-03-15 18:03:30.652663168,Basico,,Uso medio,Adulto Mayor
12940,4,5,30.28,Carlos,Ramirez,63,GDL,2024-03-16 00:37:48.567141792,Premium,,Uso medio,Adulto Mayor
12941,2,5,23.91,Sofia,Lopez,38,,2024-03-16 07:12:06.481620408,Basico,,Uso medio,Adulto
12942,6,2,1.26,Mateo,Garcia,27,Medellín,2024-03-16 13:46:24.396099032,Premium,,Uso medio,Joven
12943,2,1,1.71,Carlos,Ramirez,33,CDMX,2024-03-16 20:20:42.310577648,Basico,,Bajo uso,Adulto
12944,4,2,14.799999999999999,Mariana,Lopez,24,Medellín,2024-03-17 02:55:00.225056272,Premium,,Bajo uso,Joven
12945,6,3,4.74,Ana,Torres,21,Medellín,2024-03-17 09:29:18.139534888,Basico,,Uso medio,Joven
12946,7,3,28.57,Ana,Torres,44,Medellín,2024-03-17 16:03:36.054013504,Basico,,Uso medio,Adulto
12947,4,3,2.84,Luis,Lopez,69,CDMX,2024-03-17 22:37:53.968492128,Premium,,Bajo uso,Adulto Mayor
12948,5,9,55.57,Carlos,Gomez,72,Bogotá,2024-03-18 05:12:11.882970744,Premium,,Uso medio,Adulto Mayor
12949,7,5,42.32,Ana,Lopez,42,CDMX,2024-03-18 11:46:29.797449368,Premium,,Uso medio,Adulto
12950,6,2,13.36,Sofia,Lopez,48,Cali,2024-03-18 18:20:47.711927984,Premium,,Uso medio,Adulto
12951,7,3,7.89,Carlos,Gomez,28,Medellín,2024-03-19 00:55:05.626406608,Basico,,Uso medio,Joven
12952,12,2,4.18,Sofia,Gomez,65,Bogotá,2024-03-19 07:29:23.540885224,Basico,,Alto uso,Adulto Mayor
12953,4,5,37.64,Sofia,Ramirez,37,MTY,2024-03-19 14:03:41.455363848,Basico,,Uso medio,Adulto
12954,2,7,17.11,Ana,Ramirez,53,GDL,2024-03-19 20:37:59.369842464,Premium,,Uso medio,Adulto
12955,7,4,26.66,Carlos,Gomez,71,CDMX,2024-03-20 03:12:17.284321088,Basico,"1,72956E+18",Uso medio,Adulto Mayor
12956,6,2,1.68,Mariana,Torres,71,,2024-03-20 09:46:35.198799704,Premium,,Uso medio,Adulto Mayor
12957,4,3,7.28,Mateo,Torres,72,GDL,2024-03-20 16:20:53.113278320,Basico,,Bajo uso,Adulto Mayor
12958,5,8,36.410000000000004,Ana,Lopez,47,CDMX,2024-03-20 22:55:11.027756944,Premium,,Uso medio,Adulto
12959,4,4,33.06,Ana,Garcia,34,,2024-03-21 05:29:28.942235560,Basico,,Bajo uso,Adulto
12960,4,1,14.32,Mariana,Lopez,62,Bogotá,2024-03-21 12:03:46.856714184,Basico,,Bajo uso,Adulto Mayor
12961,8,4,146.92,Carlos,Lopez,28,Cali,2024-03-21 18:38:04.771192800,Premium,,Uso medio,Joven
12962,5,4,9.24,Carlos,Garcia,47,CDMX,2024-03-22 01:12:22.685671424,Basico,,Uso medio,Adulto
12963,4,7,29.939999999999998,Sofia,Gomez,52,Bogotá,2024-03-22 07:46:40.600150040,Premium,,Uso medio,Adulto
12964,3,1,9.92,Mariana,Torres,58,MTY,2024-03-22 14:20:58.514628664,Premium,"1,72212E+18",Bajo uso,Adulto
12965,5,6,36.82,Mariana,Lopez,55,Cali,2024-03-22 20:55:16.429107280,Basico,,Uso medio,Adulto
12966,8,1,0.28,Carlos,Garcia,39,CDMX,2024-03-23 03:29:34.343585904,Premium,,Uso medio,Adulto
12967,7,7,31.83,Sofia,Ramirez,70,Bogotá,2024-03-23 10:03:52.258064520,Premium,,Uso medio,Adulto Mayor
12968,7,4,24.92,Ana,Lopez,60,Cali,2024-03-23 16:38:10.172543136,Basico,"1,72083E+18",Uso medio,Adulto Mayor
12969,8,1,3.5,Luis,Torres,65,Bogotá,2024-03-23 23:12:28.087021760,Basico,,Uso medio,Adulto Mayor
12970,8,4,12.05,Mateo,Gomez,68,Bogotá,2024-03-24 05:46:46.001500376,Basico,,Uso medio,Adulto Mayor
12971,2,3,6.9799999999999995,Ana,Lopez,44,CDMX,2024-03-24 12:21:03.915979000,Premium,"1,72679E+18",Bajo uso,Adulto
12972,6,6,19.94,Carlos,Lopez,54,CDMX,2024-03-24 18:55:21.830457616,Premium,,Uso medio,Adulto
12973,5,5,23.7,Mateo,Garcia,63,Medellín,2024-03-25 01:29:39.744936240,Basico,,Uso medio,Adulto Mayor
12974,2,5,16.33,Luis,Ramirez,66,Medellín,2024-03-25 08:03:57.659414856,Basico,,Uso medio,Adulto Mayor
12975,6,4,11.969999999999999,Luis,Ramirez,52,,2024-03-25 14:38:15.573893480,Basico,"1,72956E+18",Uso medio,Adulto
12976,4,10,31.18,Sofia,Gomez,21,Medellín,2024-03-25 21:12:33.488372096,Basico,,Alto uso,Joven
12977,5,7,63.7,Mateo,Torres,33,Bogotá,2024-03-26 03:46:51.402850720,Premium,,Uso medio,Adulto
12978,3,5,33.43,Sofia,Gomez,33,,2024-03-26 10:21:09.317329336,Premium,,Uso medio,Adulto
12979,9,9,38.019999999999996,Ana,Lopez,38,CDMX,2024-03-26 16:55:27.231807952,Basico,,Uso medio,Adulto
12980,5,3,6.27,Mariana,Lopez,43,Bogotá,2024-03-26 23:29:45.146286576,Premium,,Uso medio,Adulto
12981,9,3,12.48,Mariana,Ramirez,74,GDL,2024-03-27 06:04:03.060765192,Basico,,Uso medio,Adulto Mayor
12982,8,3,8.790000000000001,Mariana,Torres,53,CDMX,2024-03-27 12:38:20.975243816,Basico,"1,71841E+18",Uso medio,Adulto
12983,6,4,11.44,Mateo,Garcia,36,Cali,2024-03-27 19:12:38.889722432,Basico,,Uso medio,Adulto
12984,4,4,26.03,Mariana,Torres,75,Bogotá,2024-03-28 01:46:56.804201056,Basico,,Bajo uso,Adulto Mayor
12985,6,2,6.61,Ana,Lopez,34,Bogotá,2024-03-28 08:21:14.718679672,Premium,,Uso medio,Adulto
12986,10,5,24.599999999999998,Sofia,Garcia,62,Bogotá,2024-03-28 14:55:32.633158296,Basico,,Alto uso,Adulto Mayor
12987,6,9,61.35,Mateo,Torres,43,Bogotá,2024-03-28 21:29:50.547636912,Basico,"1,73102E+18",Uso medio,Adulto
12988,5,4,12.93,Sofia,Torres,39,CDMX,2024-03-29 04:04:08.462115536,Basico,,Uso medio,Adulto
12989,4,1,4.62,Mateo,Garcia,72,Medellín,2024-03-29 10:38:26.376594152,Basico,,Bajo uso,Adulto Mayor
12990,6,4,13.51,Sofia,Lopez,75,Bogotá,2024-03-29 17:12:44.291072776,Basico,,Uso medio,Adulto Mayor
12991,4,5,28.509999999999998,Luis,Torres,47,Cali,2024-03-29 23:47:02.205551392,Basico,,Uso medio,Adulto
12992,7,5,33.06,Sofia,Garcia,73,GDL,2024-03-30 06:21:20.120030008,Premium,,Uso medio,Adulto Mayor
12993,3,2,3.9299999999999997,Mariana,Lopez,45,GDL,2024-03-30 12:55:38.034508632,Premium,,Bajo uso,Adulto
12994,7,6,21.950000000000003,Luis,Garcia,18,Medellín,2024-03-30 19:29:55.948987248,Basico,"1,73439E+18",Uso medio,Joven
12995,3,5,17.05,Sofia,Garcia,61,Cali,2024-03-31 02:04:13.863465872,Premium,,Uso medio,Adulto Mayor
12996,5,7,24.54,Mateo,Torres,53,Bogotá,2024-03-31 08:38:31.777944488,Basico,,Uso medio,Adulto
12997,8,7,25.95,Mateo,Lopez,60,Medellín,2024-03-31 15:12:49.692423112,Basico,,Uso medio,Adulto Mayor
12998,8,4,23.94,Mateo,Torres,54,,2024-03-31 21:47:07.606901728,Basico,,Uso medio,Adulto
12999,6,7,33.239999999999995,Carlos,Gomez,19,,2024-04-01 04:21:25.521380352,Basico,,Uso medio,Joven
13000,2,6,40.510000000000005,Ana,Gomez,34,Medellín,2024-04-01 10:55:43.435858968,Premium,,Uso medio,Adulto
13001,7,2,2.96,Mateo,Lopez,57,Medellín,2024-04-01 17:30:01.350337592,Basico,,Uso medio,Adulto
13002,8,0,0.0,Luis,Garcia,55,GDL,2024-04-02 00:04:19.264816208,Premium,,Uso medio,Adulto
13003,8,4,15.9,Mateo,Torres,38,Cali,2024-04-02 06:38:37.179294824,Basico,,Uso medio,Adulto
13004,8,4,20.18,Carlos,Torres,78,Bogotá,2024-04-02 13:12:55.093773448,Basico,,Uso medio,Adulto Mayor
13005,5,4,14.66,Mariana,Lopez,26,,2024-04-02 19:47:13.008252064,Premium,,Uso medio,Joven
13006,2,4,12.73,Luis,Lopez,30,CDMX,2024-04-03 02:21:30.922730688,Basico,,Bajo uso,Adulto
13007,6,6,16.0,Carlos,Gomez,28,Bogotá,2024-04-03 08:55:48.837209304,Basico,,Uso medio,Joven
13008,3,2,8.5,Mariana,Ramirez,78,Bogotá,2024-04-03 15:30:06.751687928,Basico,,Bajo uso,Adulto Mayor
13009,4,3,19.5,Luis,Lopez,33,Bogotá,2024-04-03 22:04:24.666166544,Basico,,Bajo uso,Adulto
13010,3,6,35.58,Sofia,Ramirez,33,GDL,2024-04-04 04:38:42.580645168,Premium,,Uso medio,Adulto
13011,1,6,28.5,Ana,Lopez,76,Bogotá,2024-04-04 11:13:00.495123784,Basico,,Uso medio,Adulto Mayor
13012,6,5,39.739999999999995,Ana,Garcia,19,Cali,2024-04-04 17:47:18.409602408,Basico,,Uso medio,Joven
13013,4,1,13.37,Carlos,Garcia,59,Medellín,2024-04-05 00:21:36.324081024,Premium,,Bajo uso,Adulto
13014,5,4,12.24,Mariana,Gomez,61,GDL,2024-04-05 06:55:54.238559640,Basico,"1,7185E+18",Uso medio,Adulto Mayor
13015,6,5,13.08,Ana,Gomez,25,Medellín,2024-04-05 13:30:12.153038264,Basico,,Uso medio,Joven
13016,7,6,27.490000000000002,Mariana,Ramirez,60,GDL,2024-04-05 20:04:30.067516880,Basico,,Uso medio,Adulto Mayor
13017,6,6,58.64,Mariana,Lopez,79,CDMX,2024-04-06 02:38:47.981995504,Basico,"1,73154E+18",Uso medio,Adulto Mayor
13018,4,4,49.22,Carlos,Torres,59,Medellín,2024-04-06 09:13:05.896474120,Basico,,Bajo uso,Adulto
13019,7,4,25.17,Carlos,Gomez,30,Cali,2024-04-06 15:47:23.810952744,Basico,,Uso medio,Adulto
13020,8,4,11.68,Carlos,Torres,74,Bogotá,2024-04-06 22:21:41.725431360,Premium,,Uso medio,Adulto Mayor
13021,8,6,12.989999999999998,Ana,Torres,34,Bogotá,2024-04-07 04:55:59.639909984,Basico,,Uso medio,Adulto
13022,3,7,29.939999999999998,Carlos,Lopez,56,MTY,2024-04-07 11:30:17.554388600,Basico,,Uso medio,Adulto
13023,4,2,6.84,Ana,Ramirez,41,Bogotá,2024-04-07 18:04:35.468867224,Basico,,Bajo uso,Adulto
13024,2,7,62.349999999999994,Carlos,Lopez,20,CDMX,2024-04-08 00:38:53.383345840,Basico,,Uso medio,Joven
13025,6,4,20.919999999999998,Mateo,Gomez,47,,2024-04-08 07:13:11.297824464,Premium,,Uso medio,Adulto
13026,7,1,11.35,Mariana,Torres,69,Cali,2024-04-08 13:47:29.212303080,Basico,,Uso medio,Adulto Mayor
13027,7,3,22.91,Carlos,Lopez,30,Medellín,2024-04-08 20:21:47.126781696,Basico,,Uso medio,Adulto
13028,10,7,53.660000000000004,Luis,Lopez,36,Bogotá,2024-04-09 02:56:05.041260320,Basico,,Alto uso,Adulto
13029,6,3,3.66,Mariana,Lopez,24,Cali,2024-04-09 09:30:22.955738936,Basico,,Uso medio,Joven
13030,1,2,16.47,Mariana,Gomez,26,Bogotá,2024-04-09 16:04:40.870217560,Premium,"1,72912E+18",Bajo uso,Joven
13031,2,5,34.06,Carlos,Ramirez,36,GDL,2024-04-09 22:38:58.784696176,Basico,"1,72074E+18",Uso medio,Adulto
13032,10,6,51.690000000000005,Sofia,Lopez,62,CDMX,2024-04-10 05:13:16.699174800,Basico,,Alto uso,Adulto Mayor
13033,9,4,23.5,Carlos,Gomez,71,Medellín,2024-04-10 11:47:34.613653416,Basico,,Uso medio,Adulto Mayor
13034,5,5,12.89,Mariana,Torres,57,,2024-04-10 18:21:52.528132040,Basico,,Uso medio,Adulto
13035,6,3,18.73,Luis,Garcia,39,CDMX,,Basico,,Uso medio,Adulto
13036,7,4,25.72,Mariana,Gomez,35,GDL,2024-04-11 07:30:28.357089280,Basico,,Uso medio,Adulto
13037,6,10,42.17,Luis,Garcia,78,Bogotá,2024-04-11 14:04:46.271567896,Premium,,Alto uso,Adulto Mayor
13038,6,5,28.01,Ana,Lopez,40,Cali,2024-04-11 20:39:04.186046512,Basico,,Uso medio,Adulto
13039,3,4,32.61,Mateo,Lopez,19,GDL,2024-04-12 03:13:22.100525136,Premium,,Bajo uso,Joven
13040,6,4,26.29,Mariana,Gomez,67,GDL,2024-04-12 09:47:40.015003752,Basico,,Uso medio,Adulto Mayor
13041,4,3,11.59,Carlos,Garcia,67,Medellín,2024-04-12 16:21:57.929482376,Premium,,Bajo uso,Adulto Mayor
13042,4,10,47.050000000000004,Ana,Lopez,28,Bogotá,2024-04-12 22:56:15.843960992,Basico,,Alto uso,Joven
13043,4,5,22.020000000000003,Mateo,Torres,48,CDMX,2024-04-13 05:30:33.758439616,Premium,"1,72886E+18",Uso medio,Adulto
13044,5,6,32.71,Carlos,Ramirez,50,CDMX,2024-04-13 12:04:51.672918232,Basico,,Uso medio,Adulto
13045,5,12,96.88,Sofia,Ramirez,31,Medellín,2024-04-13 18:39:09.587396856,Basico,"1,72014E+18",Alto uso,Adulto
13046,7,1,6.81,Carlos,Lopez,33,Bogotá,2024-04-14 01:13:27.501875472,Premium,,Uso medio,Adulto
13047,7,3,25.259999999999998,Luis,Garcia,28,,2024-04-14 07:47:45.416354096,Basico,,Uso medio,Joven
13048,7,3,8.47,Luis,Lopez,50,Medellín,2024-04-14 14:22:03.330832720,Basico,,Uso medio,Adulto
13049,6,3,12.93,Sofia,Garcia,79,CDMX,2024-04-14 20:56:21.245311328,Basico,,Uso medio,Adulto Mayor
13050,11,1,6.43,Ana,Torres,24,Bogotá,2024-04-15 03:30:39.159789952,Basico,,Alto uso,Joven
13051,4,6,21.42,Mateo,Garcia,48,Bogotá,2024-04-15 10:04:57.074268576,Basico,,Uso medio,Adulto
13052,8,4,9.3,Carlos,Lopez,78,CDMX,2024-04-15 16:39:14.988747184,Basico,,Uso medio,Adulto Mayor
13053,9,5,17.01,Luis,Torres,65,,2024-04-15 23:13:32.903225808,Basico,,Uso medio,Adulto Mayor
13054,3,3,12.379999999999999,Ana,Gomez,79,Cali,2024-04-16 05:47:50.817704432,Basico,,Bajo uso,Adulto Mayor
13055,8,5,42.89,Sofia,Ramirez,63,GDL,2024-04-16 12:22:08.732183056,Basico,,Uso medio,Adulto Mayor
13056,9,3,33.199999999999996,Mariana,Lopez,64,GDL,2024-04-16 18:56:26.646661664,Basico,,Uso medio,Adulto Mayor
13057,5,3,6.890000000000001,Luis,Lopez,31,CDMX,2024-04-17 01:30:44.561140288,Basico,"1,72463E+18",Uso medio,Adulto
13058,5,2,3.71,Sofia,Lopez,45,GDL,2024-04-17 08:05:02.475618912,Premium,,Uso medio,Adulto
13059,4,2,4.9399999999999995,Carlos,Torres,70,Bogotá,2024-04-17 14:39:20.390097536,Basico,,Bajo uso,Adulto Mayor
13060,7,0,0.0,Mateo,Gomez,60,Bogotá,2024-04-17 21:13:38.304576144,Premium,,Uso medio,Adulto Mayor
13061,10,4,26.35,Luis,Garcia,33,,2024-04-18 03:47:56.219054768,Premium,,Alto uso,Adulto
13062,6,5,23.599999999999998,Luis,Gomez,36,CDMX,2024-04-18 10:22:14.133533392,Premium,,Uso medio,Adulto
13063,2,3,10.56,Carlos,Torres,34,Bogotá,2024-04-18 16:56:32.048012000,Premium,,Bajo uso,Adulto
13064,6,3,19.009999999999998,Mariana,Lopez,76,,2024-04-18 23:30:49.962490624,Premium,,Uso medio,Adulto Mayor
13065,6,6,8.61,Ana,Ramirez,43,Bogotá,2024-04-19 06:05:07.876969248,Basico,,Uso medio,Adulto
13066,5,5,34.96,Mateo,Lopez,23,CDMX,2024-04-19 12:39:25.791447872,Basico,,Uso medio,Joven
13067,3,2,6.58,Luis,Garcia,60,GDL,2024-04-19 19:13:43.705926480,Basico,"1,73483E+18",Bajo uso,Adulto Mayor
13068,9,2,3.91,Mateo,Ramirez,66,MTY,2024-04-20 01:48:01.620405104,Premium,,Uso medio,Adulto Mayor
13069,1,9,48.36,Luis,Lopez,26,,2024-04-20 08:22:19.534883728,Premium,"1,7286E+18",Uso medio,Joven
13070,4,7,43.57,Mateo,Ramirez,67,,2024-04-20 14:56:37.449362352,Premium,,Uso medio,Adulto Mayor
13071,3,6,27.25,Sofia,Gomez,34,,2024-04-20 21:30:55.363840960,Premium,,Uso medio,Adulto
13072,8,4,23.03,Luis,Torres,48,Cali,2024-04-21 04:05:13.278319584,Premium,,Uso medio,Adulto
13073,3,3,6.8100000000000005,Mateo,Lopez,29,MTY,2024-04-21 10:39:31.192798208,Basico,,Bajo uso,Joven
13074,3,5,23.75,Ana,Garcia,40,,2024-04-21 17:13:49.107276816,Basico,,Uso medio,Adulto
13075,7,4,34.0,Sofia,Gomez,71,,2024-04-21 23:48:07.021755440,Basico,,Uso medio,Adulto Mayor
13076,6,8,34.69,Sofia,Lopez,71,MTY,2024-04-22 06:22:24.936234064,Basico,,Uso medio,Adulto Mayor
13077,5,3,9.02,Ana,Gomez,79,GDL,2024-04-22 12:56:42.850712688,Basico,,Uso medio,Adulto Mayor
13078,3,6,64.09,Mateo,Garcia,22,Bogotá,2024-04-22 19:31:00.765191296,Basico,,Uso medio,Joven
13079,6,3,26.19,Carlos,Lopez,60,GDL,2024-04-23 02:05:18.679669920,Premium,,Uso medio,Adulto Mayor
13080,4,4,35.7,Ana,Garcia,53,CDMX,2024-04-23 08:39:36.594148544,Basico,,Bajo uso,Adulto
13081,7,7,22.810000000000002,Mateo,Ramirez,76,,2024-04-23 15:13:54.508627168,Premium,,Uso medio,Adulto Mayor
13082,7,5,16.62,Ana,Garcia,53,,2024-04-23 21:48:12.423105776,Basico,,Uso medio,Adulto
13083,2,7,40.9,Ana,Ramirez,20,CDMX,2024-04-24 04:22:30.337584400,Basico,,Uso medio,Joven
13084,7,5,45.09,Luis,Lopez,75,Bogotá,2024-04-24 10:56:48.252063024,Premium,"1,73483E+18",Uso medio,Adulto Mayor
13085,5,3,20.81,Mateo,Ramirez,41,Cali,2024-04-24 17:31:06.166541632,Premium,,Uso medio,Adulto
13086,4,4,31.48,Carlos,Lopez,72,Medellín,2024-04-25 00:05:24.081020256,Basico,,Bajo uso,Adulto Mayor
13087,6,3,7.0600000000000005,Luis,Lopez,74,MTY,2024-04-25 06:39:41.995498880,Basico,,Uso medio,Adulto Mayor
13088,4,8,38.24,Ana,Torres,34,Medellín,2024-04-25 13:13:59.909977504,Basico,,Uso medio,Adulto
13089,4,3,22.14,Mariana,Lopez,56,,2024-04-25 19:48:17.824456112,Premium,,Bajo uso,Adulto
13090,3,1,6.8,Ana,Ramirez,43,,2024-04-26 02:22:35.738934736,Basico,,Bajo uso,Adulto
13091,6,5,23.46,Ana,Torres,21,MTY,2024-04-26 08:56:53.653413360,Basico,,Uso medio,Joven
13092,2,4,15.209999999999999,Mateo,Torres,72,CDMX,2024-04-26 15:31:11.567891984,Basico,,Bajo uso,Adulto Mayor
13093,4,3,10.190000000000001,Mateo,Lopez,62,,2024-04-26 22:05:29.482370592,Premium,"1,72809E+18",Bajo uso,Adulto Mayor
13094,12,3,10.25,Luis,Garcia,29,CDMX,2024-04-27 04:39:47.396849216,Premium,,Alto uso,Joven
13095,5,7,44.9,Carlos,Garcia,18,Medellín,2024-04-27 11:14:05.311327840,Premium,,Uso medio,Joven
13096,3,2,1.64,Luis,Torres,38,CDMX,2024-04-27 17:48:23.225806448,Basico,,Bajo uso,Adulto
13097,3,5,21.439999999999998,Sofia,Lopez,36,MTY,2024-04-28 00:22:41.140285072,Premium,,Uso medio,Adulto
13098,6,2,4.85,Ana,Garcia,38,Bogotá,2024-04-28 06:56:59.054763696,Premium,"1,72385E+18",Uso medio,Adulto
13099,2,5,20.0,Mariana,Lopez,69,CDMX,2024-04-28 13:31:16.969242320,Premium,,Uso medio,Adulto Mayor
13100,13,9,38.16,Ana,Lopez,35,,2024-04-28 20:05:34.883720928,Basico,,Alto uso,Adulto
13101,6,8,21.28,Ana,Torres,60,CDMX,2024-04-29 02:39:52.798199552,Premium,,Uso medio,Adulto Mayor
13102,4,7,41.43,Luis,Torres,69,,2024-04-29 09:14:10.712678176,Basico,,Uso medio,Adulto Mayor
13103,5,2,8.030000000000001,Mariana,Gomez,20,,2024-04-29 15:48:28.627156800,Premium,,Uso medio,Joven
13104,5,7,48.510000000000005,Mariana,Garcia,78,MTY,2024-04-29 22:22:46.541635408,Basico,,Uso medio,Adulto Mayor
13105,8,0,0.0,Mariana,Garcia,66,Medellín,2024-04-30 04:57:04.456114032,Basico,,Uso medio,Adulto Mayor
13106,5,5,26.55,Luis,Garcia,61,GDL,2024-04-30 11:31:22.370592656,Basico,,Uso medio,Adulto Mayor
13107,10,6,33.19,Ana,Ramirez,49,Cali,2024-04-30 18:05:40.285071264,Basico,,Alto uso,Adulto
13108,7,3,27.97,Luis,Lopez,27,Bogotá,2024-05-01 00:39:58.199549888,Basico,,Uso medio,Joven
13109,2,7,38.410000000000004,Mateo,Torres,57,MTY,2024-05-01 07:14:16.114028512,Basico,,Uso medio,Adulto
13110,2,7,24.240000000000002,Mateo,Garcia,32,Bogotá,2024-05-01 13:48:34.028507136,Basico,,Uso medio,Adulto
13111,6,6,33.269999999999996,Luis,Gomez,22,Medellín,2024-05-01 20:22:51.942985744,Premium,,Uso medio,Joven
13112,6,7,17.95,Mariana,Garcia,21,,2024-05-02 02:57:09.857464368,Basico,,Uso medio,Joven
13113,4,1,9.92,Ana,Lopez,75,CDMX,2024-05-02 09:31:27.771942992,Basico,,Bajo uso,Adulto Mayor
13114,4,3,19.66,Luis,Lopez,45,Bogotá,2024-05-02 16:05:45.686421616,Premium,,Bajo uso,Adulto
13115,4,8,40.76,Luis,Torres,70,GDL,2024-05-02 22:40:03.600900224,Basico,,Uso medio,Adulto Mayor
13116,6,3,20.830000000000002,Luis,Ramirez,69,Cali,2024-05-03 05:14:21.515378848,Basico,,Uso medio,Adulto Mayor
13117,7,7,25.36,Sofia,Torres,68,CDMX,2024-05-03 11:48:39.429857472,Basico,"1,72705E+18",Uso medio,Adulto Mayor
13118,6,4,12.19,Mateo,Garcia,70,Medellín,2024-05-03 18:22:57.344336096,Basico,"1,7286E+18",Uso medio,Adulto Mayor
13119,5,2,2.45,Mariana,Gomez,21,CDMX,2024-05-04 00:57:15.258814704,Basico,,Uso medio,Joven
13120,5,3,4.33,Carlos,Torres,32,Bogotá,2024-05-04 07:31:33.173293328,Basico,,Uso medio,Adulto
13121,4,4,21.990000000000002,Mariana,Ramirez,34,Cali,2024-05-04 14:05:51.087771952,Premium,,Bajo uso,Adulto
13122,3,10,30.32,Carlos,Torres,61,Cali,2024-05-04 20:40:09.002250560,Basico,,Alto uso,Adulto Mayor
13123,6,3,22.03,Sofia,Lopez,20,Cali,2024-05-05 03:14:26.916729184,Basico,,Uso medio,Joven
13124,5,4,9.62,Luis,Garcia,27,Bogotá,2024-05-05 09:48:44.831207808,Premium,,Uso medio,Joven
13125,4,2,5.0,Sofia,Garcia,64,,2024-05-05 16:23:02.745686432,Basico,,Bajo uso,Adulto Mayor
13126,6,5,67.32,Sofia,Garcia,59,Bogotá,2024-05-05 22:57:20.660165040,Basico,,Uso medio,Adulto
13127,4,5,31.5,Ana,Garcia,73,,2024-05-06 05:31:38.574643664,Premium,,Uso medio,Adulto Mayor
13128,4,3,22.0,Mateo,Garcia,40,Bogotá,2024-05-06 12:05:56.489122288,Basico,,Bajo uso,Adulto
13129,3,7,27.150000000000002,Carlos,Garcia,35,Bogotá,2024-05-06 18:40:14.403600912,Premium,"1,72999E+18",Uso medio,Adulto
13130,5,5,18.57,Luis,Gomez,18,GDL,2024-05-07 01:14:32.318079520,Basico,,Uso medio,Joven
13131,1,7,36.72,Carlos,Ramirez,52,Bogotá,2024-05-07 07:48:50.232558144,Premium,,Uso medio,Adulto
13132,6,4,21.24,Mariana,Garcia,70,CDMX,2024-05-07 14:23:08.147036768,Basico,,Uso medio,Adulto Mayor
13133,6,5,21.17,Carlos,Ramirez,75,,2024-05-07 20:57:26.061515376,Basico,,Uso medio,Adulto Mayor
13134,10,3,29.61,Mariana,Garcia,48,Medellín,2024-05-08 03:31:43.975994000,Premium,,Alto uso,Adulto
13135,1,6,18.52,Mateo,Torres,76,,2024-05-08 10:06:01.890472624,Premium,"1,7331E+18",Uso medio,Adulto Mayor
13136,8,5,3.5300000000000002,Mariana,Garcia,61,CDMX,2024-05-08 16:40:19.804951248,Premium,,Uso medio,Adulto Mayor
13137,7,1,17.37,Carlos,Lopez,18,GDL,2024-05-08 23:14:37.719429856,Basico,,Uso medio,Joven
13138,4,1,1.83,Carlos,Gomez,20,,2024-05-09 05:48:55.633908480,Premium,,Bajo uso,Joven
13139,10,8,34.93,Mariana,Torres,20,MTY,2024-05-09 12:23:13.548387104,Basico,,Alto uso,Joven
13140,11,4,26.32,Sofia,Torres,54,Bogotá,2024-05-09 18:57:31.462865728,Basico,,Alto uso,Adulto
13141,3,7,18.12,Mateo,Lopez,36,,2024-05-10 01:31:49.377344336,Basico,,Uso medio,Adulto
13142,1,3,6.38,Ana,Garcia,46,Bogotá,2024-05-10 08:06:07.291822960,Premium,"1,73249E+18",Bajo uso,Adulto
13143,7,2,32.19,Luis,Gomez,42,GDL,2024-05-10 14:40:25.206301584,Premium,,Uso medio,Adulto
13144,7,4,29.98,Carlos,Torres,50,,2024-05-10 21:14:43.120780192,Basico,,Uso medio,Adulto
13145,4,7,21.94,Luis,Gomez,53,CDMX,2024-05-11 03:49:01.035258816,Premium,,Uso medio,Adulto
13146,4,4,12.76,Ana,Torres,78,,2024-05-11 10:23:18.949737440,Premium,,Bajo uso,Adulto Mayor
13147,5,4,19.84,Luis,Garcia,46,CDMX,2024-05-11 16:57:36.864216064,Basico,,Uso medio,Adulto
13148,3,2,6.99,Ana,Torres,75,Medellín,2024-05-11 23:31:54.778694672,Basico,,Bajo uso,Adulto Mayor
13149,7,11,48.84,Mariana,Torres,43,CDMX,2024-05-12 06:06:12.693173296,Premium,"1,73007E+18",Alto uso,Adulto
13150,8,5,39.6,Sofia,Ramirez,21,Medellín,2024-05-12 12:40:30.607651920,Basico,,Uso medio,Joven
13151,7,5,19.53,Carlos,Garcia,66,CDMX,2024-05-12 19:14:48.522130544,Basico,,Uso medio,Adulto Mayor
13152,6,3,8.200000000000001,Ana,Lopez,31,Cali,2024-05-13 01:49:06.436609152,Basico,"1,7172E+18",Uso medio,Adulto
13153,4,5,14.379999999999999,Luis,Lopez,67,Bogotá,2024-05-13 08:23:24.351087776,Basico,,Uso medio,Adulto Mayor
13154,7,6,20.55,Carlos,Garcia,44,CDMX,2024-05-13 14:57:42.265566400,Basico,,Uso medio,Adulto
13155,5,5,27.22,Sofia,Lopez,50,Medellín,2024-05-13 21:32:00.180045008,Basico,,Uso medio,Adulto
13156,6,4,14.18,Mariana,Garcia,39,Bogotá,2024-05-14 04:06:18.094523632,Premium,,Uso medio,Adulto
13157,3,1,6.03,Carlos,Lopez,65,GDL,2024-05-14 10:40:36.009002256,Basico,,Bajo uso,Adulto Mayor
13158,4,3,8.07,Ana,Ramirez,20,CDMX,2024-05-14 17:14:53.923480880,Premium,,Bajo uso,Joven
13159,11,8,32.19,Sofia,Lopez,40,Bogotá,2024-05-14 23:49:11.837959488,Premium,,Alto uso,Adulto
13160,7,5,22.86,Luis,Torres,38,CDMX,2024-05-15 06:23:29.752438112,Premium,,Uso medio,Adulto
13161,4,5,9.49,Sofia,Garcia,58,CDMX,2024-05-15 12:57:47.666916736,Premium,,Uso medio,Adulto
13162,7,7,23.5,Sofia,Gomez,40,GDL,2024-05-15 19:32:05.581395360,Basico,"1,73102E+18",Uso medio,Adulto
13163,5,6,26.9,Mateo,Gomez,21,Medellín,2024-05-16 02:06:23.495873968,Basico,,Uso medio,Joven
13164,4,5,39.809999999999995,Sofia,Garcia,38,Bogotá,2024-05-16 08:40:41.410352592,Basico,,Uso medio,Adulto
13165,3,5,37.92,Sofia,Ramirez,54,CDMX,2024-05-16 15:14:59.324831216,Premium,,Uso medio,Adulto
13166,5,6,42.39,Carlos,Lopez,60,,2024-05-16 21:49:17.239309824,Premium,,Uso medio,Adulto Mayor
13167,5,4,20.5,Luis,Ramirez,48,,2024-05-17 04:23:35.153788448,Basico,,Uso medio,Adulto
13168,5,5,11.23,Carlos,Gomez,38,GDL,2024-05-17 10:57:53.068267072,Premium,,Uso medio,Adulto
13169,5,6,36.36,Carlos,Garcia,43,CDMX,2024-05-17 17:32:10.982745696,Basico,,Uso medio,Adulto
13170,3,4,32.21,Ana,Garcia,58,,2024-05-18 00:06:28.897224304,Basico,,Bajo uso,Adulto
13171,5,5,19.549999999999997,Carlos,Ramirez,75,Bogotá,2024-05-18 06:40:46.811702928,Premium,,Uso medio,Adulto Mayor
13172,6,7,29.1,Mateo,Ramirez,52,MTY,2024-05-18 13:15:04.726181552,Basico,,Uso medio,Adulto
13173,10,6,19.73,Mateo,Lopez,55,Bogotá,2024-05-18 19:49:22.640660176,Basico,,Alto uso,Adulto
13174,2,6,43.45,Ana,Torres,41,Cali,2024-05-19 02:23:40.555138784,Premium,,Uso medio,Adulto
13175,6,2,6.619999999999999,Mariana,Torres,28,CDMX,2024-05-19 08:57:58.469617408,Premium,,Uso medio,Joven
13176,4,6,17.41,Luis,Lopez,58,Cali,2024-05-19 15:32:16.384096032,Basico,"1,7172E+18",Uso medio,Adulto
13177,3,3,15.799999999999999,Luis,Torres,46,Medellín,2024-05-19 22:06:34.298574640,Basico,,Bajo uso,Adulto
13178,8,6,4.73,Carlos,Gomez,64,Bogotá,2024-05-20 04:40:52.213053264,Basico,,Uso medio,Adulto Mayor
13179,7,9,58.26,Carlos,Torres,72,,2024-05-20 11:15:10.127531888,Basico,,Uso medio,Adulto Mayor
13180,4,8,40.08,Mariana,Lopez,77,CDMX,2024-05-20 17:49:28.042010512,Premium,,Uso medio,Adulto Mayor
13181,6,5,37.06,Carlos,Torres,20,Bogotá,2024-05-21 00:23:45.956489120,Basico,"1,73007E+18",Uso medio,Joven
13182,0,4,31.119999999999997,Luis,Garcia,18,Bogotá,2024-05-21 06:58:03.870967744,Basico,,Bajo uso,Joven
13183,6,5,53.01,Sofia,Ramirez,69,Bogotá,2024-05-21 13:32:21.785446368,Basico,,Uso medio,Adulto Mayor
13184,8,11,76.69,Mateo,Gomez,78,GDL,2024-05-21 20:06:39.699924992,Premium,,Alto uso,Adulto Mayor
13185,3,3,14.55,Sofia,Garcia,71,MTY,2024-05-22 02:40:57.614403600,Basico,,Bajo uso,Adulto Mayor
13186,9,3,36.03,Sofia,Garcia,36,CDMX,2024-05-22 09:15:15.528882224,Basico,"1,72299E+18",Uso medio,Adulto
13187,3,5,138.41,Luis,Lopez,63,GDL,2024-05-22 15:49:33.443360848,Basico,"1,72981E+18",Uso medio,Adulto Mayor
13188,7,6,51.87,Sofia,Ramirez,66,GDL,2024-05-22 22:23:51.357839472,Basico,,Uso medio,Adulto Mayor
13189,8,1,11.88,Mariana,Ramirez,39,Medellín,2024-05-23 04:58:09.272318080,Basico,,Uso medio,Adulto
13190,6,6,12.120000000000001,Ana,Gomez,31,CDMX,2024-05-23 11:32:27.186796704,Basico,"1,72126E+18",Uso medio,Adulto
13191,4,6,25.009999999999998,Carlos,Lopez,66,Medellín,2024-05-23 18:06:45.101275328,Premium,,Uso medio,Adulto Mayor
13192,4,6,39.97,Ana,Gomez,74,GDL,2024-05-24 00:41:03.015753936,Premium,,Uso medio,Adulto Mayor
13193,2,4,23.189999999999998,Mateo,Torres,76,CDMX,2024-05-24 07:15:20.930232560,Premium,,Bajo uso,Adulto Mayor
13194,8,5,14.23,Carlos,Garcia,31,MTY,2024-05-24 13:49:38.844711184,Basico,,Uso medio,Adulto
13195,5,2,6.84,Sofia,Gomez,61,GDL,2024-05-24 20:23:56.759189808,Basico,,Uso medio,Adulto Mayor
13196,3,6,14.38,Mateo,Garcia,33,Bogotá,2024-05-25 02:58:14.673668416,Basico,,Uso medio,Adulto
13197,3,5,37.47,Carlos,Lopez,50,MTY,2024-05-25 09:32:32.588147040,Basico,,Uso medio,Adulto
13198,4,6,11.34,Mariana,Torres,30,,2024-05-25 16:06:50.502625664,Basico,,Uso medio,Adulto
13199,1,6,18.37,Mariana,Lopez,55,,2024-05-25 22:41:08.417104288,Premium,"1,7337E+18",Uso medio,Adulto
13200,4,5,14.98,Mariana,Torres,66,Bogotá,2024-05-26 05:15:26.331582896,Basico,,Uso medio,Adulto Mayor
13201,9,5,8.49,Mariana,Torres,29,Cali,2024-05-26 11:49:44.246061520,Basico,,Uso medio,Joven
13202,5,4,19.84,Sofia,Garcia,72,CDMX,2024-05-26 18:24:02.160540144,Basico,,Uso medio,Adulto Mayor
13203,1,6,11.51,Ana,Lopez,68,Bogotá,2024-05-27 00:58:20.075018752,Basico,,Uso medio,Adulto Mayor
13204,6,4,24.13,Carlos,Lopez,55,Medellín,2024-05-27 07:32:37.989497376,Premium,,Uso medio,Adulto
13205,5,4,17.09,Sofia,Gomez,56,GDL,2024-05-27 14:06:55.903976000,Basico,,Uso medio,Adulto
13206,7,3,8.3,Mariana,Lopez,50,CDMX,2024-05-27 20:41:13.818454624,Premium,,Uso medio,Adulto
13207,4,4,19.41,Ana,Gomez,50,CDMX,2024-05-28 03:15:31.732933232,Basico,,Bajo uso,Adulto
13208,7,3,32.55,Mateo,Ramirez,46,Bogotá,2024-05-28 09:49:49.647411856,Premium,,Uso medio,Adulto
13209,5,4,15.54,Mateo,Ramirez,22,Bogotá,2024-05-28 16:24:07.561890480,Basico,,Uso medio,Joven
13210,8,1,4.97,Mateo,Ramirez,23,MTY,2024-05-28 22:58:25.476369104,Premium,,Uso medio,Joven
13211,7,6,32.94,Mariana,Lopez,48,Bogotá,2024-05-29 05:32:43.390847712,Basico,,Uso medio,Adulto
13212,3,3,20.95,Mateo,Lopez,33,Bogotá,2024-05-29 12:07:01.305326336,Basico,,Bajo uso,Adulto
13213,8,3,10.96,Luis,Gomez,48,Cali,2024-05-29 18:41:19.219804960,Basico,,Uso medio,Adulto
13214,5,2,20.71,Carlos,Torres,42,CDMX,2024-05-30 01:15:37.134283568,Basico,,Uso medio,Adulto
13215,5,2,2.8600000000000003,Carlos,Gomez,65,Cali,2024-05-30 07:49:55.048762192,Basico,,Uso medio,Adulto Mayor
13216,9,3,3.99,Mariana,Ramirez,63,Medellín,2024-05-30 14:24:12.963240816,Basico,,Uso medio,Adulto Mayor
13217,6,5,31.12,Luis,Gomez,50,Medellín,2024-05-30 20:58:30.877719440,Basico,"1,72117E+18",Uso medio,Adulto
13218,4,6,31.94,Sofia,Torres,30,Medellín,2024-05-31 03:32:48.792198048,Basico,,Uso medio,Adulto
13219,5,4,4.6899999999999995,Sofia,Lopez,69,Bogotá,2024-05-31 10:07:06.706676672,Premium,,Uso medio,Adulto Mayor
13220,7,4,45.93,Mateo,Gomez,27,GDL,2024-05-31 16:41:24.621155296,Basico,,Uso medio,Joven
13221,5,5,24.169999999999998,Ana,Ramirez,41,Bogotá,2024-05-31 23:15:42.535633920,Basico,,Uso medio,Adulto
13222,7,6,50.97,Sofia,Ramirez,27,,2024-06-01 05:50:00.450112528,Premium,,Uso medio,Joven
13223,8,3,21.17,Ana,Lopez,58,Bogotá,2024-06-01 12:24:18.364591152,Premium,,Uso medio,Adulto
13224,4,3,10.7,Carlos,Gomez,48,CDMX,2024-06-01 18:58:36.279069776,Premium,,Bajo uso,Adulto
13225,7,3,13.93,Ana,Torres,30,CDMX,2024-06-02 01:32:54.193548384,Premium,,Uso medio,Adulto
13226,6,2,2.42,Carlos,Lopez,20,,2024-06-02 08:07:12.108027008,Basico,,Uso medio,Joven
13227,5,4,38.57,Luis,Gomez,76,CDMX,2024-06-02 14:41:30.022505632,Premium,,Uso medio,Adulto Mayor
13228,3,3,8.78,Luis,Garcia,67,CDMX,2024-06-02 21:15:47.936984256,Basico,,Bajo uso,Adulto Mayor
13229,5,5,15.39,Mariana,Ramirez,69,MTY,2024-06-03 03:50:05.851462864,Basico,,Uso medio,Adulto Mayor
13230,5,4,39.199999999999996,Mariana,Torres,51,,2024-06-03 10:24:23.765941488,Premium,,Uso medio,Adulto
13231,6,4,14.530000000000001,Mateo,Torres,66,MTY,2024-06-03 16:58:41.680420112,Basico,,Uso medio,Adulto Mayor
13232,7,8,53.59,Sofia,Torres,45,Bogotá,2024-06-03 23:32:59.594898736,Basico,,Uso medio,Adulto
13233,5,5,54.35,Mateo,Ramirez,36,Medellín,2024-06-04 06:07:17.509377344,Basico,,Uso medio,Adulto
13234,9,2,4.5600000000000005,Carlos,Gomez,40,CDMX,2024-06-04 12:41:35.423855968,Basico,,Uso medio,Adulto
13235,8,5,26.700000000000003,Mateo,Lopez,62,,2024-06-04 19:15:53.338334592,Basico,,Uso medio,Adulto Mayor
13236,5,5,28.65,Ana,Gomez,49,Bogotá,2024-06-05 01:50:11.252813200,Basico,,Uso medio,Adulto
13237,5,7,58.7,Carlos,Lopez,30,Bogotá,2024-06-05 08:24:29.167291824,Basico,,Uso medio,Adulto
13238,7,6,27.909999999999997,Mariana,Torres,50,,2024-06-05 14:58:47.081770448,Basico,,Uso medio,Adulto
13239,10,3,21.57,Luis,Gomez,51,,2024-06-05 21:33:04.996249072,Basico,,Alto uso,Adulto
13240,5,2,13.370000000000001,Mariana,Torres,50,Bogotá,2024-06-06 04:07:22.910727680,Basico,,Uso medio,Adulto
13241,2,1,7.28,Sofia,Garcia,73,CDMX,2024-06-06 10:41:40.825206304,Premium,,Bajo uso,Adulto Mayor
13242,5,10,67.11,Carlos,Torres,22,Cali,2024-06-06 17:15:58.739684928,Basico,,Alto uso,Joven
13243,8,6,34.92,Carlos,Torres,73,Bogotá,2024-06-06 23:50:16.654163552,Premium,,Uso medio,Adulto Mayor
13244,4,2,8.34,Ana,Lopez,20,,2024-06-07 06:24:34.568642160,Basico,,Bajo uso,Joven
13245,7,2,7.2,Sofia,Garcia,78,,2024-06-07 12:58:52.483120784,Basico,"1,73292E+18",Uso medio,Adulto Mayor
13246,5,3,7.34,Luis,Torres,77,CDMX,2024-06-07 19:33:10.397599408,Basico,"1,71996E+18",Uso medio,Adulto Mayor
13247,7,7,50.25,Carlos,Torres,24,,2024-06-08 02:07:28.312078016,Basico,,Uso medio,Joven
13248,7,3,18.29,Carlos,Garcia,41,MTY,2024-06-08 08:41:46.226556640,Basico,,Uso medio,Adulto
13249,5,5,59.97,Ana,Garcia,47,Medellín,2024-06-08 15:16:04.141035264,Basico,,Uso medio,Adulto
13250,3,7,47.04,Mateo,Gomez,39,CDMX,2024-06-08 21:50:22.055513888,Basico,,Uso medio,Adulto
13251,2,7,20.94,Luis,Lopez,62,,2024-06-09 04:24:39.969992496,Basico,,Uso medio,Adulto Mayor
13252,3,8,47.77,Mariana,Garcia,78,Medellín,2024-06-09 10:58:57.884471120,Basico,,Uso medio,Adulto Mayor
13253,3,3,19.32,Sofia,Garcia,40,Medellín,2024-06-09 17:33:15.798949744,Premium,,Bajo uso,Adulto
13254,3,8,48.18,Carlos,Ramirez,47,,2024-06-10 00:07:33.713428368,Basico,,Uso medio,Adulto
13255,12,10,46.160000000000004,Carlos,Garcia,77,Bogotá,2024-06-10 06:41:51.627906976,Premium,,Alto uso,Adulto Mayor
13256,5,5,24.61,Mariana,Lopez,35,Bogotá,2024-06-10 13:16:09.542385600,Premium,,Uso medio,Adulto
13257,10,4,26.78,Luis,Torres,49,,2024-06-10 19:50:27.456864224,Basico,,Alto uso,Adulto
13258,7,3,19.43,Mateo,Torres,73,Medellín,2024-06-11 02:24:45.371342848,Premium,,Uso medio,Adulto Mayor
13259,3,3,21.25,Carlos,Torres,70,,2024-06-11 08:59:03.285821456,Premium,,Bajo uso,Adulto Mayor
13260,11,4,15.71,Luis,Torres,24,,2024-06-11 15:33:21.200300080,Basico,,Alto uso,Joven
13261,7,4,35.2,Mariana,Ramirez,50,MTY,2024-06-11 22:07:39.114778704,Premium,,Uso medio,Adulto
13262,8,4,14.26,Ana,Garcia,22,Bogotá,2024-06-12 04:41:57.029257312,Premium,,Uso medio,Joven
13263,2,2,19.85,Mateo,Torres,66,GDL,2024-06-12 11:16:14.943735936,Basico,,Bajo uso,Adulto Mayor
13264,3,1,11.41,Sofia,Gomez,45,Medellín,2024-06-12 17:50:32.858214560,Basico,,Bajo uso,Adulto
13265,5,6,147.53,Carlos,Torres,78,MTY,2024-06-13 00:24:50.772693184,Premium,,Uso medio,Adulto Mayor
13266,7,4,15.7,Luis,Garcia,25,Cali,2024-06-13 06:59:08.687171792,Premium,,Uso medio,Joven
13267,7,1,0.3,Ana,Torres,32,CDMX,2024-06-13 13:33:26.601650416,Basico,,Uso medio,Adulto
13268,9,4,27.52,Sofia,Ramirez,69,CDMX,2024-06-13 20:07:44.516129040,Basico,,Uso medio,Adulto Mayor
13269,4,3,10.71,Luis,Lopez,21,GDL,2024-06-14 02:42:02.430607664,Premium,,Bajo uso,Joven
13270,6,6,15.629999999999999,Luis,Lopez,51,CDMX,2024-06-14 09:16:20.345086272,Basico,"1,72515E+18",Uso medio,Adulto
13271,5,6,42.73,Sofia,Garcia,22,Medellín,2024-06-14 15:50:38.259564896,Premium,,Uso medio,Joven
13272,5,5,24.66,Ana,Lopez,50,CDMX,2024-06-14 22:24:56.174043520,Basico,,Uso medio,Adulto
13273,8,6,27.82,Mariana,Lopez,74,CDMX,2024-06-15 04:59:14.088522128,Basico,,Uso medio,Adulto Mayor
13274,9,4,30.380000000000003,Ana,Gomez,22,CDMX,2024-06-15 11:33:32.003000752,Basico,,Uso medio,Joven
13275,4,11,62.11,Mateo,Garcia,55,Cali,2024-06-15 18:07:49.917479376,Basico,,Alto uso,Adulto
13276,9,5,39.64,Carlos,Garcia,51,Cali,2024-06-16 00:42:07.831958000,Basico,,Uso medio,Adulto
13277,3,3,23.03,Sofia,Lopez,75,CDMX,2024-06-16 07:16:25.746436608,Basico,,Bajo uso,Adulto Mayor
13278,7,3,7.800000000000001,Mariana,Lopez,43,Medellín,2024-06-16 13:50:43.660915232,Basico,,Uso medio,Adulto
13279,4,1,0.43,Sofia,Lopez,18,Bogotá,2024-06-16 20:25:01.575393856,Basico,,Bajo uso,Joven
13280,4,9,34.11,Sofia,Ramirez,21,GDL,2024-06-17 02:59:19.489872480,Premium,,Uso medio,Joven
13281,6,2,2.01,Ana,Torres,56,Medellín,2024-06-17 09:33:37.404351088,Basico,,Uso medio,Adulto
13282,5,2,2.8,Carlos,Ramirez,71,CDMX,2024-06-17 16:07:55.318829712,Basico,,Uso medio,Adulto Mayor
13283,7,3,13.08,Mateo,Garcia,43,Cali,2024-06-17 22:42:13.233308336,Basico,,Uso medio,Adulto
13284,6,6,29.169999999999998,Luis,Gomez,50,CDMX,2024-06-18 05:16:31.147786944,Basico,"1,71945E+18",Uso medio,Adulto
13285,7,6,31.17,Luis,Torres,50,,2024-06-18 11:50:49.062265568,Premium,"1,72852E+18",Uso medio,Adulto
13286,5,6,32.23,Sofia,Gomez,25,CDMX,2024-06-18 18:25:06.976744192,Premium,,Uso medio,Joven
13287,3,3,4.98,Carlos,Garcia,37,Bogotá,2024-06-19 00:59:24.891222816,Basico,"1,72126E+18",Bajo uso,Adulto
13288,3,6,6.529999999999999,Mariana,Garcia,33,,2024-06-19 07:33:42.805701424,Premium,,Uso medio,Adulto
13289,9,9,53.85,Ana,Gomez,38,CDMX,2024-06-19 14:08:00.720180048,Basico,,Uso medio,Adulto
13290,9,2,7.1899999999999995,Carlos,Gomez,62,Bogotá,2024-06-19 20:42:18.634658672,Basico,,Uso medio,Adulto Mayor
13291,5,5,21.240000000000002,Carlos,Gomez,72,MTY,2024-06-20 03:16:36.549137296,Basico,,Uso medio,Adulto Mayor
13292,2,1,17.49,Ana,Garcia,73,Bogotá,2024-06-20 09:50:54.463615904,Premium,,Bajo uso,Adulto Mayor
13293,6,7,48.6,Sofia,Lopez,47,GDL,2024-06-20 16:25:12.378094528,Basico,,Uso medio,Adulto
13294,4,2,9.09,Carlos,Gomez,43,CDMX,2024-06-20 22:59:30.292573152,Premium,,Bajo uso,Adulto
13295,6,2,4.57,Luis,Torres,40,Medellín,2024-06-21 05:33:48.207051760,Basico,,Uso medio,Adulto
13296,7,3,21.21,Ana,Garcia,35,Bogotá,2024-06-21 12:08:06.121530384,Basico,"1,71893E+18",Uso medio,Adulto
13297,7,8,70.21000000000001,Mariana,Ramirez,79,Medellín,2024-06-21 18:42:24.036009008,Premium,,Uso medio,Adulto Mayor
13298,10,2,130.23,Mateo,Ramirez,48,GDL,2024-06-22 01:16:41.950487632,Basico,,Alto uso,Adulto
13299,3,1,4.81,Sofia,Torres,69,MTY,,Premium,,Bajo uso,Adulto Mayor
13300,7,3,9.1,Ana,Lopez,59,Bogotá,2024-06-22 14:25:17.779444864,Premium,,Uso medio,Adulto
13301,13,5,24.220000000000002,Mateo,Gomez,29,Bogotá,2024-06-22 20:59:35.693923488,Premium,,Alto uso,Joven
13302,4,6,48.419999999999995,Mateo,Garcia,18,MTY,2024-06-23 03:33:53.608402112,Basico,,Uso medio,Joven
13303,5,5,25.52,Mariana,Gomez,59,GDL,2024-06-23 10:08:11.522880720,Basico,,Uso medio,Adulto
13304,6,6,19.17,Carlos,Garcia,26,GDL,2024-06-23 16:42:29.437359344,Premium,,Uso medio,Joven
13305,8,7,24.61,Mariana,Ramirez,20,CDMX,2024-06-23 23:16:47.351837968,Basico,,Uso medio,Joven
13306,4,9,44.940000000000005,Carlos,Gomez,77,MTY,2024-06-24 05:51:05.266316576,Basico,,Uso medio,Adulto Mayor
13307,4,7,31.23,Carlos,Torres,68,GDL,2024-06-24 12:25:23.180795200,Basico,,Uso medio,Adulto Mayor
13308,5,3,11.0,Ana,Lopez,43,Medellín,2024-06-24 18:59:41.095273824,Basico,,Uso medio,Adulto
13309,5,5,15.120000000000001,Ana,Torres,26,Bogotá,2024-06-25 01:33:59.009752448,Basico,,Uso medio,Joven
13310,5,4,14.49,Sofia,Lopez,59,MTY,2024-06-25 08:08:16.924231056,Basico,,Uso medio,Adulto
13311,5,5,36.34,Carlos,Gomez,68,MTY,2024-06-25 14:42:34.838709680,Basico,,Uso medio,Adulto Mayor
13312,4,8,36.64,Mateo,Gomez,33,GDL,2024-06-25 21:16:52.753188304,Basico,,Uso medio,Adulto
13313,2,6,48.519999999999996,Luis,Lopez,41,Bogotá,2024-06-26 03:51:10.667666928,Basico,"1,72705E+18",Uso medio,Adulto
13314,3,6,17.38,Sofia,Ramirez,67,,2024-06-26 10:25:28.582145536,Premium,,Uso medio,Adulto Mayor
13315,6,5,31.729999999999997,Ana,Garcia,31,Medellín,2024-06-26 16:59:46.496624160,Premium,,Uso medio,Adulto
13316,6,2,5.82,Mariana,Torres,78,Medellín,2024-06-26 23:34:04.411102784,Basico,,Uso medio,Adulto Mayor
13317,5,8,24.869999999999997,Sofia,Torres,20,Cali,2024-06-27 06:08:22.325581392,Basico,,Uso medio,Joven
13318,8,5,23.130000000000003,Sofia,Torres,51,MTY,2024-06-27 12:42:40.240060016,Basico,,Uso medio,Adulto
13319,7,3,5.16,Sofia,Gomez,50,CDMX,2024-06-27 19:16:58.154538640,Basico,,Uso medio,Adulto
13320,4,8,40.14,Sofia,Torres,67,Medellín,2024-06-28 01:51:16.069017264,Premium,,Uso medio,Adulto Mayor
13321,2,2,2.59,Luis,Garcia,41,GDL,2024-06-28 08:25:33.983495872,Premium,,Bajo uso,Adulto
13322,3,5,56.85,Mariana,Garcia,26,Bogotá,2024-06-28 14:59:51.897974496,Premium,,Uso medio,Joven
13323,1,3,16.310000000000002,Mariana,Lopez,30,Medellín,2024-06-28 21:34:09.812453120,Basico,,Bajo uso,Adulto
13324,6,7,60.66,Mariana,Gomez,19,Cali,2024-06-29 04:08:27.726931744,Basico,,Uso medio,Joven
13325,4,7,143.97,Carlos,Garcia,24,MTY,2024-06-29 10:42:45.641410352,Basico,,Uso medio,Joven
13326,2,8,31.18,Mateo,Ramirez,65,Bogotá,2024-06-29 17:17:03.555888976,Basico,,Uso medio,Adulto Mayor
13327,4,2,5.35,Mariana,Gomez,47,Medellín,2024-06-29 23:51:21.470367600,Basico,,Bajo uso,Adulto
13328,6,6,35.03,Sofia,Gomez,38,Cali,2024-06-30 06:25:39.384846208,Basico,"1,72947E+18",Uso medio,Adulto
13329,1,6,35.64,Sofia,Garcia,36,Cali,2024-06-30 12:59:57.299324832,Basico,,Uso medio,Adulto
13330,10,4,18.130000000000003,Mariana,Ramirez,42,,2024-06-30 19:34:15.213803456,Basico,,Alto uso,Adulto
13331,4,4,17.8,Mariana,Lopez,64,CDMX,2024-07-01 02:08:33.128282080,Basico,,Bajo uso,Adulto Mayor
13332,5,6,15.56,Sofia,Garcia,39,Bogotá,2024-07-01 08:42:51.042760688,Basico,"1,72912E+18",Uso medio,Adulto
13333,11,4,10.94,Carlos,Ramirez,28,GDL,2024-07-01 15:17:08.957239312,Premium,,Alto uso,Joven
13334,11,3,7.6899999999999995,Ana,Gomez,50,CDMX,2024-07-01 21:51:26.871717936,Basico,"1,71988E+18",Alto uso,Adulto
13335,4,3,8.940000000000001,Ana,Ramirez,49,,2024-07-02 04:25:44.786196560,Basico,,Bajo uso,Adulto
13336,6,4,14.98,Mariana,Gomez,38,,2024-07-02 11:00:02.700675168,Basico,,Uso medio,Adulto
13337,5,1,1.94,Luis,Garcia,56,GDL,2024-07-02 17:34:20.615153792,Premium,,Uso medio,Adulto
13338,3,6,11.48,Mariana,Garcia,37,CDMX,2024-07-03 00:08:38.529632416,Basico,,Uso medio,Adulto
13339,4,2,19.279999999999998,Mariana,Torres,25,GDL,2024-07-03 06:42:56.444111040,Premium,,Bajo uso,Joven
13340,6,8,74.05,Ana,Torres,59,Cali,2024-07-03 13:17:14.358589648,Basico,,Uso medio,Adulto
13341,5,3,15.690000000000001,Sofia,Torres,54,GDL,2024-07-03 19:51:32.273068272,Premium,,Uso medio,Adulto
13342,4,4,31.99,Mariana,Garcia,26,CDMX,2024-07-04 02:25:50.187546896,Basico,,Bajo uso,Joven
13343,5,4,21.7,Sofia,Lopez,42,CDMX,2024-07-04 09:00:08.102025504,Basico,,Uso medio,Adulto
13344,6,3,19.65,Sofia,Garcia,42,Bogotá,2024-07-04 15:34:26.016504128,Basico,,Uso medio,Adulto
13345,12,9,46.99,Luis,Ramirez,50,,2024-07-04 22:08:43.930982752,Basico,,Alto uso,Adulto
13346,9,3,23.169999999999998,Sofia,Garcia,19,GDL,2024-07-05 04:43:01.845461376,Premium,,Uso medio,Joven
13347,3,2,6.22,Ana,Garcia,36,Bogotá,2024-07-05 11:17:19.759939984,Basico,"1,72722E+18",Bajo uso,Adulto
13348,6,3,2.7399999999999998,Carlos,Gomez,63,CDMX,2024-07-05 17:51:37.674418608,Basico,,Uso medio,Adulto Mayor
13349,4,3,9.81,Carlos,Gomez,37,Bogotá,2024-07-06 00:25:55.588897232,Premium,,Bajo uso,Adulto
13350,4,7,82.17999999999999,Mateo,Gomez,59,Medellín,2024-07-06 07:00:13.503375856,Basico,,Uso medio,Adulto
13351,4,2,15.169999999999998,Mariana,Garcia,58,GDL,2024-07-06 13:34:31.417854464,Premium,,Bajo uso,Adulto
13352,8,3,25.63,Ana,Lopez,59,GDL,2024-07-06 20:08:49.332333088,Basico,,Uso medio,Adulto
13353,6,2,1.25,Sofia,Ramirez,46,Cali,2024-07-07 02:43:07.246811712,Premium,,Uso medio,Adulto
13354,9,7,26.83,Carlos,Ramirez,23,CDMX,2024-07-07 09:17:25.161290320,Basico,,Uso medio,Joven
13355,7,2,2.5,Ana,Lopez,34,Medellín,2024-07-07 15:51:43.075768944,Basico,,Uso medio,Adulto
13356,9,6,30.32,Carlos,Lopez,77,MTY,2024-07-07 22:26:00.990247568,Basico,,Uso medio,Adulto Mayor
13357,5,4,5.05,Sofia,Ramirez,42,GDL,2024-07-08 05:00:18.904726192,Basico,,Uso medio,Adulto
13358,6,6,36.79,Carlos,Torres,55,Medellín,2024-07-08 11:34:36.819204800,Basico,,Uso medio,Adulto
13359,6,5,14.620000000000001,Mariana,Gomez,21,Cali,2024-07-08 18:08:54.733683424,Basico,,Uso medio,Joven
13360,8,6,16.14,Mariana,Gomez,47,Bogotá,2024-07-09 00:43:12.648162048,Premium,"1,72619E+18",Uso medio,Adulto
13361,4,5,41.46,Mateo,Ramirez,37,CDMX,2024-07-09 07:17:30.562640672,Premium,,Uso medio,Adulto
13362,4,4,24.58,Mateo,Lopez,20,Bogotá,2024-07-09 13:51:48.477119280,Premium,,Bajo uso,Joven
13363,5,5,13.39,Carlos,Torres,40,Bogotá,2024-07-09 20:26:06.391597904,Premium,,Uso medio,Adulto
13364,4,0,0.0,Ana,Ramirez,68,Bogotá,2024-07-10 03:00:24.306076528,Premium,,Bajo uso,Adulto Mayor
13365,5,6,21.13,Mariana,Gomez,35,Medellín,2024-07-10 09:34:42.220555136,Premium,,Uso medio,Adulto
13366,5,6,30.6,Ana,Garcia,43,CDMX,2024-07-10 16:09:00.135033760,Premium,,Uso medio,Adulto
13367,6,7,40.76,Ana,Lopez,73,Bogotá,2024-07-10 22:43:18.049512384,Basico,,Uso medio,Adulto Mayor
13368,2,3,9.45,Carlos,Garcia,53,Bogotá,2024-07-11 05:17:35.963991008,Premium,,Bajo uso,Adulto
13369,3,4,26.58,Ana,Ramirez,25,MTY,2024-07-11 11:51:53.878469616,Premium,"1,72973E+18",Bajo uso,Joven
13370,5,2,6.540000000000001,Mariana,Gomez,34,Medellín,2024-07-11 18:26:11.792948240,Premium,,Uso medio,Adulto
13371,3,2,9.21,Sofia,Torres,48,GDL,2024-07-12 01:00:29.707426864,Basico,,Bajo uso,Adulto
13372,3,1,2.19,Mateo,Garcia,54,MTY,2024-07-12 07:34:47.621905488,Basico,,Bajo uso,Adulto
13373,5,7,39.74,Sofia,Torres,62,,2024-07-12 14:09:05.536384096,Premium,,Uso medio,Adulto Mayor
13374,4,6,11.9,Ana,Gomez,74,MTY,2024-07-12 20:43:23.450862720,Premium,,Uso medio,Adulto Mayor
13375,4,0,0.0,Sofia,Garcia,50,MTY,2024-07-13 03:17:41.365341344,Basico,,Bajo uso,Adulto
13376,3,5,22.099999999999998,Mariana,Torres,44,Bogotá,2024-07-13 09:51:59.279819952,Basico,,Uso medio,Adulto
13377,5,4,18.86,Mariana,Torres,62,,2024-07-13 16:26:17.194298576,Basico,,Uso medio,Adulto Mayor
13378,10,2,5.29,Ana,Garcia,21,,2024-07-13 23:00:35.108777200,Basico,,Alto uso,Joven
13379,0,9,39.44,Carlos,Gomez,39,Bogotá,2024-07-14 05:34:53.023255824,Basico,,Uso medio,Adulto
13380,4,3,10.25,Sofia,Torres,43,CDMX,2024-07-14 12:09:10.937734432,Basico,,Bajo uso,Adulto
13381,4,2,1.48,Carlos,Ramirez,49,,2024-07-14 18:43:28.852213056,Premium,,Bajo uso,Adulto
13382,6,6,17.88,Carlos,Garcia,41,Bogotá,2024-07-15 01:17:46.766691680,Premium,,Uso medio,Adulto
13383,2,4,26.73,Luis,Lopez,63,MTY,2024-07-15 07:52:04.681170304,Basico,,Bajo uso,Adulto Mayor
13384,11,5,27.88,Ana,Lopez,52,Cali,2024-07-15 14:26:22.595648912,Premium,"1,71806E+18",Alto uso,Adulto
13385,5,5,64.67,Mateo,Gomez,54,MTY,2024-07-15 21:00:40.510127536,Basico,,Uso medio,Adulto
13386,6,3,11.3,Mariana,Ramirez,49,CDMX,2024-07-16 03:34:58.424606160,Basico,,Uso medio,Adulto
13387,4,9,76.64999999999999,Mariana,Torres,24,Cali,2024-07-16 10:09:16.339084768,Basico,,Uso medio,Joven
13388,4,6,36.870000000000005,Ana,Lopez,50,Bogotá,2024-07-16 16:43:34.253563392,Premium,,Uso medio,Adulto
13389,5,5,13.32,Mateo,Gomez,48,MTY,2024-07-16 23:17:52.168042016,Premium,,Uso medio,Adulto
13390,3,2,2.92,Mariana,Ramirez,72,GDL,2024-07-17 05:52:10.082520640,Premium,,Bajo uso,Adulto Mayor
13391,4,4,14.48,Ana,Ramirez,78,Bogotá,2024-07-17 12:26:27.996999248,Basico,"1,72031E+18",Bajo uso,Adulto Mayor
13392,6,5,9.19,Mariana,Gomez,29,GDL,2024-07-17 19:00:45.911477872,Basico,,Uso medio,Joven
13393,7,2,19.54,Carlos,Gomez,28,MTY,2024-07-18 01:35:03.825956496,Basico,,Uso medio,Joven
13394,4,1,29.59,Sofia,Torres,41,Medellín,2024-07-18 08:09:21.740435120,Premium,"1,72048E+18",Bajo uso,Adulto
13395,5,4,14.86,Sofia,Gomez,25,,2024-07-18 14:43:39.654913728,Premium,,Uso medio,Joven
13396,4,4,18.970000000000002,Mariana,Torres,49,Bogotá,2024-07-18 21:17:57.569392352,Basico,,Bajo uso,Adulto
13397,2,3,15.29,Luis,Torres,74,Cali,2024-07-19 03:52:15.483870976,Basico,,Bajo uso,Adulto Mayor
13398,5,5,26.65,Mateo,Garcia,55,Cali,2024-07-19 10:26:33.398349584,Premium,,Uso medio,Adulto
13399,7,8,70.8,Mateo,Ramirez,77,Medellín,2024-07-19 17:00:51.312828208,Premium,,Uso medio,Adulto Mayor
13400,5,5,24.39,Mateo,Ramirez,39,GDL,2024-07-19 23:35:09.227306832,Basico,,Uso medio,Adulto
13401,3,5,18.2,Carlos,Ramirez,51,,2024-07-20 06:09:27.141785456,Premium,,Uso medio,Adulto
13402,3,7,18.060000000000002,Mateo,Garcia,36,Bogotá,2024-07-20 12:43:45.056264064,Basico,,Uso medio,Adulto
13403,5,7,54.75,Sofia,Torres,69,CDMX,2024-07-20 19:18:02.970742688,Basico,,Uso medio,Adulto Mayor
13404,2,5,32.08,Carlos,Torres,37,GDL,2024-07-21 01:52:20.885221312,Basico,,Uso medio,Adulto
13405,3,5,40.82,Ana,Gomez,73,Cali,2024-07-21 08:26:38.799699936,Basico,,Uso medio,Adulto Mayor
13406,12,3,17.11,Mateo,Garcia,31,CDMX,2024-07-21 15:00:56.714178544,Basico,,Alto uso,Adulto
13407,6,2,29.59,Mateo,Gomez,50,CDMX,2024-07-21 21:35:14.628657168,Basico,,Uso medio,Adulto
13408,7,5,23.6,Ana,Garcia,27,Medellín,2024-07-22 04:09:32.543135792,Basico,,Uso medio,Joven
13409,5,5,18.220000000000002,Mateo,Gomez,33,,2024-07-22 10:43:50.457614416,Basico,,Uso medio,Adulto
13410,3,3,2.16,Ana,Lopez,79,Medellín,2024-07-22 17:18:08.372093024,Basico,,Bajo uso,Adulto Mayor
13411,7,3,19.01,Carlos,Ramirez,21,GDL,2024-07-22 23:52:26.286571648,Basico,,Uso medio,Joven
13412,6,10,35.19,Sofia,Ramirez,44,CDMX,2024-07-23 06:26:44.201050272,Premium,,Alto uso,Adulto
13413,5,1,7.79,Ana,Torres,45,Medellín,2024-07-23 13:01:02.115528880,Basico,,Uso medio,Adulto
13414,2,5,17.41,Luis,Lopez,78,CDMX,2024-07-23 19:35:20.030007504,Basico,,Uso medio,Adulto Mayor
13415,5,6,35.58,Ana,Ramirez,60,Medellín,2024-07-24 02:09:37.944486128,Premium,,Uso medio,Adulto Mayor
13416,4,5,31.47,Mateo,Torres,33,GDL,2024-07-24 08:43:55.858964752,Basico,,Uso medio,Adulto
13417,5,5,36.89,Carlos,Lopez,76,,2024-07-24 15:18:13.773443360,Basico,,Uso medio,Adulto Mayor
13418,6,3,36.199999999999996,Mariana,Ramirez,69,Bogotá,2024-07-24 21:52:31.687921984,Basico,,Uso medio,Adulto Mayor
13419,5,3,12.74,Carlos,Gomez,50,GDL,2024-07-25 04:26:49.602400608,Premium,,Uso medio,Adulto
13420,1,2,1.17,Mariana,Garcia,65,,2024-07-25 11:01:07.516879232,Premium,,Bajo uso,Adulto Mayor
13421,5,5,19.509999999999998,Ana,Lopez,36,GDL,2024-07-25 17:35:25.431357840,Basico,,Uso medio,Adulto
13422,8,4,15.22,Sofia,Torres,38,MTY,2024-07-26 00:09:43.345836464,Premium,"1,71755E+18",Uso medio,Adulto
13423,10,6,17.7,Luis,Lopez,39,Cali,2024-07-26 06:44:01.260315088,Basico,,Alto uso,Adulto
13424,10,7,13.65,Carlos,Torres,26,MTY,2024-07-26 13:18:19.174793696,Premium,,Alto uso,Joven
13425,5,3,10.850000000000001,Mateo,Lopez,26,Bogotá,2024-07-26 19:52:37.089272320,Basico,,Uso medio,Joven
13426,8,2,3.77,Mariana,Torres,26,MTY,2024-07-27 02:26:55.003750944,Premium,,Uso medio,Joven
13427,6,3,11.33,Mateo,Ramirez,44,CDMX,2024-07-27 09:01:12.918229568,Basico,,Uso medio,Adulto
13428,2,6,31.6,Sofia,Gomez,34,CDMX,2024-07-27 15:35:30.832708176,Basico,,Uso medio,Adulto
13429,4,4,10.19,Mariana,Ramirez,61,Medellín,2024-07-27 22:09:48.747186800,Premium,,Bajo uso,Adulto Mayor
13430,8,3,21.939999999999998,Carlos,Gomez,74,Medellín,2024-07-28 04:44:06.661665424,Premium,,Uso medio,Adulto Mayor
13431,3,3,2.31,Ana,Ramirez,62,GDL,2024-07-28 11:18:24.576144048,Basico,,Bajo uso,Adulto Mayor
13432,7,4,18.4,Mateo,Ramirez,25,GDL,2024-07-28 17:52:42.490622656,Basico,,Uso medio,Joven
13433,11,3,17.259999999999998,Sofia,Lopez,33,,2024-07-29 00:27:00.405101280,Basico,,Alto uso,Adulto
13434,4,0,0.0,Carlos,Garcia,35,,2024-07-29 07:01:18.319579904,Basico,,Bajo uso,Adulto
13435,2,3,13.06,Carlos,Torres,78,Bogotá,2024-07-29 13:35:36.234058512,Basico,,Bajo uso,Adulto Mayor
13436,2,4,21.18,Carlos,Torres,76,Cali,2024-07-29 20:09:54.148537136,Basico,"1,72575E+18",Bajo uso,Adulto Mayor
13437,5,1,1.18,Carlos,Torres,50,Medellín,2024-07-30 02:44:12.063015760,Basico,,Uso medio,Adulto
13438,5,5,14.940000000000001,Mariana,Gomez,18,GDL,2024-07-30 09:18:29.977494384,Basico,,Uso medio,Joven
13439,6,2,3.59,Carlos,Torres,29,CDMX,2024-07-30 15:52:47.891972992,Basico,,Uso medio,Joven
13440,5,5,45.56,Mateo,Torres,23,CDMX,2024-07-30 22:27:05.806451616,Basico,,Uso medio,Joven
13441,4,10,42.64,Sofia,Lopez,58,Cali,2024-07-31 05:01:23.720930240,Basico,,Alto uso,Adulto
13442,8,11,46.5,Mariana,Ramirez,72,Medellín,2024-07-31 11:35:41.635408864,Premium,"1,71901E+18",Alto uso,Adulto Mayor
13443,5,5,18.31,Carlos,Torres,22,Medellín,2024-07-31 18:09:59.549887472,Basico,,Uso medio,Joven
13444,6,6,24.64,Luis,Garcia,76,CDMX,2024-08-01 00:44:17.464366096,Basico,,Uso medio,Adulto Mayor
13445,6,4,17.73,Luis,Torres,33,Medellín,2024-08-01 07:18:35.378844720,Basico,"1,72472E+18",Uso medio,Adulto
13446,7,2,12.07,Sofia,Gomez,35,Cali,2024-08-01 13:52:53.293323328,Basico,,Uso medio,Adulto
13447,4,8,46.96,Ana,Gomez,66,,2024-08-01 20:27:11.207801952,Premium,,Uso medio,Adulto Mayor
13448,2,2,10.629999999999999,Ana,Gomez,35,CDMX,2024-08-02 03:01:29.122280576,Basico,,Bajo uso,Adulto
13449,3,4,35.980000000000004,Mariana,Torres,18,Medellín,2024-08-02 09:35:47.036759200,Basico,,Bajo uso,Joven
13450,3,4,21.02,Mariana,Lopez,36,CDMX,2024-08-02 16:10:04.951237808,Premium,"1,7261E+18",Bajo uso,Adulto
13451,3,5,30.39,Mariana,Garcia,71,Medellín,2024-08-02 22:44:22.865716432,Premium,,Uso medio,Adulto Mayor
13452,4,3,4.15,Ana,Torres,78,Medellín,2024-08-03 05:18:40.780195056,Basico,,Bajo uso,Adulto Mayor
13453,4,3,7.38,Luis,Lopez,25,CDMX,2024-08-03 11:52:58.694673680,Basico,,Bajo uso,Joven
13454,3,3,15.62,Ana,Lopez,20,Cali,2024-08-03 18:27:16.609152288,Basico,,Bajo uso,Joven
13455,5,1,4.74,Mateo,Torres,75,CDMX,2024-08-04 01:01:34.523630912,Basico,,Uso medio,Adulto Mayor
13456,7,8,37.99,Carlos,Torres,42,Cali,2024-08-04 07:35:52.438109536,Basico,"1,7242E+18",Uso medio,Adulto
13457,7,4,10.45,Mariana,Lopez,75,GDL,2024-08-04 14:10:10.352588144,Basico,,Uso medio,Adulto Mayor
13458,7,7,53.64,Luis,Lopez,22,Medellín,2024-08-04 20:44:28.267066768,Basico,,Uso medio,Joven
13459,6,6,18.68,Sofia,Lopez,72,,2024-08-05 03:18:46.181545392,Premium,,Uso medio,Adulto Mayor
13460,8,10,50.07,Sofia,Torres,57,MTY,2024-08-05 09:53:04.096024016,Basico,,Alto uso,Adulto
13461,5,4,8.45,Carlos,Lopez,36,Bogotá,2024-08-05 16:27:22.010502624,Basico,,Uso medio,Adulto
13462,4,3,3.2199999999999998,Luis,Gomez,35,Bogotá,2024-08-05 23:01:39.924981248,Premium,,Bajo uso,Adulto
13463,4,2,5.699999999999999,Ana,Torres,67,CDMX,2024-08-06 05:35:57.839459872,Basico,,Bajo uso,Adulto Mayor
13464,7,3,15.91,Ana,Gomez,70,Bogotá,2024-08-06 12:10:15.753938496,Basico,,Uso medio,Adulto Mayor
13465,2,3,21.5,Mateo,Ramirez,48,Medellín,2024-08-06 18:44:33.668417104,Basico,,Bajo uso,Adulto
13466,4,2,4.41,Mateo,Torres,50,,2024-08-07 01:18:51.582895728,Basico,,Bajo uso,Adulto
13467,6,1,7.19,Ana,Ramirez,64,,2024-08-07 07:53:09.497374352,Basico,"1,72282E+18",Uso medio,Adulto Mayor
13468,9,6,39.51,Sofia,Lopez,35,Bogotá,2024-08-07 14:27:27.411852960,Basico,,Uso medio,Adulto
13469,7,1,0.44,Mariana,Lopez,78,Medellín,2024-08-07 21:01:45.326331584,Basico,,Uso medio,Adulto Mayor
13470,8,6,38.53,Sofia,Garcia,74,Cali,2024-08-08 03:36:03.240810208,Basico,,Uso medio,Adulto Mayor
13471,5,4,19.0,Mateo,Lopez,56,Bogotá,2024-08-08 10:10:21.155288832,Premium,,Uso medio,Adulto
13472,9,7,42.87,Carlos,Ramirez,33,CDMX,2024-08-08 16:44:39.069767440,Basico,,Uso medio,Adulto
13473,6,4,21.07,Ana,Lopez,47,Bogotá,2024-08-08 23:18:56.984246064,Basico,,Uso medio,Adulto
13474,8,1,4.76,Mateo,Torres,33,Cali,2024-08-09 05:53:14.898724688,Premium,,Uso medio,Adulto
13475,14,7,19.68,Mateo,Lopez,64,Bogotá,2024-08-09 12:27:32.813203312,Basico,,Alto uso,Adulto Mayor
13476,12,7,42.06,Mariana,Garcia,55,Medellín,2024-08-09 19:01:50.727681920,Basico,,Alto uso,Adulto
13477,3,4,20.19,Ana,Lopez,58,GDL,2024-08-10 01:36:08.642160544,Basico,,Bajo uso,Adulto
13478,4,5,20.68,Mariana,Ramirez,24,,2024-08-10 08:10:26.556639168,Premium,,Uso medio,Joven
13479,7,5,63.14,Ana,Ramirez,31,Bogotá,2024-08-10 14:44:44.471117792,Basico,,Uso medio,Adulto
13480,3,3,9.7,Mariana,Lopez,60,Medellín,2024-08-10 21:19:02.385596400,Premium,,Bajo uso,Adulto Mayor
13481,4,3,17.3,Sofia,Ramirez,70,CDMX,2024-08-11 03:53:20.300075024,Premium,,Bajo uso,Adulto Mayor
13482,2,6,43.8,Carlos,Ramirez,47,CDMX,2024-08-11 10:27:38.214553648,Basico,,Uso medio,Adulto
13483,2,1,0.98,Carlos,Garcia,65,Cali,2024-08-11 17:01:56.129032256,Basico,,Bajo uso,Adulto Mayor
13484,1,3,36.02,Ana,Torres,42,,2024-08-11 23:36:14.043510880,Basico,,Bajo uso,Adulto
13485,9,1,6.11,Luis,Garcia,49,MTY,2024-08-12 06:10:31.957989504,Basico,,Uso medio,Adulto
13486,4,1,5.58,Mateo,Gomez,55,CDMX,2024-08-12 12:44:49.872468128,Basico,"1,73457E+18",Bajo uso,Adulto
13487,3,4,19.869999999999997,Mateo,Garcia,39,MTY,2024-08-12 19:19:07.786946736,Basico,,Bajo uso,Adulto
13488,4,3,8.27,Ana,Lopez,76,CDMX,2024-08-13 01:53:25.701425360,Premium,,Bajo uso,Adulto Mayor
13489,6,6,39.769999999999996,Mariana,Torres,33,GDL,2024-08-13 08:27:43.615903984,Basico,,Uso medio,Adulto
13490,4,4,14.559999999999999,Luis,Lopez,69,Cali,2024-08-13 15:02:01.530382608,Premium,"1,73448E+18",Bajo uso,Adulto Mayor
13491,6,6,36.65,Sofia,Gomez,46,,2024-08-13 21:36:19.444861216,Premium,,Uso medio,Adulto
13492,8,4,22.9,Mariana,Torres,33,CDMX,2024-08-14 04:10:37.359339840,Basico,,Uso medio,Adulto
13493,6,4,131.88,Mariana,Ramirez,29,Bogotá,2024-08-14 10:44:55.273818464,Premium,"1,71815E+18",Uso medio,Joven
13494,5,5,25.47,Ana,Garcia,34,GDL,2024-08-14 17:19:13.188297072,Basico,,Uso medio,Adulto
13495,7,3,21.65,Ana,Lopez,54,CDMX,2024-08-14 23:53:31.102775696,Premium,,Uso medio,Adulto
13496,5,6,24.51,Mateo,Gomez,44,GDL,2024-08-15 06:27:49.017254320,Basico,,Uso medio,Adulto
13497,7,10,47.06,Ana,Ramirez,42,Bogotá,2024-08-15 13:02:06.931732944,Basico,,Alto uso,Adulto
13498,3,6,32.78,Ana,Garcia,30,CDMX,2024-08-15 19:36:24.846211552,Premium,,Uso medio,Adulto
13499,7,7,37.24,Ana,Ramirez,25,Bogotá,2024-08-16 02:10:42.760690176,Basico,,Uso medio,Joven
13500,7,5,11.17,Mateo,Garcia,73,CDMX,2024-08-16 08:45:00.675168800,Premium,,Uso medio,Adulto Mayor
13501,5,3,2.75,Sofia,Torres,22,GDL,2024-08-16 15:19:18.589647424,Basico,,Uso medio,Joven
13502,5,4,24.63,Sofia,Ramirez,29,GDL,2024-08-16 21:53:36.504126032,Basico,,Uso medio,Joven
13503,2,3,6.78,Ana,Ramirez,58,,2024-08-17 04:27:54.418604656,Basico,,Bajo uso,Adulto
13504,3,6,35.61,Mateo,Ramirez,20,Medellín,2024-08-17 11:02:12.333083280,Premium,,Uso medio,Joven
13505,7,1,1.06,Sofia,Torres,52,,2024-08-17 17:36:30.247561888,Basico,,Uso medio,Adulto
13506,2,2,4.1,Mariana,Gomez,50,MTY,2024-08-18 00:10:48.162040512,Premium,,Bajo uso,Adulto
13507,5,7,33.11,Sofia,Garcia,74,MTY,2024-08-18 06:45:06.076519136,Premium,,Uso medio,Adulto Mayor
13508,5,6,30.52,Sofia,Ramirez,39,MTY,2024-08-18 13:19:23.990997760,Premium,,Uso medio,Adulto
13509,2,4,6.57,Mateo,Torres,67,CDMX,2024-08-18 19:53:41.905476368,Premium,"1,7312E+18",Bajo uso,Adulto Mayor
13510,3,2,6.88,Mariana,Gomez,73,Medellín,2024-08-19 02:27:59.819954992,Basico,,Bajo uso,Adulto Mayor
13511,8,6,13.2,Mateo,Garcia,61,MTY,2024-08-19 09:02:17.734433616,Premium,"1,73094E+18",Uso medio,Adulto Mayor
13512,3,2,2.34,Ana,Torres,26,MTY,2024-08-19 15:36:35.648912240,Premium,,Bajo uso,Joven
13513,8,3,9.63,Carlos,Garcia,58,Bogotá,2024-08-19 22:10:53.563390848,Premium,,Uso medio,Adulto
13514,8,8,54.57,Sofia,Ramirez,35,Bogotá,2024-08-20 04:45:11.477869472,Basico,,Uso medio,Adulto
13515,8,9,77.74,Carlos,Gomez,67,,2024-08-20 11:19:29.392348096,Basico,,Uso medio,Adulto Mayor
13516,3,4,38.92,Mateo,Torres,46,MTY,2024-08-20 17:53:47.306826704,Basico,,Bajo uso,Adulto
13517,6,4,15.99,Mateo,Gomez,56,Medellín,2024-08-21 00:28:05.221305328,Basico,,Uso medio,Adulto
13518,3,1,3.17,Mateo,Ramirez,44,MTY,2024-08-21 07:02:23.135783952,Basico,,Bajo uso,Adulto
13519,7,6,23.28,Carlos,Gomez,53,,2024-08-21 13:36:41.050262576,Basico,,Uso medio,Adulto
13520,10,4,14.91,Mateo,Gomez,62,Bogotá,2024-08-21 20:10:58.964741184,Basico,,Alto uso,Adulto Mayor
13521,8,7,26.72,Ana,Lopez,34,Medellín,2024-08-22 02:45:16.879219808,Basico,,Uso medio,Adulto
13522,8,5,16.75,Mateo,Gomez,73,CDMX,2024-08-22 09:19:34.793698432,Basico,"1,73284E+18",Uso medio,Adulto Mayor
13523,5,2,8.940000000000001,Luis,Garcia,51,Medellín,2024-08-22 15:53:52.708177056,Basico,"1,7318E+18",Uso medio,Adulto
13524,6,4,28.68,Carlos,Torres,63,GDL,2024-08-22 22:28:10.622655664,Premium,,Uso medio,Adulto Mayor
13525,8,1,3.1,Luis,Lopez,20,Bogotá,2024-08-23 05:02:28.537134288,Basico,,Uso medio,Joven
13526,7,9,20.07,Mateo,Torres,22,,2024-08-23 11:36:46.451612912,Basico,,Uso medio,Joven
13527,6,8,28.75,Ana,Torres,31,,2024-08-23 18:11:04.366091520,Basico,,Uso medio,Adulto
13528,11,8,41.26,Sofia,Ramirez,20,Bogotá,2024-08-24 00:45:22.280570144,Basico,,Alto uso,Joven
13529,2,3,10.44,Mariana,Ramirez,40,Cali,2024-08-24 07:19:40.195048768,Premium,,Bajo uso,Adulto
13530,8,5,7.49,Mariana,Lopez,56,CDMX,2024-08-24 13:53:58.109527392,Premium,,Uso medio,Adulto
13531,4,4,12.81,Mateo,Ramirez,47,Cali,2024-08-24 20:28:16.024006000,Basico,,Bajo uso,Adulto
13532,8,4,20.33,Ana,Ramirez,67,Medellín,2024-08-25 03:02:33.938484624,Basico,,Uso medio,Adulto Mayor
13533,8,3,11.24,Carlos,Ramirez,62,Bogotá,2024-08-25 09:36:51.852963248,Premium,,Uso medio,Adulto Mayor
13534,9,5,21.990000000000002,Luis,Torres,78,,2024-08-25 16:11:09.767441872,Basico,,Uso medio,Adulto Mayor
13535,4,6,34.36,Luis,Lopez,40,Cali,2024-08-25 22:45:27.681920480,Basico,,Uso medio,Adulto
13536,7,8,38.4,Luis,Torres,44,GDL,2024-08-26 05:19:45.596399104,Basico,,Uso medio,Adulto
13537,3,1,4.77,Carlos,Garcia,71,Cali,2024-08-26 11:54:03.510877728,Basico,,Bajo uso,Adulto Mayor
13538,6,2,2.66,Mariana,Torres,27,CDMX,2024-08-26 18:28:21.425356336,Basico,"1,7223E+18",Uso medio,Joven
13539,6,2,18.939999999999998,Ana,Garcia,42,Cali,2024-08-27 01:02:39.339834960,Basico,"1,72256E+18",Uso medio,Adulto
13540,7,4,33.4,Carlos,Gomez,30,Medellín,2024-08-27 07:36:57.254313584,Basico,,Uso medio,Adulto
13541,3,3,21.58,Luis,Gomez,33,CDMX,2024-08-27 14:11:15.168792208,Basico,"1,73543E+18",Bajo uso,Adulto
13542,4,6,43.24,Mateo,Garcia,58,Medellín,2024-08-27 20:45:33.083270816,Basico,,Uso medio,Adulto
13543,4,3,11.34,Sofia,Garcia,51,Bogotá,2024-08-28 03:19:50.997749440,Basico,,Bajo uso,Adulto
13544,7,2,8.620000000000001,Carlos,Torres,72,Bogotá,2024-08-28 09:54:08.912228064,Basico,,Uso medio,Adulto Mayor
13545,8,2,15.91,Carlos,Garcia,54,GDL,2024-08-28 16:28:26.826706688,Basico,,Uso medio,Adulto
13546,6,4,21.09,Ana,Lopez,78,GDL,2024-08-28 23:02:44.741185296,Basico,,Uso medio,Adulto Mayor
13547,9,3,24.689999999999998,Ana,Gomez,39,Cali,2024-08-29 05:37:02.655663920,Premium,,Uso medio,Adulto
13548,7,6,17.18,Carlos,Gomez,34,GDL,2024-08-29 12:11:20.570142544,Basico,,Uso medio,Adulto
13549,4,2,1.25,Luis,Garcia,40,Bogotá,2024-08-29 18:45:38.484621168,Basico,,Bajo uso,Adulto
13550,3,4,47.019999999999996,Sofia,Ramirez,71,Medellín,2024-08-30 01:19:56.399099776,Basico,,Bajo uso,Adulto Mayor
13551,7,2,4.68,Ana,Ramirez,53,CDMX,2024-08-30 07:54:14.313578400,Basico,,Uso medio,Adulto
13552,7,4,16.29,Luis,Garcia,66,Bogotá,2024-08-30 14:28:32.228057024,Basico,,Uso medio,Adulto Mayor
13553,7,6,22.05,Mateo,Lopez,26,Bogotá,2024-08-30 21:02:50.142535632,Basico,,Uso medio,Joven
13554,3,4,9.75,Ana,Ramirez,69,Medellín,2024-08-31 03:37:08.057014256,Premium,,Bajo uso,Adulto Mayor
13555,7,2,12.92,Luis,Garcia,19,MTY,2024-08-31 10:11:25.971492880,Premium,,Uso medio,Joven
13556,4,2,5.7,Luis,Lopez,49,Bogotá,2024-08-31 16:45:43.885971504,Basico,,Bajo uso,Adulto
13557,3,2,14.72,Sofia,Lopez,73,MTY,2024-08-31 23:20:01.800450112,Basico,,Bajo uso,Adulto Mayor
13558,5,8,32.58,Sofia,Torres,67,Cali,2024-09-01 05:54:19.714928736,Premium,,Uso medio,Adulto Mayor
13559,4,7,37.83,Mateo,Lopez,70,CDMX,2024-09-01 12:28:37.629407360,Basico,,Uso medio,Adulto Mayor
13560,4,8,34.03,Luis,Ramirez,76,,2024-09-01 19:02:55.543885984,Premium,,Uso medio,Adulto Mayor
13561,4,4,15.82,Mariana,Ramirez,39,Medellín,2024-09-02 01:37:13.458364592,Basico,,Bajo uso,Adulto
13562,4,1,6.41,Luis,Garcia,60,,2024-09-02 08:11:31.372843216,Basico,,Bajo uso,Adulto Mayor
13563,5,6,24.83,Sofia,Garcia,30,Bogotá,2024-09-02 14:45:49.287321840,Basico,,Uso medio,Adulto
13564,4,5,30.15,Mariana,Lopez,25,MTY,2024-09-02 21:20:07.201800448,Premium,,Uso medio,Joven
13565,3,5,15.46,Ana,Gomez,76,,2024-09-03 03:54:25.116279072,Premium,,Uso medio,Adulto Mayor
13566,6,8,26.93,Ana,Torres,18,CDMX,2024-09-03 10:28:43.030757696,Basico,,Uso medio,Joven
13567,5,3,17.78,Carlos,Gomez,34,CDMX,2024-09-03 17:03:00.945236320,Premium,,Uso medio,Adulto
13568,6,4,25.9,Sofia,Lopez,29,GDL,2024-09-03 23:37:18.859714928,Basico,,Uso medio,Joven
13569,7,3,11.530000000000001,Carlos,Lopez,21,,2024-09-04 06:11:36.774193552,Premium,,Uso medio,Joven
13570,5,5,32.52,Mariana,Gomez,70,Medellín,2024-09-04 12:45:54.688672176,Premium,,Uso medio,Adulto Mayor
13571,3,5,15.450000000000001,Sofia,Torres,30,Bogotá,2024-09-04 19:20:12.603150800,Basico,,Uso medio,Adulto
13572,10,2,7.1000000000000005,Mateo,Gomez,48,Medellín,2024-09-05 01:54:30.517629408,Basico,,Alto uso,Adulto
13573,6,6,28.080000000000002,Luis,Garcia,78,Bogotá,2024-09-05 08:28:48.432108032,Premium,,Uso medio,Adulto Mayor
13574,3,7,20.52,Mateo,Ramirez,58,Cali,2024-09-05 15:03:06.346586656,Premium,,Uso medio,Adulto
13575,6,4,17.34,Mariana,Garcia,76,MTY,2024-09-05 21:37:24.261065264,Basico,,Uso medio,Adulto Mayor
13576,4,1,1.07,Sofia,Ramirez,79,Cali,2024-09-06 04:11:42.175543888,Basico,,Bajo uso,Adulto Mayor
13577,5,4,19.71,Mariana,Lopez,24,GDL,2024-09-06 10:46:00.090022512,Premium,,Uso medio,Joven
13578,3,3,6.87,Luis,Torres,40,GDL,2024-09-06 17:20:18.004501136,Basico,,Bajo uso,Adulto
13579,5,7,32.72,Ana,Gomez,41,Bogotá,2024-09-06 23:54:35.918979744,Basico,"1,71936E+18",Uso medio,Adulto
13580,3,7,15.040000000000001,Ana,Torres,47,Bogotá,2024-09-07 06:28:53.833458368,Basico,,Uso medio,Adulto
13581,11,4,14.3,Mariana,Gomez,22,Medellín,2024-09-07 13:03:11.747936992,Premium,,Alto uso,Joven
13582,11,8,34.92,Carlos,Garcia,22,MTY,2024-09-07 19:37:29.662415616,Basico,,Alto uso,Joven
13583,6,6,39.86,Sofia,Garcia,34,GDL,2024-09-08 02:11:47.576894224,Basico,,Uso medio,Adulto
13584,8,7,43.56,Sofia,Gomez,47,Bogotá,2024-09-08 08:46:05.491372848,Basico,,Uso medio,Adulto
13585,9,7,23.64,Ana,Torres,26,Bogotá,2024-09-08 15:20:23.405851472,Premium,"1,73076E+18",Uso medio,Joven
13586,7,3,7.619999999999999,Mateo,Gomez,23,CDMX,2024-09-08 21:54:41.320330080,Premium,,Uso medio,Joven
13587,10,4,12.1,Luis,Lopez,42,Bogotá,2024-09-09 04:28:59.234808704,Premium,,Alto uso,Adulto
13588,4,3,20.55,Mateo,Garcia,36,MTY,2024-09-09 11:03:17.149287328,Basico,,Bajo uso,Adulto
13589,5,5,2.62,Mateo,Lopez,33,MTY,2024-09-09 17:37:35.063765952,Premium,,Uso medio,Adulto
13590,3,5,22.24,Mariana,Garcia,38,GDL,2024-09-10 00:11:52.978244560,Premium,,Uso medio,Adulto
13591,5,8,48.75,Ana,Garcia,19,,2024-09-10 06:46:10.892723184,Premium,,Uso medio,Joven
13592,5,4,22.779999999999998,Ana,Ramirez,27,Medellín,2024-09-10 13:20:28.807201808,Premium,,Uso medio,Joven
13593,3,5,10.36,Ana,Lopez,33,GDL,2024-09-10 19:54:46.721680432,Basico,,Uso medio,Adulto
13594,3,4,9.73,Mariana,Lopez,54,Medellín,2024-09-11 02:29:04.636159040,Basico,,Bajo uso,Adulto
13595,3,4,21.16,Carlos,Ramirez,32,Cali,2024-09-11 09:03:22.550637664,Premium,,Bajo uso,Adulto
13596,7,2,13.0,Mateo,Torres,30,Bogotá,2024-09-11 15:37:40.465116288,Premium,,Uso medio,Adulto
13597,6,5,23.76,Mariana,Lopez,30,Cali,2024-09-11 22:11:58.379594896,Basico,,Uso medio,Adulto
13598,6,6,33.95,Sofia,Gomez,49,CDMX,2024-09-12 04:46:16.294073520,Basico,,Uso medio,Adulto
13599,5,3,17.22,Luis,Ramirez,62,Cali,2024-09-12 11:20:34.208552144,Premium,"1,73076E+18",Uso medio,Adulto Mayor
13600,7,1,0.76,Carlos,Lopez,64,Bogotá,2024-09-12 17:54:52.123030768,Basico,,Uso medio,Adulto Mayor
13601,6,6,57.2,Sofia,Torres,63,GDL,2024-09-13 00:29:10.037509376,Basico,,Uso medio,Adulto Mayor
13602,7,3,14.67,Mateo,Lopez,25,Bogotá,2024-09-13 07:03:27.951988000,Premium,,Uso medio,Joven
13603,8,3,12.850000000000001,Ana,Garcia,60,,2024-09-13 13:37:45.866466624,Basico,,Uso medio,Adulto Mayor
13604,8,3,17.26,Mateo,Gomez,35,Cali,2024-09-13 20:12:03.780945248,Basico,,Uso medio,Adulto
13605,6,4,4.53,Mariana,Ramirez,73,Bogotá,2024-09-14 02:46:21.695423856,Premium,,Uso medio,Adulto Mayor
13606,7,4,20.77,Luis,Garcia,53,CDMX,2024-09-14 09:20:39.609902480,Basico,,Uso medio,Adulto
13607,1,6,20.16,Mariana,Torres,43,Bogotá,2024-09-14 15:54:57.524381104,Basico,,Uso medio,Adulto
13608,8,5,34.59,Carlos,Garcia,27,GDL,2024-09-14 22:29:15.438859712,Basico,,Uso medio,Joven
13609,6,6,16.700000000000003,Carlos,Garcia,48,CDMX,2024-09-15 05:03:33.353338336,Basico,,Uso medio,Adulto
13610,8,3,6.99,Luis,Torres,50,Bogotá,2024-09-15 11:37:51.267816960,Basico,,Uso medio,Adulto
13611,3,3,17.25,Sofia,Garcia,46,,2024-09-15 18:12:09.182295584,Basico,,Bajo uso,Adulto
13612,5,9,105.54,Sofia,Ramirez,22,Medellín,2024-09-16 00:46:27.096774192,Basico,,Uso medio,Joven
13613,10,6,23.34,Carlos,Lopez,30,GDL,2024-09-16 07:20:45.011252816,Basico,,Alto uso,Adulto
13614,6,5,22.55,Carlos,Garcia,18,Bogotá,2024-09-16 13:55:02.925731440,Basico,,Uso medio,Joven
13615,2,4,25.98,Ana,Ramirez,40,,2024-09-16 20:29:20.840210064,Premium,,Bajo uso,Adulto
13616,5,5,31.259999999999998,Sofia,Lopez,57,Medellín,2024-09-17 03:03:38.754688672,Basico,,Uso medio,Adulto
13617,3,3,20.96,Luis,Lopez,20,Medellín,2024-09-17 09:37:56.669167296,Premium,,Bajo uso,Joven
13618,6,2,11.0,Sofia,Garcia,20,,2024-09-17 16:12:14.583645920,Basico,,Uso medio,Joven
13619,9,3,30.71,Ana,Ramirez,24,Cali,2024-09-17 22:46:32.498124528,Premium,,Uso medio,Joven
13620,1,4,3.6999999999999997,Mariana,Garcia,53,CDMX,2024-09-18 05:20:50.412603152,Basico,,Bajo uso,Adulto
13621,7,2,7.04,Carlos,Torres,52,MTY,2024-09-18 11:55:08.327081776,Basico,,Uso medio,Adulto
13622,5,5,19.61,Carlos,Lopez,32,,2024-09-18 18:29:26.241560400,Basico,,Uso medio,Adulto
13623,9,6,19.01,Ana,Garcia,57,Bogotá,2024-09-19 01:03:44.156039008,Basico,,Uso medio,Adulto
13624,5,2,12.57,Luis,Lopez,20,CDMX,2024-09-19 07:38:02.070517632,Basico,,Uso medio,Joven
13625,5,0,0.0,Carlos,Ramirez,46,Bogotá,2024-09-19 14:12:19.984996256,Basico,,Uso medio,Adulto
13626,3,5,16.55,Mateo,Gomez,47,Medellín,2024-09-19 20:46:37.899474880,Premium,,Uso medio,Adulto
13627,7,1,0.41,Carlos,Garcia,56,,2024-09-20 03:20:55.813953488,Basico,,Uso medio,Adulto
13628,4,5,8.969999999999999,Mateo,Garcia,35,MTY,2024-09-20 09:55:13.728432112,Basico,,Uso medio,Adulto
13629,12,5,45.8,Ana,Lopez,28,Bogotá,2024-09-20 16:29:31.642910736,Basico,,Alto uso,Joven
13630,9,5,24.77,Ana,Ramirez,60,,2024-09-20 23:03:49.557389360,Premium,,Uso medio,Adulto Mayor
13631,10,3,40.76,Carlos,Torres,66,MTY,2024-09-21 05:38:07.471867968,Basico,,Alto uso,Adulto Mayor
13632,3,5,52.160000000000004,Sofia,Ramirez,77,CDMX,2024-09-21 12:12:25.386346592,Basico,,Uso medio,Adulto Mayor
13633,5,3,19.2,Mateo,Garcia,55,,2024-09-21 18:46:43.300825216,Basico,,Uso medio,Adulto
13634,6,7,26.73,Luis,Torres,57,Bogotá,2024-09-22 01:21:01.215303824,Basico,,Uso medio,Adulto
13635,3,5,34.69,Carlos,Ramirez,18,Bogotá,2024-09-22 07:55:19.129782448,Premium,,Uso medio,Joven
13636,3,11,52.08,Luis,Gomez,46,Medellín,2024-09-22 14:29:37.044261072,Premium,"1,73163E+18",Alto uso,Adulto
13637,3,8,35.99,Carlos,Lopez,27,CDMX,2024-09-22 21:03:54.958739696,Basico,,Uso medio,Joven
13638,8,4,9.870000000000001,Sofia,Ramirez,45,,2024-09-23 03:38:12.873218304,Basico,,Uso medio,Adulto
13639,9,6,12.719999999999999,Sofia,Ramirez,74,MTY,2024-09-23 10:12:30.787696928,Basico,,Uso medio,Adulto Mayor
13640,4,3,5.65,Sofia,Gomez,48,MTY,2024-09-23 16:46:48.702175552,Basico,,Bajo uso,Adulto
13641,7,7,35.11,Mariana,Garcia,36,CDMX,2024-09-23 23:21:06.616654176,Premium,"1,72999E+18",Uso medio,Adulto
13642,3,13,81.59,Sofia,Lopez,20,MTY,2024-09-24 05:55:24.531132784,Basico,,Alto uso,Joven
13643,6,3,9.72,Ana,Ramirez,53,Cali,2024-09-24 12:29:42.445611408,Basico,,Uso medio,Adulto
13644,7,4,24.98,Ana,Torres,60,Cali,2024-09-24 19:04:00.360090032,Premium,,Uso medio,Adulto Mayor
13645,3,4,10.790000000000001,Mariana,Ramirez,32,,2024-09-25 01:38:18.274568640,Basico,,Bajo uso,Adulto
13646,5,2,4.78,Mateo,Lopez,50,Bogotá,2024-09-25 08:12:36.189047264,Premium,,Uso medio,Adulto
13647,11,6,60.669999999999995,Luis,Ramirez,58,Medellín,2024-09-25 14:46:54.103525888,Premium,"1,728E+18",Alto uso,Adulto
13648,4,4,13.66,Carlos,Gomez,60,Bogotá,2024-09-25 21:21:12.018004512,Premium,,Bajo uso,Adulto Mayor
13649,7,7,25.1,Carlos,Ramirez,68,Cali,2024-09-26 03:55:29.932483120,Basico,,Uso medio,Adulto Mayor
13650,3,3,28.34,Mariana,Ramirez,62,Medellín,2024-09-26 10:29:47.846961744,Premium,,Bajo uso,Adulto Mayor
13651,5,5,11.31,Ana,Torres,43,MTY,2024-09-26 17:04:05.761440368,Premium,"1,72524E+18",Uso medio,Adulto
13652,2,4,20.96,Carlos,Gomez,33,MTY,2024-09-26 23:38:23.675918992,Basico,,Bajo uso,Adulto
13653,5,3,19.810000000000002,Ana,Gomez,53,GDL,2024-09-27 06:12:41.590397600,Basico,,Uso medio,Adulto
13654,3,4,20.37,Mateo,Ramirez,50,Bogotá,2024-09-27 12:46:59.504876224,Basico,,Bajo uso,Adulto
13655,6,4,26.16,Luis,Torres,37,,2024-09-27 19:21:17.419354848,Premium,,Uso medio,Adulto
13656,5,7,42.89,Mateo,Ramirez,30,GDL,2024-09-28 01:55:35.333833456,Premium,,Uso medio,Adulto
13657,6,6,27.490000000000002,Mariana,Ramirez,50,CDMX,2024-09-28 08:29:53.248312080,Premium,"1,73474E+18",Uso medio,Adulto
13658,3,5,13.24,Sofia,Lopez,22,CDMX,2024-09-28 15:04:11.162790704,Premium,"1,72843E+18",Uso medio,Joven
13659,10,1,12.46,Sofia,Lopez,54,Cali,2024-09-28 21:38:29.077269328,Basico,,Alto uso,Adulto
13660,3,4,33.43,Sofia,Torres,31,MTY,2024-09-29 04:12:46.991747936,Basico,,Bajo uso,Adulto
13661,5,3,12.190000000000001,Mateo,Garcia,44,GDL,2024-09-29 10:47:04.906226560,Basico,,Uso medio,Adulto
13662,6,3,20.78,Carlos,Lopez,40,MTY,2024-09-29 17:21:22.820705184,Basico,"1,72152E+18",Uso medio,Adulto
13663,5,7,31.590000000000003,Luis,Garcia,31,Medellín,2024-09-29 23:55:40.735183808,Basico,"1,72627E+18",Uso medio,Adulto
13664,7,8,72.16,Sofia,Gomez,57,Bogotá,2024-09-30 06:29:58.649662416,Premium,,Uso medio,Adulto
13665,5,1,8.49,Mariana,Lopez,21,Medellín,2024-09-30 13:04:16.564141040,Premium,,Uso medio,Joven
13666,9,7,63.05,Mariana,Lopez,56,MTY,2024-09-30 19:38:34.478619664,Basico,"1,72714E+18",Uso medio,Adulto
13667,7,4,20.970000000000002,Sofia,Torres,69,Bogotá,2024-10-01 02:12:52.393098272,Premium,,Uso medio,Adulto Mayor
13668,6,5,28.67,Sofia,Garcia,36,CDMX,2024-10-01 08:47:10.307576896,Basico,,Uso medio,Adulto
13669,1,2,16.67,Luis,Lopez,64,CDMX,2024-10-01 15:21:28.222055520,Basico,"1,72152E+18",Bajo uso,Adulto Mayor
13670,7,4,22.009999999999998,Sofia,Lopez,71,Bogotá,2024-10-01 21:55:46.136534144,Premium,"1,72351E+18",Uso medio,Adulto Mayor
13671,6,1,4.93,Luis,Torres,21,MTY,2024-10-02 04:30:04.051012752,Basico,,Uso medio,Joven
13672,3,9,35.22,Mariana,Torres,47,Medellín,2024-10-02 11:04:21.965491376,Premium,"1,72238E+18",Uso medio,Adulto
13673,6,3,10.62,Sofia,Garcia,36,CDMX,2024-10-02 17:38:39.879970000,Premium,,Uso medio,Adulto
13674,8,5,37.79,Mateo,Gomez,48,CDMX,2024-10-03 00:12:57.794448624,Premium,,Uso medio,Adulto
13675,2,3,3.59,Mateo,Gomez,48,,2024-10-03 06:47:15.708927232,Basico,,Bajo uso,Adulto
13676,5,2,13.13,Mariana,Ramirez,26,Bogotá,2024-10-03 13:21:33.623405856,Basico,,Uso medio,Joven
13677,6,10,31.91,Luis,Lopez,70,Medellín,2024-10-03 19:55:51.537884480,Basico,,Alto uso,Adulto Mayor
13678,5,5,10.38,Mateo,Garcia,30,Cali,2024-10-04 02:30:09.452363088,Premium,,Uso medio,Adulto
13679,7,6,35.29,Luis,Lopez,31,Bogotá,2024-10-04 09:04:27.366841712,Premium,,Uso medio,Adulto
13680,9,5,32.69,Mateo,Garcia,72,Cali,2024-10-04 15:38:45.281320336,Basico,,Uso medio,Adulto Mayor
13681,5,5,23.060000000000002,Mateo,Garcia,77,Bogotá,2024-10-04 22:13:03.195798960,Premium,"1,73457E+18",Uso medio,Adulto Mayor
13682,11,5,26.869999999999997,Luis,Garcia,63,GDL,2024-10-05 04:47:21.110277568,Basico,,Alto uso,Adulto Mayor
13683,4,3,12.17,Carlos,Lopez,71,MTY,2024-10-05 11:21:39.024756192,Basico,,Bajo uso,Adulto Mayor
13684,8,5,12.620000000000001,Mateo,Torres,27,Bogotá,2024-10-05 17:55:56.939234816,Premium,,Uso medio,Joven
13685,6,11,30.33,Sofia,Lopez,65,MTY,2024-10-06 00:30:14.853713440,Premium,,Alto uso,Adulto Mayor
13686,2,3,27.97,Mariana,Garcia,48,MTY,2024-10-06 07:04:32.768192048,Basico,,Bajo uso,Adulto
13687,8,6,19.07,Carlos,Ramirez,54,MTY,2024-10-06 13:38:50.682670672,Basico,,Uso medio,Adulto
13688,6,3,11.83,Luis,Gomez,40,CDMX,2024-10-06 20:13:08.597149296,Basico,,Uso medio,Adulto
13689,4,4,6.53,Carlos,Garcia,44,CDMX,2024-10-07 02:47:26.511627904,Basico,,Bajo uso,Adulto
13690,3,5,21.83,Ana,Ramirez,23,CDMX,2024-10-07 09:21:44.426106528,Premium,,Uso medio,Joven
13691,7,4,6.75,Ana,Torres,43,CDMX,2024-10-07 15:56:02.340585152,Basico,,Uso medio,Adulto
13692,3,3,14.37,Mateo,Garcia,19,MTY,2024-10-07 22:30:20.255063776,Basico,,Bajo uso,Joven
13693,11,4,18.58,Mateo,Ramirez,62,Bogotá,2024-10-08 05:04:38.169542384,Basico,,Alto uso,Adulto Mayor
13694,6,5,54.69,Sofia,Garcia,78,GDL,2024-10-08 11:38:56.084021008,Premium,,Uso medio,Adulto Mayor
13695,5,8,38.75,Mariana,Lopez,30,,2024-10-08 18:13:13.998499632,Premium,,Uso medio,Adulto
13696,5,0,0.0,Carlos,Ramirez,68,Cali,2024-10-09 00:47:31.912978256,Premium,,Uso medio,Adulto Mayor
13697,3,4,20.919999999999998,Ana,Lopez,67,Bogotá,2024-10-09 07:21:49.827456864,Basico,,Bajo uso,Adulto Mayor
13698,6,6,57.269999999999996,Mateo,Lopez,77,Medellín,2024-10-09 13:56:07.741935488,Premium,,Uso medio,Adulto Mayor
13699,6,5,19.07,Mariana,Ramirez,36,MTY,2024-10-09 20:30:25.656414112,Basico,,Uso medio,Adulto
13700,9,9,42.14,Carlos,Gomez,18,CDMX,2024-10-10 03:04:43.570892736,Premium,,Uso medio,Joven
13701,8,3,7.949999999999999,Mateo,Ramirez,57,,2024-10-10 09:39:01.485371344,Premium,,Uso medio,Adulto
13702,7,6,8.709999999999999,Mateo,Gomez,49,CDMX,2024-10-10 16:13:19.399849968,Basico,,Uso medio,Adulto
13703,6,5,22.89,Ana,Garcia,39,,2024-10-10 22:47:37.314328592,Basico,,Uso medio,Adulto
13704,7,3,16.849999999999998,Ana,Garcia,65,Bogotá,2024-10-11 05:21:55.228807200,Basico,"1,71971E+18",Uso medio,Adulto Mayor
13705,4,4,38.56,Mateo,Ramirez,46,MTY,2024-10-11 11:56:13.143285824,Basico,"1,7229E+18",Bajo uso,Adulto
13706,4,2,29.61,Luis,Garcia,19,Bogotá,2024-10-11 18:30:31.057764448,Basico,,Bajo uso,Joven
13707,4,8,46.199999999999996,Mateo,Torres,57,Bogotá,2024-10-12 01:04:48.972243072,Premium,"1,71919E+18",Uso medio,Adulto
13708,3,6,29.72,Mariana,Lopez,55,CDMX,2024-10-12 07:39:06.886721680,Basico,"1,72584E+18",Uso medio,Adulto
13709,1,6,22.35,Mateo,Lopez,65,MTY,2024-10-12 14:13:24.801200304,Basico,,Uso medio,Adulto Mayor
13710,4,2,7.73,Sofia,Gomez,72,Medellín,2024-10-12 20:47:42.715678928,Premium,,Bajo uso,Adulto Mayor
13711,5,3,16.29,Sofia,Garcia,28,Bogotá,2024-10-13 03:22:00.630157552,Premium,,Uso medio,Joven
13712,11,3,10.530000000000001,Sofia,Gomez,34,GDL,2024-10-13 09:56:18.544636160,Basico,,Alto uso,Adulto
13713,4,3,19.83,Luis,Lopez,72,MTY,2024-10-13 16:30:36.459114784,Basico,,Bajo uso,Adulto Mayor
13714,4,6,12.55,Luis,Lopez,68,,2024-10-13 23:04:54.373593408,Basico,,Uso medio,Adulto Mayor
13715,3,7,35.68,Mateo,Garcia,60,Bogotá,2024-10-14 05:39:12.288072016,Basico,,Uso medio,Adulto Mayor
13716,5,3,19.59,Sofia,Torres,77,Bogotá,2024-10-14 12:13:30.202550640,Basico,,Uso medio,Adulto Mayor
13717,4,3,21.17,Luis,Torres,25,,2024-10-14 18:47:48.117029264,Basico,,Bajo uso,Joven
13718,2,3,12.74,Ana,Garcia,39,MTY,2024-10-15 01:22:06.031507888,Basico,,Bajo uso,Adulto
13719,3,5,34.59,Mateo,Garcia,21,Bogotá,2024-10-15 07:56:23.945986496,Basico,,Uso medio,Joven
13720,8,4,20.6,Mariana,Gomez,28,Cali,2024-10-15 14:30:41.860465120,Basico,,Uso medio,Joven
13721,10,5,45.54,Carlos,Garcia,25,Cali,2024-10-15 21:04:59.774943744,Basico,,Alto uso,Joven
13722,3,2,7.26,Mateo,Torres,26,GDL,2024-10-16 03:39:17.689422368,Basico,,Bajo uso,Joven
13723,5,3,8.790000000000001,Carlos,Garcia,43,CDMX,2024-10-16 10:13:35.603900976,Basico,,Uso medio,Adulto
13724,5,4,15.64,Sofia,Gomez,19,Medellín,2024-10-16 16:47:53.518379600,Basico,,Uso medio,Joven
13725,5,6,18.74,Carlos,Gomez,33,GDL,2024-10-16 23:22:11.432858224,Premium,,Uso medio,Adulto
13726,7,6,15.2,Sofia,Gomez,48,,2024-10-17 05:56:29.347336832,Basico,,Uso medio,Adulto
13727,5,6,29.950000000000003,Ana,Gomez,23,CDMX,2024-10-17 12:30:47.261815456,Premium,,Uso medio,Joven
13728,8,4,28.56,Carlos,Ramirez,70,MTY,2024-10-17 19:05:05.176294080,Basico,,Uso medio,Adulto Mayor
13729,7,6,24.35,Mateo,Garcia,38,CDMX,2024-10-18 01:39:23.090772704,Basico,,Uso medio,Adulto
13730,4,2,2.37,Sofia,Lopez,43,Medellín,2024-10-18 08:13:41.005251312,Basico,,Bajo uso,Adulto
13731,4,6,32.32,Mateo,Garcia,76,,2024-10-18 14:47:58.919729936,Basico,,Uso medio,Adulto Mayor
13732,9,9,50.44,Luis,Ramirez,36,Medellín,2024-10-18 21:22:16.834208560,Premium,,Uso medio,Adulto
13733,3,4,17.77,Sofia,Gomez,45,,2024-10-19 03:56:34.748687184,Basico,,Bajo uso,Adulto
13734,9,6,64.77,Carlos,Ramirez,25,CDMX,2024-10-19 10:30:52.663165792,Basico,,Uso medio,Joven
13735,8,5,16.35,Sofia,Torres,31,CDMX,2024-10-19 17:05:10.577644416,Basico,,Uso medio,Adulto
13736,6,4,2.2800000000000002,Mateo,Torres,41,Cali,2024-10-19 23:39:28.492123040,Premium,"1,72895E+18",Uso medio,Adulto
13737,3,5,51.96,Ana,Garcia,65,,2024-10-20 06:13:46.406601648,Premium,,Uso medio,Adulto Mayor
13738,5,5,20.18,Sofia,Garcia,61,Cali,2024-10-20 12:48:04.321080272,Premium,,Uso medio,Adulto Mayor
13739,7,8,36.58,Carlos,Lopez,54,Cali,2024-10-20 19:22:22.235558896,Basico,,Uso medio,Adulto
13740,6,5,9.8,Luis,Lopez,73,MTY,2024-10-21 01:56:40.150037520,Premium,,Uso medio,Adulto Mayor
13741,7,4,12.14,Mariana,Torres,43,GDL,2024-10-21 08:30:58.064516128,Premium,,Uso medio,Adulto
13742,10,5,25.75,Ana,Gomez,48,,2024-10-21 15:05:15.978994752,Basico,,Alto uso,Adulto
13743,3,8,36.58,Luis,Ramirez,73,MTY,2024-10-21 21:39:33.893473376,Basico,,Uso medio,Adulto Mayor
13744,5,1,7.77,Sofia,Lopez,68,MTY,2024-10-22 04:13:51.807952000,Basico,,Uso medio,Adulto Mayor
13745,8,9,48.36,Mateo,Lopez,49,Medellín,2024-10-22 10:48:09.722430608,Basico,,Uso medio,Adulto
13746,3,0,0.0,Mateo,Gomez,67,GDL,2024-10-22 17:22:27.636909232,Basico,,Bajo uso,Adulto Mayor
13747,3,3,10.22,Carlos,Gomez,58,Cali,2024-10-22 23:56:45.551387856,Basico,,Bajo uso,Adulto
13748,4,2,5.56,Mateo,Garcia,19,CDMX,2024-10-23 06:31:03.465866464,Premium,,Bajo uso,Joven
13749,5,6,37.33,Ana,Ramirez,42,Cali,2024-10-23 13:05:21.380345088,Basico,,Uso medio,Adulto
13750,3,6,49.71,Mateo,Gomez,69,Medellín,2024-10-23 19:39:39.294823712,Premium,,Uso medio,Adulto Mayor
13751,6,5,23.46,Carlos,Lopez,61,Bogotá,2024-10-24 02:13:57.209302336,Basico,,Uso medio,Adulto Mayor
13752,9,4,3.68,Mariana,Lopez,78,Bogotá,2024-10-24 08:48:15.123780944,Premium,,Uso medio,Adulto Mayor
13753,6,2,14.01,Sofia,Torres,19,GDL,2024-10-24 15:22:33.038259568,Basico,,Uso medio,Joven
13754,5,2,5.65,Sofia,Gomez,59,Bogotá,2024-10-24 21:56:50.952738192,Basico,,Uso medio,Adulto
13755,9,3,26.13,Mateo,Garcia,18,Bogotá,2024-10-25 04:31:08.867216816,Basico,,Uso medio,Joven
13756,6,5,10.99,Luis,Ramirez,53,Bogotá,2024-10-25 11:05:26.781695424,Basico,,Uso medio,Adulto
13757,10,6,42.74,Sofia,Garcia,74,GDL,2024-10-25 17:39:44.696174048,Premium,,Alto uso,Adulto Mayor
13758,7,5,49.23,Mariana,Lopez,29,CDMX,2024-10-26 00:14:02.610652672,Basico,,Uso medio,Joven
13759,6,1,1.24,Mateo,Garcia,26,CDMX,2024-10-26 06:48:20.525131280,Basico,,Uso medio,Joven
13760,5,4,16.919999999999998,Carlos,Lopez,53,Medellín,2024-10-26 13:22:38.439609904,Basico,,Uso medio,Adulto
13761,4,4,17.240000000000002,Mariana,Lopez,58,CDMX,2024-10-26 19:56:56.354088528,Premium,,Bajo uso,Adulto
13762,6,7,17.97,Mateo,Lopez,47,,2024-10-27 02:31:14.268567152,Basico,,Uso medio,Adulto
13763,6,4,29.169999999999998,Mariana,Lopez,45,Medellín,2024-10-27 09:05:32.183045760,Basico,,Uso medio,Adulto
13764,3,4,17.68,Sofia,Lopez,55,Cali,2024-10-27 15:39:50.097524384,Basico,,Bajo uso,Adulto
13765,6,4,38.2,Carlos,Torres,50,Cali,2024-10-27 22:14:08.012003008,Basico,,Uso medio,Adulto
13766,6,2,34.16,Mateo,Garcia,59,CDMX,2024-10-28 04:48:25.926481632,Premium,,Uso medio,Adulto
13767,3,4,16.65,Ana,Torres,78,Cali,2024-10-28 11:22:43.840960240,Basico,,Bajo uso,Adulto Mayor
13768,2,10,50.95,Carlos,Torres,63,Bogotá,2024-10-28 17:57:01.755438864,Premium,"1,71876E+18",Alto uso,Adulto Mayor
13769,5,5,20.2,Ana,Gomez,39,,2024-10-29 00:31:19.669917488,Basico,,Uso medio,Adulto
13770,5,5,26.98,Mariana,Gomez,42,,2024-10-29 07:05:37.584396112,Basico,,Uso medio,Adulto
13771,8,3,8.77,Luis,Gomez,78,CDMX,2024-10-29 13:39:55.498874720,Basico,,Uso medio,Adulto Mayor
13772,14,8,38.59,Carlos,Ramirez,35,MTY,2024-10-29 20:14:13.413353344,Basico,,Alto uso,Adulto
13773,7,4,9.59,Mariana,Gomez,23,Bogotá,2024-10-30 02:48:31.327831968,Basico,,Uso medio,Joven
13774,7,4,22.42,Ana,Garcia,35,Medellín,2024-10-30 09:22:49.242310576,Basico,,Uso medio,Adulto
13775,7,3,13.2,Sofia,Torres,69,GDL,2024-10-30 15:57:07.156789200,Basico,,Uso medio,Adulto Mayor
13776,2,5,17.96,Sofia,Garcia,33,GDL,2024-10-30 22:31:25.071267824,Basico,,Uso medio,Adulto
13777,8,4,35.980000000000004,Luis,Gomez,32,MTY,2024-10-31 05:05:42.985746448,Basico,,Uso medio,Adulto
13778,6,9,57.47,Carlos,Ramirez,65,Bogotá,2024-10-31 11:40:00.900225056,Premium,,Uso medio,Adulto Mayor
13779,5,4,4.5600000000000005,Carlos,Ramirez,25,,2024-10-31 18:14:18.814703680,Premium,,Uso medio,Joven
13780,8,2,4.45,Carlos,Torres,30,Cali,2024-11-01 00:48:36.729182304,Basico,,Uso medio,Adulto
13781,4,4,15.6,Mariana,Garcia,72,Bogotá,2024-11-01 07:22:54.643660928,Basico,,Bajo uso,Adulto Mayor
13782,7,5,29.459999999999997,Luis,Lopez,60,CDMX,2024-11-01 13:57:12.558139536,Basico,,Uso medio,Adulto Mayor
13783,8,1,1.44,Carlos,Garcia,77,CDMX,2024-11-01 20:31:30.472618160,Premium,"1,7331E+18",Uso medio,Adulto Mayor
13784,7,6,20.24,Mariana,Gomez,78,Bogotá,2024-11-02 03:05:48.387096784,Premium,,Uso medio,Adulto Mayor
13785,5,10,52.84,Sofia,Lopez,74,Cali,2024-11-02 09:40:06.301575392,Basico,,Alto uso,Adulto Mayor
13786,4,6,18.55,Ana,Ramirez,24,MTY,2024-11-02 16:14:24.216054016,Basico,,Uso medio,Joven
13787,2,4,8.25,Mariana,Torres,34,Bogotá,2024-11-02 22:48:42.130532640,Basico,,Bajo uso,Adulto
13788,2,5,14.84,Sofia,Torres,67,,2024-11-03 05:23:00.045011264,Basico,,Uso medio,Adulto Mayor
13789,4,3,12.01,Sofia,Ramirez,49,,2024-11-03 11:57:17.959489872,Premium,,Bajo uso,Adulto
13790,10,4,23.5,Ana,Gomez,39,GDL,2024-11-03 18:31:35.873968496,Basico,,Alto uso,Adulto
13791,6,3,6.91,Sofia,Ramirez,72,CDMX,2024-11-04 01:05:53.788447120,Premium,,Uso medio,Adulto Mayor
13792,5,5,29.520000000000003,Luis,Gomez,68,MTY,2024-11-04 07:40:11.702925744,Basico,,Uso medio,Adulto Mayor
13793,7,2,19.61,Ana,Lopez,74,Medellín,2024-11-04 14:14:29.617404352,Basico,,Uso medio,Adulto Mayor
13794,10,5,20.28,Sofia,Ramirez,30,,2024-11-04 20:48:47.531882976,Basico,,Alto uso,Adulto
13795,10,3,10.719999999999999,Mateo,Gomez,64,CDMX,2024-11-05 03:23:05.446361600,Basico,"1,7274E+18",Alto uso,Adulto Mayor
13796,3,4,5.01,Mariana,Lopez,40,CDMX,2024-11-05 09:57:23.360840208,Premium,,Bajo uso,Adulto
13797,6,5,39.94,Sofia,Ramirez,79,,2024-11-05 16:31:41.275318832,Basico,,Uso medio,Adulto Mayor
13798,2,4,21.58,Luis,Torres,71,Medellín,2024-11-05 23:05:59.189797456,Basico,,Bajo uso,Adulto Mayor
13799,5,3,7.470000000000001,Carlos,Ramirez,46,,2024-11-06 05:40:17.104276080,Premium,,Uso medio,Adulto
13800,4,5,21.67,Sofia,Garcia,39,MTY,2024-11-06 12:14:35.018754688,Basico,,Uso medio,Adulto
13801,4,4,15.0,Carlos,Ramirez,18,Bogotá,2024-11-06 18:48:52.933233312,Basico,,Bajo uso,Joven
13802,8,4,22.09,Mateo,Garcia,46,CDMX,2024-11-07 01:23:10.847711936,Premium,"1,71962E+18",Uso medio,Adulto
13803,1,4,16.83,Sofia,Lopez,65,CDMX,2024-11-07 07:57:28.762190560,Basico,"1,72904E+18",Bajo uso,Adulto Mayor
13804,5,4,24.11,Ana,Ramirez,22,Bogotá,2024-11-07 14:31:46.676669168,Basico,,Uso medio,Joven
13805,5,5,37.06,Carlos,Lopez,75,MTY,2024-11-07 21:06:04.591147792,Premium,,Uso medio,Adulto Mayor
13806,6,3,14.04,Mateo,Lopez,52,CDMX,2024-11-08 03:40:22.505626416,Basico,"1,71824E+18",Uso medio,Adulto
13807,4,5,18.7,Ana,Gomez,72,,2024-11-08 10:14:40.420105024,Basico,,Uso medio,Adulto Mayor
13808,5,7,26.96,Ana,Lopez,27,GDL,2024-11-08 16:48:58.334583648,Basico,,Uso medio,Joven
13809,5,2,4.859999999999999,Ana,Lopez,36,Medellín,2024-11-08 23:23:16.249062272,Basico,,Uso medio,Adulto
13810,6,2,8.129999999999999,Ana,Ramirez,54,GDL,2024-11-09 05:57:34.163540896,Premium,,Uso medio,Adulto
13811,6,4,49.51,Sofia,Ramirez,24,Cali,2024-11-09 12:31:52.078019504,Basico,,Uso medio,Joven
13812,8,6,16.06,Mariana,Torres,63,CDMX,2024-11-09 19:06:09.992498128,Basico,"1,72843E+18",Uso medio,Adulto Mayor
13813,7,6,27.67,Sofia,Gomez,52,Cali,2024-11-10 01:40:27.906976752,Basico,,Uso medio,Adulto
13814,8,4,15.98,Sofia,Lopez,62,CDMX,2024-11-10 08:14:45.821455376,Basico,,Uso medio,Adulto Mayor
13815,6,2,4.14,Mateo,Gomez,30,Bogotá,2024-11-10 14:49:03.735933984,Basico,,Uso medio,Adulto
13816,8,6,52.050000000000004,Mateo,Garcia,27,Medellín,2024-11-10 21:23:21.650412608,Basico,,Uso medio,Joven
13817,6,7,46.910000000000004,Mariana,Lopez,19,CDMX,2024-11-11 03:57:39.564891232,Premium,,Uso medio,Joven
13818,6,3,27.47,Mateo,Gomez,23,GDL,2024-11-11 10:31:57.479369840,Basico,,Uso medio,Joven
13819,16,11,47.8,Luis,Torres,25,,2024-11-11 17:06:15.393848464,Premium,,Alto uso,Joven
13820,6,5,17.490000000000002,Mariana,Torres,53,,2024-11-11 23:40:33.308327088,Basico,,Uso medio,Adulto
13821,8,3,6.36,Mateo,Lopez,42,CDMX,2024-11-12 06:14:51.222805712,Basico,,Uso medio,Adulto
13822,6,3,22.619999999999997,Mariana,Garcia,61,CDMX,2024-11-12 12:49:09.137284320,Basico,,Uso medio,Adulto Mayor
13823,8,3,16.619999999999997,Sofia,Torres,77,CDMX,2024-11-12 19:23:27.051762944,Basico,"1,72817E+18",Uso medio,Adulto Mayor
13824,9,6,17.650000000000002,Sofia,Torres,64,CDMX,2024-11-13 01:57:44.966241568,Basico,,Uso medio,Adulto Mayor
13825,6,4,18.08,Mariana,Garcia,57,,2024-11-13 08:32:02.880720192,Basico,,Uso medio,Adulto
13826,6,7,42.75,Luis,Gomez,24,Bogotá,2024-11-13 15:06:20.795198800,Basico,,Uso medio,Joven
13827,1,4,11.45,Luis,Torres,63,Bogotá,2024-11-13 21:40:38.709677424,Premium,,Bajo uso,Adulto Mayor
13828,3,3,12.84,Mariana,Ramirez,40,,2024-11-14 04:14:56.624156048,Basico,,Bajo uso,Adulto
13829,7,2,27.26,Mateo,Torres,36,Bogotá,2024-11-14 10:49:14.538634656,Premium,,Uso medio,Adulto
13830,7,4,14.81,Carlos,Gomez,63,Medellín,2024-11-14 17:23:32.453113280,Basico,,Uso medio,Adulto Mayor
13831,5,6,34.82,Luis,Gomez,39,MTY,2024-11-14 23:57:50.367591904,Premium,,Uso medio,Adulto
13832,6,4,5.84,Ana,Lopez,30,MTY,2024-11-15 06:32:08.282070528,Basico,,Uso medio,Adulto
13833,6,6,23.8,Sofia,Ramirez,78,Bogotá,2024-11-15 13:06:26.196549136,Premium,,Uso medio,Adulto Mayor
13834,3,3,30.82,Mariana,Gomez,38,CDMX,2024-11-15 19:40:44.111027760,Basico,,Bajo uso,Adulto
13835,5,3,13.280000000000001,Ana,Garcia,18,GDL,2024-11-16 02:15:02.025506384,Basico,,Uso medio,Joven
13836,3,3,2.1599999999999997,Mariana,Ramirez,76,GDL,2024-11-16 08:49:19.939985008,Premium,,Bajo uso,Adulto Mayor
13837,6,4,20.96,Sofia,Ramirez,36,CDMX,2024-11-16 15:23:37.854463616,Basico,,Uso medio,Adulto
13838,8,5,26.52,Sofia,Garcia,78,Bogotá,2024-11-16 21:57:55.768942240,Basico,,Uso medio,Adulto Mayor
13839,8,5,31.51,Luis,Torres,77,Bogotá,2024-11-17 04:32:13.683420864,Premium,,Uso medio,Adulto Mayor
13840,5,3,12.14,Luis,Garcia,50,MTY,2024-11-17 11:06:31.597899488,Basico,,Uso medio,Adulto
13841,4,4,24.35,Ana,Garcia,21,GDL,2024-11-17 17:40:49.512378096,Basico,,Bajo uso,Joven
13842,3,5,21.71,Mariana,Torres,59,Medellín,2024-11-18 00:15:07.426856720,Basico,,Uso medio,Adulto
13843,6,7,15.620000000000001,Sofia,Torres,20,CDMX,2024-11-18 06:49:25.341335344,Premium,,Uso medio,Joven
13844,4,5,49.35,Ana,Torres,44,Bogotá,2024-11-18 13:23:43.255813952,Basico,,Uso medio,Adulto
13845,5,4,12.700000000000001,Carlos,Torres,69,Cali,2024-11-18 19:58:01.170292576,Premium,,Uso medio,Adulto Mayor
13846,9,5,32.519999999999996,Ana,Torres,58,CDMX,2024-11-19 02:32:19.084771200,Premium,,Uso medio,Adulto
13847,5,3,13.36,Mateo,Garcia,52,Cali,2024-11-19 09:06:36.999249824,Premium,,Uso medio,Adulto
13848,7,6,36.02,Ana,Lopez,45,Cali,2024-11-19 15:40:54.913728432,Basico,,Uso medio,Adulto
13849,6,5,14.350000000000001,Mateo,Lopez,23,CDMX,2024-11-19 22:15:12.828207056,Premium,,Uso medio,Joven
13850,7,4,142.84,Mateo,Gomez,23,CDMX,2024-11-20 04:49:30.742685680,Basico,,Uso medio,Joven
13851,10,3,16.18,Mateo,Lopez,72,,2024-11-20 11:23:48.657164304,Premium,,Alto uso,Adulto Mayor
13852,9,3,20.16,Carlos,Lopez,74,GDL,2024-11-20 17:58:06.571642912,Basico,,Uso medio,Adulto Mayor
13853,6,6,30.689999999999998,Ana,Garcia,61,Cali,2024-11-21 00:32:24.486121536,Premium,,Uso medio,Adulto Mayor
13854,9,9,55.88,Ana,Torres,40,Bogotá,2024-11-21 07:06:42.400600160,Basico,,Uso medio,Adulto
13855,4,4,9.06,Carlos,Torres,79,GDL,2024-11-21 13:41:00.315078768,Basico,,Bajo uso,Adulto Mayor
13856,4,4,31.990000000000002,Sofia,Garcia,50,CDMX,2024-11-21 20:15:18.229557392,Basico,,Bajo uso,Adulto
13857,4,1,7.03,Luis,Lopez,33,Bogotá,2024-11-22 02:49:36.144036016,Basico,,Bajo uso,Adulto
13858,7,5,33.49,Ana,Garcia,47,Bogotá,2024-11-22 09:23:54.058514640,Basico,,Uso medio,Adulto
13859,4,5,36.64,Luis,Gomez,41,Medellín,2024-11-22 15:58:11.972993248,Basico,,Uso medio,Adulto
13860,6,7,34.73,Mariana,Torres,22,,2024-11-22 22:32:29.887471872,Basico,,Uso medio,Joven
13861,5,4,32.85,Mariana,Ramirez,58,Cali,2024-11-23 05:06:47.801950496,Basico,,Uso medio,Adulto
13862,8,11,33.66,Carlos,Gomez,59,GDL,2024-11-23 11:41:05.716429120,Basico,,Alto uso,Adulto
13863,6,3,6.98,Mariana,Gomez,30,,2024-11-23 18:15:23.630907728,Basico,,Uso medio,Adulto
13864,7,1,5.05,Mariana,Garcia,64,Cali,2024-11-24 00:49:41.545386352,Premium,,Uso medio,Adulto Mayor
13865,5,6,48.35,Sofia,Lopez,29,,2024-11-24 07:23:59.459864976,Premium,,Uso medio,Joven
13866,11,4,15.29,Sofia,Torres,22,Bogotá,2024-11-24 13:58:17.374343584,Basico,,Alto uso,Joven
13867,1,4,20.74,Sofia,Ramirez,54,Cali,2024-11-24 20:32:35.288822208,Basico,,Bajo uso,Adulto
13868,2,3,17.189999999999998,Mariana,Gomez,48,Bogotá,2024-11-25 03:06:53.203300832,Basico,"1,72212E+18",Bajo uso,Adulto
13869,6,8,34.37,Carlos,Ramirez,45,MTY,2024-11-25 09:41:11.117779456,Premium,,Uso medio,Adulto
13870,5,4,37.870000000000005,Mateo,Lopez,45,,2024-11-25 16:15:29.032258064,Premium,,Uso medio,Adulto
13871,6,6,16.23,Mateo,Lopez,47,CDMX,2024-11-25 22:49:46.946736688,Basico,"1,73344E+18",Uso medio,Adulto
13872,6,2,10.11,Luis,Ramirez,35,CDMX,2024-11-26 05:24:04.861215312,Basico,"1,71876E+18",Uso medio,Adulto
13873,14,4,24.2,Mateo,Torres,61,,2024-11-26 11:58:22.775693936,Premium,"1,71953E+18",Alto uso,Adulto Mayor
13874,3,5,25.92,Mateo,Lopez,44,CDMX,2024-11-26 18:32:40.690172544,Basico,,Uso medio,Adulto
13875,7,3,18.76,Sofia,Ramirez,52,,2024-11-27 01:06:58.604651168,Basico,"1,721E+18",Uso medio,Adulto
13876,6,4,21.53,Sofia,Gomez,43,Medellín,2024-11-27 07:41:16.519129792,Basico,,Uso medio,Adulto
13877,6,2,4.11,Mariana,Ramirez,74,CDMX,2024-11-27 14:15:34.433608400,Basico,,Uso medio,Adulto Mayor
13878,8,4,21.96,Luis,Ramirez,56,Bogotá,2024-11-27 20:49:52.348087024,Basico,,Uso medio,Adulto
13879,5,2,15.96,Ana,Garcia,66,Cali,2024-11-28 03:24:10.262565648,Premium,"1,73362E+18",Uso medio,Adulto Mayor
13880,6,4,38.33,Luis,Lopez,68,Bogotá,2024-11-28 09:58:28.177044272,Premium,,Uso medio,Adulto Mayor
13881,7,7,24.0,Luis,Torres,77,,2024-11-28 16:32:46.091522880,Basico,,Uso medio,Adulto Mayor
13882,4,4,13.16,Carlos,Torres,35,,2024-11-28 23:07:04.006001504,Premium,,Bajo uso,Adulto
13883,1,2,1.95,Mariana,Garcia,50,MTY,2024-11-29 05:41:21.920480128,Premium,,Bajo uso,Adulto
13884,5,9,22.34,Carlos,Torres,42,CDMX,2024-11-29 12:15:39.834958752,Basico,,Uso medio,Adulto
13885,3,5,25.72,Luis,Ramirez,73,,2024-11-29 18:49:57.749437360,Premium,,Uso medio,Adulto Mayor
13886,4,9,30.46,Luis,Garcia,48,Bogotá,2024-11-30 01:24:15.663915984,Premium,,Uso medio,Adulto
13887,4,3,5.1899999999999995,Luis,Gomez,54,CDMX,2024-11-30 07:58:33.578394608,Basico,,Bajo uso,Adulto
13888,2,2,12.760000000000002,Mateo,Lopez,76,Cali,2024-11-30 14:32:51.492873216,Premium,,Bajo uso,Adulto Mayor
13889,8,6,37.12,Carlos,Lopez,77,,2024-11-30 21:07:09.407351840,Premium,,Uso medio,Adulto Mayor
13890,9,3,9.56,Luis,Lopez,19,Medellín,2024-12-01 03:41:27.321830464,Premium,,Uso medio,Joven
13891,7,5,38.39,Sofia,Ramirez,50,Bogotá,2024-12-01 10:15:45.236309088,Premium,,Uso medio,Adulto
13892,7,6,26.89,Mariana,Gomez,56,Medellín,2024-12-01 16:50:03.150787696,Basico,"1,72403E+18",Uso medio,Adulto
13893,12,6,37.1,Mariana,Garcia,78,Medellín,2024-12-01 23:24:21.065266320,Premium,,Alto uso,Adulto Mayor
13894,5,6,9.48,Sofia,Garcia,60,,2024-12-02 05:58:38.979744944,Premium,,Uso medio,Adulto Mayor
13895,4,4,15.25,Mariana,Lopez,60,,2024-12-02 12:32:56.894223568,Basico,"1,72636E+18",Bajo uso,Adulto Mayor
13896,7,1,1.66,Mateo,Gomez,47,Bogotá,2024-12-02 19:07:14.808702176,Basico,,Uso medio,Adulto
13897,8,4,36.42,Mateo,Gomez,49,Cali,2024-12-03 01:41:32.723180800,Premium,,Uso medio,Adulto
13898,1,3,12.8,Ana,Gomez,35,,2024-12-03 08:15:50.637659424,Basico,,Bajo uso,Adulto
13899,4,4,20.66,Ana,Torres,34,CDMX,2024-12-03 14:50:08.552138032,Premium,,Bajo uso,Adulto
13900,5,6,62.12,Ana,Torres,51,CDMX,2024-12-03 21:24:26.466616656,Premium,,Uso medio,Adulto
13901,9,8,31.89,Mariana,Lopez,56,,2024-12-04 03:58:44.381095280,Basico,,Uso medio,Adulto
13902,3,4,18.43,Mateo,Gomez,24,GDL,2024-12-04 10:33:02.295573904,Basico,,Bajo uso,Joven
13903,4,1,1.11,Mateo,Gomez,59,CDMX,2024-12-04 17:07:20.210052512,Basico,,Bajo uso,Adulto
13904,9,7,59.2,Mateo,Garcia,71,CDMX,2024-12-04 23:41:38.124531136,Basico,,Uso medio,Adulto Mayor
13905,7,6,36.33,Sofia,Garcia,70,MTY,2024-12-05 06:15:56.039009760,Premium,,Uso medio,Adulto Mayor
13906,8,4,11.879999999999999,Mateo,Lopez,52,GDL,2024-12-05 12:50:13.953488384,Basico,,Uso medio,Adulto
13907,7,2,4.609999999999999,Sofia,Gomez,47,MTY,2024-12-05 19:24:31.867966992,Basico,,Uso medio,Adulto
13908,5,7,27.52,Ana,Lopez,29,,2024-12-06 01:58:49.782445616,Basico,,Uso medio,Joven
13909,7,4,8.83,Ana,Garcia,52,Medellín,2024-12-06 08:33:07.696924240,Premium,,Uso medio,Adulto
13910,7,3,36.28,Mariana,Garcia,28,Medellín,2024-12-06 15:07:25.611402848,Basico,,Uso medio,Joven
13911,2,5,29.0,Ana,Torres,78,CDMX,2024-12-06 21:41:43.525881472,Premium,,Uso medio,Adulto Mayor
13912,4,2,16.5,Mariana,Lopez,61,Medellín,2024-12-07 04:16:01.440360096,Basico,,Bajo uso,Adulto Mayor
13913,2,6,26.119999999999997,Luis,Lopez,74,Medellín,2024-12-07 10:50:19.354838720,Premium,,Uso medio,Adulto Mayor
13914,3,9,31.35,Luis,Gomez,21,Medellín,2024-12-07 17:24:37.269317328,Basico,,Uso medio,Joven
13915,1,6,23.779999999999998,Carlos,Gomez,42,GDL,2024-12-07 23:58:55.183795952,Basico,,Uso medio,Adulto
13916,6,3,9.24,Mariana,Torres,65,Bogotá,2024-12-08 06:33:13.098274576,Premium,,Uso medio,Adulto Mayor
13917,5,2,10.23,Carlos,Ramirez,49,Cali,2024-12-08 13:07:31.012753200,Basico,,Uso medio,Adulto
13918,1,3,15.22,Carlos,Ramirez,37,Medellín,2024-12-08 19:41:48.927231808,Basico,,Bajo uso,Adulto
13919,12,3,7.26,Luis,Ramirez,67,Medellín,2024-12-09 02:16:06.841710432,Premium,,Alto uso,Adulto Mayor
13920,4,5,132.72,Mariana,Lopez,48,Bogotá,2024-12-09 08:50:24.756189056,Premium,,Uso medio,Adulto
13921,9,2,9.61,Luis,Lopez,21,Bogotá,2024-12-09 15:24:42.670667680,Basico,,Uso medio,Joven
13922,1,6,39.72,Carlos,Garcia,71,Cali,2024-12-09 21:59:00.585146288,Basico,,Uso medio,Adulto Mayor
13923,1,1,7.94,Mariana,Lopez,55,CDMX,2024-12-10 04:33:18.499624912,Premium,,Bajo uso,Adulto
13924,3,2,11.100000000000001,Carlos,Lopez,70,Medellín,2024-12-10 11:07:36.414103536,Premium,,Bajo uso,Adulto Mayor
13925,11,4,22.09,Mateo,Lopez,47,,2024-12-10 17:41:54.328582144,Basico,,Alto uso,Adulto
13926,6,6,16.4,Mariana,Torres,64,Cali,2024-12-11 00:16:12.243060768,Basico,,Uso medio,Adulto Mayor
13927,8,4,135.96,Mariana,Lopez,18,GDL,2024-12-11 06:50:30.157539392,Basico,"1,72549E+18",Uso medio,Joven
13928,5,3,7.41,Carlos,Gomez,20,GDL,2024-12-11 13:24:48.072018016,Premium,,Uso medio,Joven
13929,3,2,9.29,Mateo,Gomez,54,Medellín,2024-12-11 19:59:05.986496624,Basico,,Bajo uso,Adulto
13930,7,7,42.05,Sofia,Garcia,39,,2024-12-12 02:33:23.900975248,Premium,,Uso medio,Adulto
13931,6,3,25.06,Luis,Torres,79,Bogotá,2024-12-12 09:07:41.815453872,Basico,,Uso medio,Adulto Mayor
13932,11,3,5.6499999999999995,Carlos,Gomez,34,Bogotá,2024-12-12 15:41:59.729932496,Premium,,Alto uso,Adulto
13933,3,9,31.020000000000003,Mariana,Torres,79,CDMX,2024-12-12 22:16:17.644411104,Premium,,Uso medio,Adulto Mayor
13934,5,2,8.05,Luis,Torres,31,Medellín,2024-12-13 04:50:35.558889728,Basico,,Uso medio,Adulto
13935,5,8,19.63,Luis,Garcia,58,Medellín,2024-12-13 11:24:53.473368352,Basico,"1,73016E+18",Uso medio,Adulto
13936,3,4,12.27,Luis,Torres,79,,2024-12-13 17:59:11.387846960,Basico,,Bajo uso,Adulto Mayor
13937,8,2,16.54,Sofia,Lopez,52,MTY,2024-12-14 00:33:29.302325584,Premium,"1,72212E+18",Uso medio,Adulto
13938,2,2,11.129999999999999,Ana,Torres,75,Cali,2024-12-14 07:07:47.216804208,Basico,,Bajo uso,Adulto Mayor
13939,6,6,34.3,Carlos,Garcia,30,Bogotá,2024-12-14 13:42:05.131282832,Premium,,Uso medio,Adulto
13940,7,3,3.78,Ana,Garcia,52,Bogotá,2024-12-14 20:16:23.045761440,Premium,,Uso medio,Adulto
13941,5,4,12.620000000000001,Ana,Garcia,60,Cali,2024-12-15 02:50:40.960240064,Premium,,Uso medio,Adulto Mayor
13942,7,7,37.94,Ana,Gomez,19,GDL,2024-12-15 09:24:58.874718688,Premium,,Uso medio,Joven
13943,5,6,36.36,Luis,Lopez,73,MTY,2024-12-15 15:59:16.789197312,Basico,,Uso medio,Adulto Mayor
13944,7,8,46.47,Mateo,Gomez,64,Cali,2024-12-15 22:33:34.703675920,Premium,,Uso medio,Adulto Mayor
13945,7,3,133.97,Luis,Ramirez,30,Bogotá,2024-12-16 05:07:52.618154544,Basico,,Uso medio,Adulto
13946,6,6,26.85,Luis,Lopez,68,CDMX,2024-12-16 11:42:10.532633168,Basico,,Uso medio,Adulto Mayor
13947,5,4,21.630000000000003,Mariana,Torres,71,Bogotá,2024-12-16 18:16:28.447111776,Basico,"1,71858E+18",Uso medio,Adulto Mayor
13948,4,5,9.879999999999999,Mariana,Garcia,33,Bogotá,2024-12-17 00:50:46.361590400,Premium,,Uso medio,Adulto
13949,4,6,35.85,Ana,Ramirez,35,,2024-12-17 07:25:04.276069024,Premium,,Uso medio,Adulto
13950,3,5,25.94,Luis,Lopez,24,GDL,2024-12-17 13:59:22.190547648,Basico,,Uso medio,Joven
13951,9,6,18.73,Ana,Gomez,62,Cali,2024-12-17 20:33:40.105026256,Premium,,Uso medio,Adulto Mayor
13952,3,7,24.61,Mariana,Garcia,53,CDMX,2024-12-18 03:07:58.019504880,Premium,,Uso medio,Adulto
13953,0,7,155.69,Mateo,Gomez,58,GDL,2024-12-18 09:42:15.933983504,Basico,,Uso medio,Adulto
13954,6,4,25.29,Carlos,Lopez,47,GDL,2024-12-18 16:16:33.848462128,Premium,,Uso medio,Adulto
13955,3,6,45.89,Ana,Lopez,59,,2024-12-18 22:50:51.762940736,Basico,,Uso medio,Adulto
13956,5,1,4.07,Mateo,Ramirez,58,GDL,2024-12-19 05:25:09.677419360,Basico,,Uso medio,Adulto
13957,5,3,12.190000000000001,Carlos,Torres,24,Cali,2024-12-19 11:59:27.591897984,Premium,,Uso medio,Joven
13958,4,6,41.21,Sofia,Gomez,32,Bogotá,2024-12-19 18:33:45.506376592,Basico,,Uso medio,Adulto
13959,10,5,16.95,Ana,Ramirez,77,,2024-12-20 01:08:03.420855216,Basico,,Alto uso,Adulto Mayor
13960,5,5,18.009999999999998,Ana,Garcia,57,Cali,2024-12-20 07:42:21.335333840,Premium,,Uso medio,Adulto
13961,11,9,53.28,Sofia,Torres,36,Medellín,2024-12-20 14:16:39.249812464,Premium,,Alto uso,Adulto
13962,5,3,7.359999999999999,Sofia,Ramirez,60,,2024-12-20 20:50:57.164291072,Basico,"1,72238E+18",Uso medio,Adulto Mayor
13963,8,4,12.840000000000002,Ana,Gomez,54,Medellín,2024-12-21 03:25:15.078769696,Basico,,Uso medio,Adulto
13964,6,5,24.55,Sofia,Lopez,19,Cali,2024-12-21 09:59:32.993248320,Basico,,Uso medio,Joven
13965,5,1,12.32,Luis,Garcia,59,GDL,2024-12-21 16:33:50.907726944,Premium,,Uso medio,Adulto
13966,4,7,57.93,Carlos,Gomez,65,CDMX,2024-12-21 23:08:08.822205552,Basico,,Uso medio,Adulto Mayor
13967,9,10,71.75999999999999,Carlos,Torres,72,Medellín,2024-12-22 05:42:26.736684176,Basico,,Alto uso,Adulto Mayor
13968,8,4,26.990000000000002,Carlos,Torres,30,Bogotá,2024-12-22 12:16:44.651162800,Basico,,Uso medio,Adulto
13969,2,2,12.59,Luis,Lopez,57,Bogotá,2024-12-22 18:51:02.565641408,Basico,,Bajo uso,Adulto
13970,6,3,10.74,Sofia,Lopez,58,Bogotá,2024-12-23 01:25:20.480120032,Basico,,Uso medio,Adulto
13971,2,4,10.48,Mateo,Garcia,60,MTY,2024-12-23 07:59:38.394598656,Basico,,Bajo uso,Adulto Mayor
13972,3,6,44.62,Sofia,Garcia,60,Medellín,2024-12-23 14:33:56.309077280,Basico,,Uso medio,Adulto Mayor
13973,7,5,21.34,Ana,Lopez,72,CDMX,2024-12-23 21:08:14.223555888,Basico,,Uso medio,Adulto Mayor
13974,7,5,44.28,Mariana,Lopez,75,,2024-12-24 03:42:32.138034512,Basico,,Uso medio,Adulto Mayor
13975,6,4,7.390000000000001,Carlos,Torres,48,,2024-12-24 10:16:50.052513136,Basico,,Uso medio,Adulto
13976,5,4,17.5,Sofia,Lopez,33,,2024-12-24 16:51:07.966991760,Basico,,Uso medio,Adulto
13977,0,7,48.34,Mateo,Ramirez,59,MTY,2024-12-24 23:25:25.881470368,Basico,,Uso medio,Adulto
13978,3,9,54.3,Ana,Gomez,78,Bogotá,2024-12-25 05:59:43.795948992,Basico,"1,72264E+18",Uso medio,Adulto Mayor
13979,8,3,9.3,Luis,Lopez,73,,2024-12-25 12:34:01.710427616,Basico,"1,73508E+18",Uso medio,Adulto Mayor
13980,6,4,8.74,Luis,Garcia,61,,2024-12-25 19:08:19.624906224,Basico,,Uso medio,Adulto Mayor
13981,6,3,14.6,Mateo,Ramirez,74,Cali,2024-12-26 01:42:37.539384848,Basico,,Uso medio,Adulto Mayor
13982,6,5,19.28,Ana,Garcia,23,Bogotá,2024-12-26 08:16:55.453863472,Basico,,Uso medio,Joven
13983,6,3,8.9,Carlos,Ramirez,45,Bogotá,2024-12-26 14:51:13.368342096,Basico,,Uso medio,Adulto
13984,4,8,17.72,Sofia,Lopez,49,Cali,2024-12-26 21:25:31.282820704,Premium,,Uso medio,Adulto
13985,2,4,6.72,Ana,Gomez,61,GDL,2024-12-27 03:59:49.197299328,Basico,,Bajo uso,Adulto Mayor
13986,3,8,30.61,Luis,Garcia,27,Medellín,2024-12-27 10:34:07.111777952,Premium,"1,72636E+18",Uso medio,Joven
13987,3,8,33.230000000000004,Mateo,Ramirez,67,Cali,2024-12-27 17:08:25.026256576,Basico,,Uso medio,Adulto Mayor
13988,9,3,12.98,Mateo,Torres,35,Medellín,,Basico,,Uso medio,Adulto
13989,9,2,5.83,Sofia,Lopez,21,Bogotá,2024-12-28 06:17:00.855213808,Premium,,Uso medio,Joven
13990,5,7,29.560000000000002,Mateo,Gomez,47,Bogotá,2024-12-28 12:51:18.769692432,Basico,,Uso medio,Adulto
13991,3,4,12.700000000000001,Mateo,Lopez,26,,2024-12-28 19:25:36.684171056,Basico,,Bajo uso,Joven
13992,9,3,24.060000000000002,Ana,Torres,24,Medellín,2024-12-29 01:59:54.598649664,Premium,,Uso medio,Joven
13993,5,7,23.7,Carlos,Gomez,67,Cali,2024-12-29 08:34:12.513128288,Basico,"1,73172E+18",Uso medio,Adulto Mayor
13994,5,7,16.09,Sofia,Torres,25,Medellín,2024-12-29 15:08:30.427606912,Basico,"1,72109E+18",Uso medio,Joven
13995,6,3,21.24,Ana,Lopez,60,Medellín,2024-12-29 21:42:48.342085520,Basico,,Uso medio,Adulto Mayor
13996,4,3,2.8099999999999996,Carlos,Ramirez,24,Medellín,2024-12-30 04:17:06.256564144,Premium,,Bajo uso,Joven
13997,5,3,11.34,Ana,Lopez,58,Bogotá,2024-12-30 10:51:24.171042768,Premium,,Uso medio,Adulto
13998,6,6,22.95,Mariana,Lopez,57,Bogotá,2024-12-30 17:25:42.085521392,Basico,,Uso medio,Adulto
13999,3,6,26.459999999999997,Ana,Lopez,20,Bogotá,2024-12-31 00:00:00.000000000,Basico,,Uso medio,Joven
